element,sp_num,obs_wl_air(nm),unc_obs_wl,ritz_wl_air(nm),unc_ritz_wl,intens,Aki(s^-1),Acc,Ei(cm-1),Ek(cm-1),conf_i,term_i,J_i,conf_k,term_k,J_k,Type,tp_ref,line_ref,
C,1,"=""290.230""","=""0.008""","=""290.21958""","=""0.00003""","=""""","=""4.3e+05""",D,"=""71352.54344""","=""105799.119""","=""2s2.2p.3p""","=""3P""","=""0""","=""2s.2p3""","=""3S*""","=""1""",,"=""T5520LS""","=""L7393""",
C,1,"=""290.326""","=""0.008""","=""290.32403""","=""0.00003""","=""""","=""1.3e+06""",D,"=""71364.93596""","=""105799.119""","=""2s2.2p.3p""","=""3P""","=""1""","=""2s.2p3""","=""3S*""","=""1""",,"=""T5520LS""","=""L7393""",
C,2,"=""""","=""""","=""290.4629""","=""0.0005""","=""""","=""4.25e+06""",B,"=""186427.37""","=""220845.09""","=""2s.2p.(3P*).3p""","=""4P""","=""1/2""","=""2s.2p.(3P*).4d""","=""4P*""","=""1/2""",,"=""T5109LS""","=""""",
C,1,"=""290.495""","=""0.008""","=""290.49677""","=""0.00003""","=""""","=""2.2e+06""",D,"=""71385.40992""","=""105799.119""","=""2s2.2p.3p""","=""3P""","=""2""","=""2s.2p3""","=""3S*""","=""1""",,"=""T5520LS""","=""L7393""",
C,2,"=""290.5715""","=""0.0007""","=""290.5720""","=""0.0005""","=""26""","=""1.07e+07""",B,"=""186427.37""","=""220832.17""","=""2s.2p.(3P*).3p""","=""4P""","=""1/2""","=""2s.2p.(3P*).4d""","=""4P*""","=""3/2""",,"=""T5109LS""","=""L1176""",
C,2,"=""290.6011""","=""0.0007""","=""290.6009""","=""0.0005""","=""26""","=""2.13e+07""",B,"=""186443.71""","=""220845.09""","=""2s.2p.(3P*).3p""","=""4P""","=""3/2""","=""2s.2p.(3P*).4d""","=""4P*""","=""1/2""",,"=""T5109LS""","=""L1176""",
C,3,"=""""","=""""","=""290.674""","=""""","=""""","=""1.30e+07""",B,"=""346712.73""","=""381105.4""","=""1s2.2p.(2P*).3d""","=""1P*""","=""1""","=""1s2.2p.(2P*).4p""","=""1P""","=""1""",,"=""T5633""","=""""",
C,2,"=""290.7090""","=""0.0020""","=""290.7101""","=""0.0005""","=""25""","=""3.42e+06""",B,"=""186443.71""","=""220832.17""","=""2s.2p.(3P*).3p""","=""4P""","=""3/2""","=""2s.2p.(3P*).4d""","=""4P*""","=""3/2""",,"=""T5109LS""","=""L1176""",
C,2,"=""290.896""","=""0.005""","=""290.8834""","=""0.0005""","=""37w*""","=""7.66e+06""",B,"=""186443.71""","=""220811.68""","=""2s.2p.(3P*).3p""","=""4P""","=""3/2""","=""2s.2p.(3P*).4d""","=""4P*""","=""5/2""",,"=""T5109LS""","=""L1176""",
C,2,"=""290.896""","=""0.005""","=""290.8989""","=""0.0005""","=""37w*""","=""1.15e+07""",B,"=""186466.03""","=""220832.17""","=""2s.2p.(3P*).3p""","=""4P""","=""5/2""","=""2s.2p.(3P*).4d""","=""4P*""","=""3/2""",,"=""T5109LS""","=""L1176""",
C,2,"=""291.0729""","=""0.0007""","=""291.0724""","=""0.0005""","=""53""","=""1.78e+07""",B,"=""186466.03""","=""220811.68""","=""2s.2p.(3P*).3p""","=""4P""","=""5/2""","=""2s.2p.(3P*).4d""","=""4P*""","=""5/2""",,"=""T5109LS""","=""L1176""",
C,4,"=""""","=""""","=""293.491""","=""""","=""""","=""1.81e+06""",B+,"=""449888.2""","=""[483950.8]""","=""1s2.5d""","=""2D""","=""3/2""","=""1s2.7p""","=""2P*""","=""3/2""",,"=""T5118LS""","=""""",
C,4,"=""""","=""""","=""293.506""","=""""","=""""","=""1.62e+07""",B+,"=""449889.9""","=""[483950.8]""","=""1s2.5d""","=""2D""","=""5/2""","=""1s2.7p""","=""2P*""","=""3/2""",,"=""T5118LS""","=""""",
C,4,"=""""","=""""","=""293.512""","=""""","=""""","=""1.81e+07""",B+,"=""449888.2""","=""[483948.4]""","=""1s2.5d""","=""2D""","=""3/2""","=""1s2.7p""","=""2P*""","=""1/2""",,"=""T5118LS""","=""""",
C,3,"=""""","=""""","=""294.2537""","=""""","=""""","=""1.85e+04""",C,"=""323076.88""","=""357051.23""","=""1s2.2p.(2P*).3p""","=""3D""","=""1""","=""1s2.2s.6p""","=""3P*""","=""2""",,"=""T5633LS""","=""""",
C,3,"=""""","=""""","=""294.2628""","=""""","=""""","=""4.61e+05""",B,"=""323076.88""","=""357050.17""","=""1s2.2p.(2P*).3p""","=""3D""","=""1""","=""1s2.2s.6p""","=""3P*""","=""1""",,"=""T5633LS""","=""""",
C,3,"=""""","=""""","=""294.2697""","=""""","=""""","=""1.85e+06""",B,"=""323076.88""","=""357049.38""","=""1s2.2p.(2P*).3p""","=""3D""","=""1""","=""1s2.2s.6p""","=""3P*""","=""0""",,"=""T5633LS""","=""""",
C,3,"=""""","=""""","=""294.4659""","=""""","=""""","=""2.76e+05""",B,"=""323101.36""","=""357051.23""","=""1s2.2p.(2P*).3p""","=""3D""","=""2""","=""1s2.2s.6p""","=""3P*""","=""2""",,"=""T5633LS""","=""""",
C,3,"=""""","=""""","=""294.4750""","=""""","=""""","=""1.38e+06""",B,"=""323101.36""","=""357050.17""","=""1s2.2p.(2P*).3p""","=""3D""","=""2""","=""1s2.2s.6p""","=""3P*""","=""1""",,"=""T5633LS""","=""""",
C,3,"=""""","=""""","=""294.8043""","=""""","=""""","=""1.54e+06""",B,"=""323140.33""","=""357051.23""","=""1s2.2p.(2P*).3p""","=""3D""","=""3""","=""1s2.2s.6p""","=""3P*""","=""2""",,"=""T5633LS""","=""""",
C,4,"=""""","=""""","=""295.333""","=""""","=""""","=""2.58e+07""",A,"=""448855.8""","=""482706.0""","=""1s2.5p""","=""2P*""","=""1/2""","=""1s2.7s""","=""2S""","=""1/2""",,"=""T5118LS""","=""""",
C,4,"=""""","=""""","=""295.395""","=""""","=""""","=""5.17e+07""",A,"=""448862.9""","=""482706.0""","=""1s2.5p""","=""2P*""","=""3/2""","=""1s2.7s""","=""2S""","=""1/2""",,"=""T5118LS""","=""""",
C,5,"=""""","=""""","=""296.23""","=""0.07""","=""""","=""5.541e+07""",AA,"=""(3052674.3)""","=""(3086422.1)""","=""1s.5d""","=""1D""","=""2""","=""1s.6p""","=""1P*""","=""1""",,"=""T5997""","=""""",
C,1,"=""296.48460""","=""0.00020""","=""296.48471""","=""0.00014""","=""6900000r""","=""9.e+00""",D,"=""16.4167130""","=""33735.121""","=""2s2.2p2""","=""3P""","=""1""","=""2s.2p3""","=""5S*""","=""2""",,"=""T7851""","=""L3529""",
C,2,"=""296.6187""","=""0.0007""","=""296.6186""","=""0.0004""","=""40""","=""2.66e+07""",B,"=""186427.37""","=""220130.86""","=""2s.2p.(3P*).3p""","=""4P""","=""1/2""","=""2s.2p.(3P*).4d""","=""4D*""","=""3/2""",,"=""T5109LS""","=""L1176""",
C,2,"=""296.6655""","=""0.0007""","=""296.6655""","=""0.0007""","=""41""","=""5.27e+07""",B,"=""186427.37""","=""220125.53""","=""2s.2p.(3P*).3p""","=""4P""","=""1/2""","=""2s.2p.(3P*).4d""","=""4D*""","=""1/2""",,"=""T5109LS""","=""L1176""",
C,2,"=""296.6871""","=""0.0007""","=""296.6870""","=""0.0004""","=""65""","=""4.44e+07""",B,"=""186443.71""","=""220139.42""","=""2s.2p.(3P*).3p""","=""4P""","=""3/2""","=""2s.2p.(3P*).4d""","=""4D*""","=""5/2""",,"=""T5109LS""","=""L1176""",
C,1,"=""296.72240""","=""0.00020""","=""296.72229""","=""0.00014""","=""13000000r""","=""2.1e+01""",D,"=""43.4134567""","=""33735.121""","=""2s2.2p2""","=""3P""","=""2""","=""2s.2p3""","=""5S*""","=""2""",,"=""T7851""","=""L3529""",
C,2,"=""296.7629""","=""0.0007""","=""296.7624""","=""0.0004""","=""41""","=""3.39e+07""",B,"=""186443.71""","=""220130.86""","=""2s.2p.(3P*).3p""","=""4P""","=""3/2""","=""2s.2p.(3P*).4d""","=""4D*""","=""3/2""",,"=""T5109LS""","=""L1176""",
C,2,"=""296.7868""","=""0.0007""","=""296.7860""","=""0.0005""","=""110""","=""6.34e+07""",B,"=""186466.03""","=""220150.51""","=""2s.2p.(3P*).3p""","=""4P""","=""5/2""","=""2s.2p.(3P*).4d""","=""4D*""","=""7/2""",,"=""T5109LS""","=""L1176""",
C,2,"=""""","=""""","=""296.8094""","=""0.0007""","=""""","=""1.06e+07""",B,"=""186443.71""","=""220125.53""","=""2s.2p.(3P*).3p""","=""4P""","=""3/2""","=""2s.2p.(3P*).4d""","=""4D*""","=""1/2""",,"=""T5109LS""","=""""",
C,2,"=""296.8836""","=""0.0007""","=""296.8837""","=""0.0004""","=""35""","=""1.90e+07""",B,"=""186466.03""","=""220139.42""","=""2s.2p.(3P*).3p""","=""4P""","=""5/2""","=""2s.2p.(3P*).4d""","=""4D*""","=""5/2""",,"=""T5109LS""","=""L1176""",
C,2,"=""296.9590""","=""0.0020""","=""296.9592""","=""0.0004""","=""19""","=""3.17e+06""",B,"=""186466.03""","=""220130.86""","=""2s.2p.(3P*).3p""","=""4P""","=""5/2""","=""2s.2p.(3P*).4d""","=""4D*""","=""3/2""",,"=""T5109LS""","=""L1176""",
C,2,"=""""","=""""","=""297.4102""","=""0.0014""","=""""","=""4.0e+04""",D+,"=""150461.58""","=""184075.36""","=""2p3""","=""2D*""","=""5/2""","=""2s2.6d""","=""2D""","=""5/2""",,"=""T10276""","=""""",
C,2,"=""""","=""""","=""297.4163""","=""0.0014""","=""""","=""3.6e+03""",C,"=""150461.58""","=""184074.67""","=""2p3""","=""2D*""","=""5/2""","=""2s2.6d""","=""2D""","=""3/2""",,"=""T10276""","=""""",
C,2,"=""""","=""""","=""297.4555""","=""0.0013""","=""""","=""2.8e+03""",C,"=""150466.70""","=""184075.36""","=""2p3""","=""2D*""","=""3/2""","=""2s2.6d""","=""2D""","=""5/2""",,"=""T10276""","=""""",
C,2,"=""""","=""""","=""297.4616""","=""0.0014""","=""""","=""4.0e+04""",D+,"=""150466.70""","=""184074.67""","=""2p3""","=""2D*""","=""3/2""","=""2s2.6d""","=""2D""","=""3/2""",,"=""T10276""","=""""",
C,3,"=""298.211""","=""""","=""298.2115""","=""""","=""200""","=""1.52e+07""",B,"=""276482.86""","=""310006.32""","=""1s2.2s.3d""","=""1D""","=""2""","=""1s2.2p.(2P*).3s""","=""1P*""","=""1""",,"=""T5633""","=""L1113""",
C,2,"=""299.262""","=""0.003""","=""299.2500""","=""0.0009""","=""690h*""","=""7.73e+07""",B,"=""145549.25""","=""178956.38""","=""2s2.3d""","=""2D""","=""3/2""","=""2s2.5f""","=""2F*""","=""5/2""",,"=""T7476""","=""L1176""",
C,2,"=""299.262""","=""0.003""","=""299.2623""","=""0.0008""","=""690h*""","=""8.28e+07""",B,"=""145550.70""","=""178956.46""","=""2s2.3d""","=""2D""","=""5/2""","=""2s2.5f""","=""2F*""","=""7/2""",,"=""T7476""","=""L1176""",
C,2,"=""299.262""","=""0.003""","=""299.2630""","=""0.0009""","=""690h*""","=""5.3e+06""",C,"=""145550.70""","=""178956.38""","=""2s2.3d""","=""2D""","=""5/2""","=""2s2.5f""","=""2F*""","=""5/2""",,"=""T10276""","=""L1176""",
C,5,"=""""","=""""","=""301.75""","=""0.06""","=""""","=""7.472e+07""",AA,"=""(3086422.1)""","=""(3119553.0)""","=""1s.6p""","=""1P*""","=""1""","=""1s.8d""","=""1D""","=""2""",,"=""T5997""","=""""",
C,3,"=""""","=""""","=""303.8889""","=""""","=""""","=""1.99e+07""",B,"=""324212.49""","=""357109.68""","=""1s2.2s.4d""","=""1D""","=""2""","=""1s2.2s.6p""","=""1P*""","=""1""",,"=""T5633""","=""""",
C,2,"=""303.9714""","=""0.0009""","=""303.9714""","=""0.0009""","=""37h""","=""2.5e+07""",C,"=""188615.01""","=""221503.27""","=""2s.2p.(3P*).3p""","=""2D""","=""5/2""","=""2s.2p.(3P*).4d""","=""2F*""","=""7/2""",,"=""T10528""","=""L1176""",
C,2,"=""304.0512""","=""0.0009""","=""304.0512""","=""0.0009""","=""30h""","=""2.4e+07""",C,"=""188581.26""","=""221460.89""","=""2s.2p.(3P*).3p""","=""2D""","=""3/2""","=""2s.2p.(3P*).4d""","=""2F*""","=""5/2""",,"=""T10528""","=""L1176""",
C,2,"=""304.8690""","=""0.0020""","=""304.8700""","=""0.0017""","=""18""","=""1.8e+07""",C,"=""198425.48""","=""231216.81""","=""2s.2p.(3P*).3d""","=""2D*""","=""3/2""","=""2s.2p.(3P*).5f""","=""4F""","=""5/2""",,"=""T10528""","=""L1176""",
C,2,"=""304.8933""","=""0.0007""","=""304.8932""","=""0.0007""","=""30""","=""4.55e+07""",C+,"=""198436.26""","=""231225.09""","=""2s.2p.(3P*).3d""","=""2D*""","=""5/2""","=""2s.2p.(3P*).5f""","=""2F""","=""7/2""",,"=""T10528""","=""L1176""",
C,2,"=""304.9398""","=""0.0007""","=""304.9398""","=""0.0007""","=""49""","=""4.2e+07""",C,"=""198425.48""","=""231209.30""","=""2s.2p.(3P*).3d""","=""2D*""","=""3/2""","=""2s.2p.(3P*).5f""","=""2F""","=""5/2""",,"=""T10528""","=""L1176""",
C,2,"=""304.9671""","=""0.0007""","=""304.9673""","=""0.0007""","=""39""","=""1.7e+07""",C,"=""198436.26""","=""231217.13""","=""2s.2p.(3P*).3d""","=""2D*""","=""5/2""","=""2s.2p.(3P*).5f""","=""4F""","=""7/2""",,"=""T10528""","=""L1176""",
C,2,"=""305.685""","=""0.024""","=""305.651""","=""0.003""","=""23wH*""","=""""",,"=""198844.00""","=""231551.5""","=""2s.2p.(3P*).3d""","=""4P*""","=""5/2""","=""2s.2p.(3P*).5f""","=""2D""","=""5/2""",,"=""""","=""L1176""",
C,2,"=""305.685""","=""0.024""","=""305.654""","=""0.003""","=""23wH*""","=""""",,"=""198844.00""","=""231551.2""","=""2s.2p.(3P*).3d""","=""4P*""","=""5/2""","=""2s.2p.(3P*).5f""","=""4D""","=""3/2""",,"=""""","=""L1176""",
C,2,"=""305.685""","=""0.024""","=""305.674""","=""0.003""","=""23wH*""","=""""",,"=""198865.27""","=""231570.4""","=""2s.2p.(3P*).3d""","=""4P*""","=""3/2""","=""2s.2p.(3P*).5f""","=""2D""","=""3/2""",,"=""""","=""L1176,L22145""",
C,2,"=""305.685""","=""0.024""","=""305.716""","=""0.010""","=""23wH*""","=""1.2e+07""",C,"=""198865.27""","=""231565.9""","=""2s.2p.(3P*).3d""","=""4P*""","=""3/2""","=""2s.2p.(3P*).5f""","=""4D""","=""1/2""",,"=""T10528""","=""L1176,L22145""",
C,2,"=""305.845""","=""0.006""","=""305.844""","=""0.010""","=""30wh*""","=""5.7e+07""",C,"=""198879.03""","=""231565.9""","=""2s.2p.(3P*).3d""","=""4P*""","=""1/2""","=""2s.2p.(3P*).5f""","=""4D""","=""1/2""",,"=""T10528""","=""L1176""",
C,2,"=""305.845""","=""0.006""","=""305.850""","=""0.003""","=""30wh*""","=""""",,"=""198865.27""","=""231551.5""","=""2s.2p.(3P*).3d""","=""4P*""","=""3/2""","=""2s.2p.(3P*).5f""","=""2D""","=""5/2""",,"=""""","=""L1176""",
C,2,"=""305.845""","=""0.006""","=""305.853""","=""0.003""","=""30wh*""","=""3.2e+07""",C,"=""198865.27""","=""231551.2""","=""2s.2p.(3P*).3d""","=""4P*""","=""3/2""","=""2s.2p.(3P*).5f""","=""4D""","=""3/2""",,"=""T10528""","=""L1176""",
C,2,"=""305.9091""","=""0.0009""","=""305.9098""","=""0.0007""","=""38h""","=""6.74e+07""",C+,"=""198844.00""","=""231523.87""","=""2s.2p.(3P*).3d""","=""4P*""","=""5/2""","=""2s.2p.(3P*).5f""","=""4D""","=""7/2""",,"=""T10528""","=""L1176""",
C,2,"=""305.983""","=""0.004""","=""305.982""","=""0.003""","=""17h""","=""2.5e+07""",C,"=""198879.03""","=""231551.2""","=""2s.2p.(3P*).3d""","=""4P*""","=""1/2""","=""2s.2p.(3P*).5f""","=""4D""","=""3/2""",,"=""T10528""","=""L1176""",
C,2,"=""306.064""","=""0.004""","=""306.0671""","=""0.0017""","=""23h""","=""""",,"=""198865.27""","=""231528.35""","=""2s.2p.(3P*).3d""","=""4P*""","=""3/2""","=""2s.2p.(3P*).5f""","=""4D""","=""5/2""",,"=""""","=""L1176""",
C,2,"=""""","=""""","=""307.7833""","=""0.0008""","=""""","=""5.5e+04""",C+,"=""195765.88""","=""228246.84""","=""2s.2p.(3P*).3d""","=""4F*""","=""5/2""","=""2s.2p.(3P*).5p""","=""4D""","=""7/2""",,"=""T5109LS""","=""""",
C,2,"=""""","=""""","=""307.9717""","=""0.0008""","=""""","=""1.08e+06""",B,"=""195785.75""","=""228246.84""","=""2s.2p.(3P*).3d""","=""4F*""","=""7/2""","=""2s.2p.(3P*).5p""","=""4D""","=""7/2""",,"=""T5109LS""","=""""",
C,2,"=""""","=""""","=""307.991""","=""0.008""","=""""","=""1.01e+05""",C+,"=""195752.62""","=""228211.7""","=""2s.2p.(3P*).3d""","=""4F*""","=""3/2""","=""2s.2p.(3P*).5p""","=""4D""","=""5/2""",,"=""T5109LS""","=""""",
C,2,"=""""","=""""","=""308.117""","=""0.008""","=""""","=""1.85e+06""",B,"=""195765.88""","=""228211.7""","=""2s.2p.(3P*).3d""","=""4F*""","=""5/2""","=""2s.2p.(3P*).5p""","=""4D""","=""5/2""",,"=""T5109LS""","=""""",
C,2,"=""""","=""""","=""308.179""","=""0.009""","=""""","=""2.13e+06""",B,"=""195752.62""","=""228191.9""","=""2s.2p.(3P*).3d""","=""4F*""","=""3/2""","=""2s.2p.(3P*).5p""","=""4D""","=""3/2""",,"=""T5109LS""","=""""",
C,2,"=""308.2381""","=""0.0009""","=""308.2363""","=""0.0008""","=""29h""","=""9.42e+06""",B,"=""195813.62""","=""228246.84""","=""2s.2p.(3P*).3d""","=""4F*""","=""9/2""","=""2s.2p.(3P*).5p""","=""4D""","=""7/2""",,"=""T5109LS""","=""L1176""",
C,2,"=""308.305""","=""0.005""","=""308.305""","=""0.011""","=""29wh*""","=""1.06e+07""",B,"=""195752.62""","=""228178.6""","=""2s.2p.(3P*).3d""","=""4F*""","=""3/2""","=""2s.2p.(3P*).5p""","=""4D""","=""1/2""",,"=""T5109LS""","=""L1176""",
C,2,"=""308.305""","=""0.005""","=""308.305""","=""0.008""","=""29wh*""","=""8.65e+06""",B,"=""195785.75""","=""228211.7""","=""2s.2p.(3P*).3d""","=""4F*""","=""7/2""","=""2s.2p.(3P*).5p""","=""4D""","=""5/2""",,"=""T5109LS""","=""L1176""",
C,2,"=""308.305""","=""0.005""","=""308.305""","=""0.009""","=""29wh*""","=""8.51e+06""",B,"=""195765.88""","=""228191.9""","=""2s.2p.(3P*).3d""","=""4F*""","=""5/2""","=""2s.2p.(3P*).5p""","=""4D""","=""3/2""",,"=""T5109LS""","=""L1176""",
C,2,"=""""","=""""","=""308.5138""","=""0.0010""","=""""","=""2.1e+05""",E,"=""196563.41""","=""228967.46""","=""2s.2p.(3P*).3d""","=""4D*""","=""3/2""","=""2s.2p.(3P*).5p""","=""4P""","=""5/2""",,"=""T10528""","=""""",
C,2,"=""""","=""""","=""308.5939""","=""0.0010""","=""""","=""1.8e+06""",E,"=""196571.82""","=""228967.46""","=""2s.2p.(3P*).3d""","=""4D*""","=""5/2""","=""2s.2p.(3P*).5p""","=""4P""","=""5/2""",,"=""T10528""","=""""",
C,2,"=""""","=""""","=""308.658""","=""0.004""","=""""","=""4.7e+05""",E,"=""196557.95""","=""228946.9""","=""2s.2p.(3P*).3d""","=""4D*""","=""1/2""","=""2s.2p.(3P*).5p""","=""4P""","=""3/2""",,"=""T10528""","=""""",
C,2,"=""308.6903""","=""0.0009""","=""308.6903""","=""0.0009""","=""22h""","=""7.5e+06""",C,"=""196581.94""","=""228967.46""","=""2s.2p.(3P*).3d""","=""4D*""","=""7/2""","=""2s.2p.(3P*).5p""","=""4P""","=""5/2""",,"=""T10528""","=""L1176""",
C,2,"=""""","=""""","=""308.710""","=""0.004""","=""""","=""2.9e+06""",E,"=""196563.41""","=""228946.9""","=""2s.2p.(3P*).3d""","=""4D*""","=""3/2""","=""2s.2p.(3P*).5p""","=""4P""","=""3/2""",,"=""T10528""","=""""",
C,2,"=""308.790""","=""0.004""","=""308.790""","=""0.004""","=""17h""","=""5.5e+06""",C,"=""196571.82""","=""228946.9""","=""2s.2p.(3P*).3d""","=""4D*""","=""5/2""","=""2s.2p.(3P*).5p""","=""4P""","=""3/2""",,"=""T10528""","=""L1176""",
C,2,"=""""","=""""","=""308.795""","=""0.019""","=""""","=""5.e+06""",E,"=""196557.95""","=""[228932.5]""","=""2s.2p.(3P*).3d""","=""4D*""","=""1/2""","=""2s.2p.(3P*).5p""","=""4P""","=""1/2""",,"=""T10528""","=""""",
C,2,"=""""","=""""","=""308.847""","=""0.019""","=""""","=""5.e+06""",E,"=""196563.41""","=""[228932.5]""","=""2s.2p.(3P*).3d""","=""4D*""","=""3/2""","=""2s.2p.(3P*).5p""","=""4P""","=""1/2""",,"=""T10528""","=""""",
C,3,"=""""","=""""","=""309.978""","=""""","=""""","=""1.77e+06""",B,"=""333387.01""","=""365638""","=""1s2.2p.(2P*).3d""","=""3F*""","=""2""","=""1s2.2s.7d""","=""3D""","=""1""",,"=""T5633LS""","=""""",
C,3,"=""""","=""""","=""309.978""","=""""","=""""","=""1.97e+05""",B,"=""333387.01""","=""365638""","=""1s2.2p.(2P*).3d""","=""3F*""","=""2""","=""1s2.2s.7d""","=""3D""","=""2""",,"=""T5633LS""","=""""",
C,3,"=""""","=""""","=""309.978""","=""""","=""""","=""3.96e+03""",D,"=""333387.01""","=""365638""","=""1s2.2p.(2P*).3d""","=""3F*""","=""2""","=""1s2.2s.7d""","=""3D""","=""3""",,"=""T5633LS""","=""""",
C,2,"=""""","=""""","=""310.0426""","=""0.0004""","=""""","=""7.e+04""",E,"=""145549.25""","=""177793.52""","=""2s2.3d""","=""2D""","=""3/2""","=""2s.2p.(3P*).3s""","=""2P*""","=""3/2""",,"=""T10276""","=""""",
C,2,"=""310.0570""","=""0.0007""","=""310.0566""","=""0.0004""","=""28""","=""6.e+05""",E,"=""145550.70""","=""177793.52""","=""2s2.3d""","=""2D""","=""5/2""","=""2s.2p.(3P*).3s""","=""2P*""","=""3/2""",,"=""T10276""","=""L1176""",
C,3,"=""""","=""""","=""310.214""","=""""","=""""","=""1.57e+06""",B,"=""333411.55""","=""365638""","=""1s2.2p.(2P*).3d""","=""3F*""","=""3""","=""1s2.2s.7d""","=""3D""","=""2""",,"=""T5633LS""","=""""",
C,3,"=""""","=""""","=""310.214""","=""""","=""""","=""1.40e+05""",B,"=""333411.55""","=""365638""","=""1s2.2p.(2P*).3d""","=""3F*""","=""3""","=""1s2.2s.7d""","=""3D""","=""3""",,"=""T5633LS""","=""""",
C,2,"=""""","=""""","=""310.2252""","=""0.0005""","=""""","=""7.e+05""",E,"=""145549.25""","=""177774.55""","=""2s2.3d""","=""2D""","=""3/2""","=""2s.2p.(3P*).3s""","=""2P*""","=""1/2""",,"=""T10276""","=""""",
C,3,"=""""","=""""","=""310.558""","=""""","=""""","=""1.61e+06""",B,"=""333447.24""","=""365638""","=""1s2.2p.(2P*).3d""","=""3F*""","=""4""","=""1s2.2s.7d""","=""3D""","=""3""",,"=""T5633LS""","=""""",
C,2,"=""""","=""""","=""312.0857""","=""0.0011""","=""""","=""9.63e+05""",B,"=""188581.26""","=""220614.45""","=""2s.2p.(3P*).3p""","=""2D""","=""3/2""","=""2s.2p.(3P*).4d""","=""2D*""","=""5/2""",,"=""T5109LS""","=""""",
C,2,"=""312.2086""","=""0.0022""","=""312.2122""","=""0.0010""","=""21hqs""","=""1.30e+07""",B,"=""188581.26""","=""220601.47""","=""2s.2p.(3P*).3p""","=""2D""","=""3/2""","=""2s.2p.(3P*).4d""","=""2D*""","=""3/2""",,"=""T5109LS""","=""L1176""",
C,2,"=""312.4133""","=""0.0022""","=""312.4149""","=""0.0011""","=""28hqs""","=""1.34e+07""",B,"=""188615.01""","=""220614.45""","=""2s.2p.(3P*).3p""","=""2D""","=""5/2""","=""2s.2p.(3P*).4d""","=""2D*""","=""5/2""",,"=""T5109LS""","=""L1176""",
C,2,"=""""","=""""","=""312.5417""","=""0.0011""","=""""","=""1.44e+06""",B,"=""188615.01""","=""220601.47""","=""2s.2p.(3P*).3p""","=""2D""","=""5/2""","=""2s.2p.(3P*).4d""","=""2D*""","=""3/2""",,"=""T5109LS""","=""""",
C,2,"=""313.792""","=""0.004""","=""313.7945""","=""0.0015""","=""21h""","=""""",,"=""168124.37""","=""199983.13""","=""2s2.4d""","=""2D""","=""5/2""","=""2s.2p.(3P*).3d""","=""2F*""","=""7/2""",,"=""""","=""L1176""",
C,2,"=""314.204""","=""0.004""","=""314.2054""","=""0.0014""","=""16h*""","=""""",,"=""168124.17""","=""199941.27""","=""2s2.4d""","=""2D""","=""3/2""","=""2s.2p.(3P*).3d""","=""2F*""","=""5/2""",,"=""""","=""L1176""",
C,2,"=""314.204""","=""0.004""","=""314.2074""","=""0.0015""","=""16h*""","=""""",,"=""168124.37""","=""199941.27""","=""2s2.4d""","=""2D""","=""5/2""","=""2s.2p.(3P*).3d""","=""2F*""","=""5/2""",,"=""""","=""L1176""",
C,3,"=""""","=""""","=""314.594""","=""""","=""""","=""8.62e+06""",B,"=""333118.21""","=""364896""","=""1s2.2p.(2P*).3p""","=""1D""","=""2""","=""1s2.2s.7p""","=""1P*""","=""1""",,"=""T5633""","=""""",
C,3,"=""""","=""""","=""315.1857""","=""""","=""""","=""9.58e+05""",B,"=""308216.58""","=""339934.72""","=""1s2.2p.(2P*).3s""","=""3P*""","=""0""","=""1s2.2s.5s""","=""3S""","=""1""",,"=""T5633LS""","=""""",
C,3,"=""""","=""""","=""315.5073""","=""""","=""""","=""2.87e+06""",B,"=""308248.91""","=""339934.72""","=""1s2.2p.(2P*).3s""","=""3P*""","=""1""","=""1s2.2s.5s""","=""3S""","=""1""",,"=""T5633LS""","=""""",
C,2,"=""""","=""""","=""315.6148""","=""0.0008""","=""""","=""2.7e+05""",E,"=""196571.82""","=""228246.84""","=""2s.2p.(3P*).3d""","=""4D*""","=""5/2""","=""2s.2p.(3P*).5p""","=""4D""","=""7/2""",,"=""T10528""","=""""",
C,2,"=""315.713""","=""0.004""","=""315.7157""","=""0.0008""","=""16h""","=""""",,"=""196581.94""","=""228246.84""","=""2s.2p.(3P*).3d""","=""4D*""","=""7/2""","=""2s.2p.(3P*).5p""","=""4D""","=""7/2""",,"=""""","=""L1176""",
C,2,"=""""","=""""","=""315.881""","=""0.008""","=""""","=""4.3e+05""",E,"=""196563.41""","=""228211.7""","=""2s.2p.(3P*).3d""","=""4D*""","=""3/2""","=""2s.2p.(3P*).5p""","=""4D""","=""5/2""",,"=""T10528""","=""""",
C,2,"=""""","=""""","=""315.965""","=""0.008""","=""""","=""1.1e+06""",E,"=""196571.82""","=""228211.7""","=""2s.2p.(3P*).3d""","=""4D*""","=""5/2""","=""2s.2p.(3P*).5p""","=""4D""","=""5/2""",,"=""T10528""","=""""",
C,2,"=""""","=""""","=""316.025""","=""0.009""","=""""","=""4.5e+05""",E,"=""196557.95""","=""228191.9""","=""2s.2p.(3P*).3d""","=""4D*""","=""1/2""","=""2s.2p.(3P*).5p""","=""4D""","=""3/2""",,"=""T10528""","=""""",
C,2,"=""""","=""""","=""316.066""","=""0.008""","=""""","=""4.2e+05""",E,"=""196581.94""","=""228211.7""","=""2s.2p.(3P*).3d""","=""4D*""","=""7/2""","=""2s.2p.(3P*).5p""","=""4D""","=""5/2""",,"=""T10528""","=""""",
C,2,"=""""","=""""","=""316.079""","=""0.009""","=""""","=""7.e+05""",E,"=""196563.41""","=""228191.9""","=""2s.2p.(3P*).3d""","=""4D*""","=""3/2""","=""2s.2p.(3P*).5p""","=""4D""","=""3/2""",,"=""T10528""","=""""",
C,2,"=""""","=""""","=""316.158""","=""0.012""","=""""","=""9.e+05""",E,"=""196557.95""","=""228178.6""","=""2s.2p.(3P*).3d""","=""4D*""","=""1/2""","=""2s.2p.(3P*).5p""","=""4D""","=""1/2""",,"=""T10528""","=""""",
C,2,"=""""","=""""","=""316.163""","=""0.009""","=""""","=""7.e+05""",E,"=""196571.82""","=""228191.9""","=""2s.2p.(3P*).3d""","=""4D*""","=""5/2""","=""2s.2p.(3P*).5p""","=""4D""","=""3/2""",,"=""T10528""","=""""",
C,3,"=""""","=""""","=""316.1897""","=""""","=""""","=""4.75e+06""",B,"=""308317.29""","=""339934.72""","=""1s2.2p.(2P*).3s""","=""3P*""","=""2""","=""1s2.2s.5s""","=""3S""","=""1""",,"=""T5633LS""","=""""",
C,2,"=""""","=""""","=""316.212""","=""0.012""","=""""","=""1.0e+06""",E,"=""196563.41""","=""228178.6""","=""2s.2p.(3P*).3d""","=""4D*""","=""3/2""","=""2s.2p.(3P*).5p""","=""4D""","=""1/2""",,"=""T10528""","=""""",
C,2,"=""316.5467""","=""0.0007""","=""316.5464""","=""0.0006""","=""150""","=""2.15e+07""",B,"=""150461.58""","=""182043.39""","=""2p3""","=""2D*""","=""5/2""","=""2s.2p.(3P*).3p""","=""2P""","=""3/2""",,"=""T5109LS""","=""L1176""",
C,2,"=""316.5974""","=""0.0007""","=""316.5977""","=""0.0004""","=""41""","=""2.39e+06""",B,"=""150466.70""","=""182043.39""","=""2p3""","=""2D*""","=""3/2""","=""2s.2p.(3P*).3p""","=""2P""","=""3/2""",,"=""T5109LS""","=""L1176""",
C,2,"=""316.7931""","=""0.0007""","=""316.7933""","=""0.0005""","=""110""","=""2.38e+07""",B,"=""150466.70""","=""182023.89""","=""2p3""","=""2D*""","=""3/2""","=""2s.2p.(3P*).3p""","=""2P""","=""1/2""",,"=""T5109LS""","=""L1176""",
C,2,"=""316.966""","=""0.004""","=""316.969""","=""0.003""","=""21H,u""","=""6.08e+07""",C+,"=""199941.27""","=""231481.0""","=""2s.2p.(3P*).3d""","=""2F*""","=""5/2""","=""2s.2p.(3P*).5f""","=""2G""","=""7/2""",,"=""T10528""","=""L1176""",
C,3,"=""""","=""""","=""317.0010""","=""""","=""""","=""2.26e+07""",B,"=""311721.51""","=""343258.03""","=""1s2.2s.4s""","=""1S""","=""0""","=""1s2.2s.5p""","=""1P*""","=""1""",,"=""T5633""","=""""",
C,2,"=""317.003""","=""0.004""","=""317.005""","=""0.003""","=""27H,u""","=""6.97e+07""",C+,"=""199983.13""","=""231519.2""","=""2s.2p.(3P*).3d""","=""2F*""","=""7/2""","=""2s.2p.(3P*).5f""","=""2G""","=""9/2""",,"=""T10528""","=""L1176""",
C,2,"=""317.262""","=""0.009""","=""317.2674""","=""0.0021""","=""20H""","=""9.7e+06""",C,"=""199941.27""","=""231451.31""","=""2s.2p.(3P*).3d""","=""2F*""","=""5/2""","=""2s.2p.(3P*).5f""","=""4G""","=""7/2""",,"=""T10528""","=""L1176""",
C,2,"=""317.458""","=""0.009""","=""317.4665""","=""0.0022""","=""16H""","=""4.7e+06""",C,"=""199983.13""","=""231473.41""","=""2s.2p.(3P*).3d""","=""2F*""","=""7/2""","=""2s.2p.(3P*).5f""","=""4G""","=""9/2""",,"=""T10528""","=""L1176""",
C,3,"=""""","=""""","=""318.261""","=""""","=""""","=""5.77e+06""",B,"=""338514.33""","=""369926""","=""1s2.2s.5s""","=""1S""","=""0""","=""1s2.2s.8p""","=""1P*""","=""1""",,"=""T5633""","=""""",
C,2,"=""""","=""""","=""318.358""","=""0.003""","=""""","=""2.40e+01""",B,"=""110624.18""","=""142026.24""","=""2s.2p2""","=""2P""","=""1/2""","=""2p3""","=""4S*""","=""3/2""",,"=""T7194""","=""""",
C,2,"=""""","=""""","=""318.779""","=""0.003""","=""""","=""8.09e+01""",B,"=""110665.59""","=""142026.24""","=""2s.2p2""","=""2P""","=""3/2""","=""2p3""","=""4S*""","=""3/2""",,"=""T7194""","=""""",
C,3,"=""""","=""""","=""325.8018""","=""""","=""""","=""4.90e+06""",B,"=""309457.17""","=""340141.83""","=""1s2.2s.4s""","=""3S""","=""1""","=""1s2.2p.(2P*).3d""","=""3P*""","=""0""",,"=""T5633LS""","=""""",
C,3,"=""""","=""""","=""325.9537""","=""""","=""""","=""4.89e+06""",B,"=""309457.17""","=""340127.53""","=""1s2.2s.4s""","=""3S""","=""1""","=""1s2.2p.(2P*).3d""","=""3P*""","=""1""",,"=""T5633LS""","=""""",
C,3,"=""""","=""""","=""326.2270""","=""""","=""""","=""4.88e+06""",B,"=""309457.17""","=""340101.84""","=""1s2.2s.4s""","=""3S""","=""1""","=""1s2.2p.(2P*).3d""","=""3P*""","=""2""",,"=""T5633LS""","=""""",
C,3,"=""""","=""""","=""328.883""","=""""","=""""","=""2.09e+06""",B,"=""340101.84""","=""370499""","=""1s2.2p.(2P*).3d""","=""3P*""","=""2""","=""1s2.2s.8d""","=""3D""","=""3""",,"=""T5633LS""","=""""",
C,3,"=""""","=""""","=""328.883""","=""""","=""""","=""5.23e+05""",B,"=""340101.84""","=""370499""","=""1s2.2p.(2P*).3d""","=""3P*""","=""2""","=""1s2.2s.8d""","=""3D""","=""2""",,"=""T5633LS""","=""""",
C,3,"=""""","=""""","=""328.883""","=""""","=""""","=""5.81e+04""",C,"=""340101.84""","=""370499""","=""1s2.2p.(2P*).3d""","=""3P*""","=""2""","=""1s2.2s.8d""","=""3D""","=""1""",,"=""T5633LS""","=""""",
C,3,"=""""","=""""","=""329.162""","=""""","=""""","=""1.57e+06""",B,"=""340127.53""","=""370499""","=""1s2.2p.(2P*).3d""","=""3P*""","=""1""","=""1s2.2s.8d""","=""3D""","=""2""",,"=""T5633LS""","=""""",
C,3,"=""""","=""""","=""329.162""","=""""","=""""","=""8.70e+05""",B,"=""340127.53""","=""370499""","=""1s2.2p.(2P*).3d""","=""3P*""","=""1""","=""1s2.2s.8d""","=""3D""","=""1""",,"=""T5633LS""","=""""",
C,3,"=""""","=""""","=""329.317""","=""""","=""""","=""1.16e+06""",B,"=""340141.83""","=""370499""","=""1s2.2p.(2P*).3d""","=""3P*""","=""0""","=""1s2.2s.8d""","=""3D""","=""1""",,"=""T5633LS""","=""""",
C,2,"=""""","=""""","=""329.8064""","=""0.0012""","=""""","=""1.8e+04""",C,"=""168124.17""","=""198436.26""","=""2s2.4d""","=""2D""","=""3/2""","=""2s.2p.(3P*).3d""","=""2D*""","=""5/2""",,"=""T5109LS""","=""""",
C,2,"=""""","=""""","=""329.8086""","=""0.0012""","=""""","=""2.47e+05""",B,"=""168124.37""","=""198436.26""","=""2s2.4d""","=""2D""","=""5/2""","=""2s.2p.(3P*).3d""","=""2D*""","=""5/2""",,"=""T5109LS""","=""""",
C,2,"=""""","=""""","=""329.9237""","=""0.0012""","=""""","=""2.38e+05""",B,"=""168124.17""","=""198425.48""","=""2s2.4d""","=""2D""","=""3/2""","=""2s.2p.(3P*).3d""","=""2D*""","=""3/2""",,"=""T5109LS""","=""""",
C,2,"=""""","=""""","=""329.9259""","=""0.0012""","=""""","=""2.6e+04""",C,"=""168124.37""","=""198425.48""","=""2s2.4d""","=""2D""","=""5/2""","=""2s.2p.(3P*).3d""","=""2D*""","=""3/2""",,"=""T5109LS""","=""""",
C,2,"=""335.3302""","=""0.0009""","=""335.3298""","=""0.0007""","=""21h""","=""7.4e+06""",C,"=""198844.00""","=""228656.82""","=""2s.2p.(3P*).3d""","=""4P*""","=""5/2""","=""2s.2p.(3P*).5p""","=""4S""","=""3/2""",,"=""T10528""","=""L1176""",
C,2,"=""335.5690""","=""0.0009""","=""335.5692""","=""0.0007""","=""16h""","=""""",,"=""198865.27""","=""228656.82""","=""2s.2p.(3P*).3d""","=""4P*""","=""3/2""","=""2s.2p.(3P*).5p""","=""4S""","=""3/2""",,"=""""","=""L1176""",
C,2,"=""335.719""","=""0.004""","=""335.7243""","=""0.0007""","=""13h""","=""""",,"=""198879.03""","=""228656.82""","=""2s.2p.(3P*).3d""","=""4P*""","=""1/2""","=""2s.2p.(3P*).5p""","=""4S""","=""3/2""",,"=""""","=""L1176""",
C,3,"=""""","=""""","=""335.7787""","=""""","=""""","=""2.04e+05""",B,"=""327278.27""","=""357051.23""","=""1s2.2p.(2P*).3p""","=""3S""","=""1""","=""1s2.2s.6p""","=""3P*""","=""2""",,"=""T5633LS""","=""""",
C,3,"=""""","=""""","=""335.7907""","=""""","=""""","=""2.04e+05""",B,"=""327278.27""","=""357050.17""","=""1s2.2p.(2P*).3p""","=""3S""","=""1""","=""1s2.2s.6p""","=""3P*""","=""1""",,"=""T5633LS""","=""""",
C,3,"=""""","=""""","=""335.7996""","=""""","=""""","=""2.04e+05""",C,"=""327278.27""","=""357049.38""","=""1s2.2p.(2P*).3p""","=""3S""","=""1""","=""1s2.2s.6p""","=""3P*""","=""0""",,"=""T5633LS""","=""""",
C,2,"=""336.0891""","=""0.0007""","=""336.0888""","=""0.0003""","=""27""","=""1.13e+06""",B,"=""145549.25""","=""175294.74""","=""2s2.3d""","=""2D""","=""3/2""","=""2s2.5p""","=""2P*""","=""3/2""",,"=""T5109LS""","=""L1176""",
C,2,"=""336.1051""","=""0.0007""","=""336.1052""","=""0.0003""","=""88""","=""1.02e+07""",B,"=""145550.70""","=""175294.74""","=""2s2.3d""","=""2D""","=""5/2""","=""2s2.5p""","=""2P*""","=""3/2""",,"=""T5109LS""","=""L1176""",
C,2,"=""336.1721""","=""0.0007""","=""336.1723""","=""0.0003""","=""54""","=""1.13e+07""",B,"=""145549.25""","=""175287.36""","=""2s2.3d""","=""2D""","=""3/2""","=""2s2.5p""","=""2P*""","=""1/2""",,"=""T5109LS""","=""L1176""",
C,4,"=""""","=""""","=""338.522""","=""""","=""""","=""7.70e+06""",B,"=""468784.0""","=""[498315.7]""","=""1s2.6s""","=""2S""","=""1/2""","=""1s2.9p""","=""2P*""","=""3/2""",,"=""T3225LS""","=""""",
C,4,"=""""","=""""","=""338.535""","=""""","=""""","=""7.70e+06""",B,"=""468784.0""","=""[498314.6]""","=""1s2.6s""","=""2S""","=""1/2""","=""1s2.9p""","=""2P*""","=""1/2""",,"=""T3225LS""","=""""",
C,2,"=""""","=""""","=""338.7448""","=""0.0022""","=""""","=""7.e+05""",D+,"=""157234.05""","=""186746.33""","=""2s2.4s""","=""2S""","=""1/2""","=""2s2.7p""","=""2P*""","=""3/2""",,"=""T10276""","=""""",
C,2,"=""""","=""""","=""338.756""","=""0.003""","=""""","=""7.e+05""",D+,"=""157234.05""","=""186745.36""","=""2s2.4s""","=""2S""","=""1/2""","=""2s2.7p""","=""2P*""","=""1/2""",,"=""T10276""","=""""",
C,2,"=""339.2146""","=""0.0007""","=""339.2145""","=""0.0007""","=""20""","=""1.2e+07""",C,"=""198436.26""","=""227907.67""","=""2s.2p.(3P*).3d""","=""2D*""","=""5/2""","=""2s.2p.(3P*).5p""","=""2P""","=""3/2""",,"=""T10528""","=""L1176""",
C,2,"=""339.3946""","=""0.0007""","=""339.3946""","=""0.0007""","=""16""","=""1.4e+07""",C,"=""198425.48""","=""227881.25""","=""2s.2p.(3P*).3d""","=""2D*""","=""3/2""","=""2s.2p.(3P*).5p""","=""2P""","=""1/2""",,"=""T10528""","=""L1176""",
C,2,"=""340.153""","=""0.009""","=""340.148""","=""0.003""","=""12H""","=""6.5e+06""",C,"=""202179.86""","=""231570.4""","=""2s.2p.(3P*).3d""","=""2P*""","=""3/2""","=""2s.2p.(3P*).5f""","=""2D""","=""3/2""",,"=""T10528""","=""L1176""",
C,2,"=""340.366""","=""0.004""","=""340.367""","=""0.003""","=""15H,u*""","=""""",,"=""202179.86""","=""231551.5""","=""2s.2p.(3P*).3d""","=""2P*""","=""3/2""","=""2s.2p.(3P*).5f""","=""2D""","=""5/2""",,"=""""","=""L1176""",
C,2,"=""340.366""","=""0.004""","=""340.370""","=""0.005""","=""15H,u*""","=""""",,"=""202179.86""","=""231551.2""","=""2s.2p.(3P*).3d""","=""2P*""","=""3/2""","=""2s.2p.(3P*).5f""","=""4D""","=""3/2""",,"=""""","=""L1176""",
C,2,"=""340.433""","=""0.004""","=""340.434""","=""0.003""","=""15H,u""","=""3.2e+07""",C,"=""202204.56""","=""231570.4""","=""2s.2p.(3P*).3d""","=""2P*""","=""1/2""","=""2s.2p.(3P*).5f""","=""2D""","=""3/2""",,"=""T10528""","=""L1176""",
C,2,"=""340.6361""","=""0.0022""","=""340.6353""","=""0.0020""","=""20H""","=""""",,"=""202179.86""","=""231528.35""","=""2s.2p.(3P*).3d""","=""2P*""","=""3/2""","=""2s.2p.(3P*).5f""","=""4D""","=""5/2""",,"=""""","=""L1176""",
C,1,"=""342.0405""","=""0.0005""","=""342.0405""","=""0.0005""","=""2600""","=""""",,"=""60393.1693""","=""89621.09""","=""2s2.2p.3s""","=""3P*""","=""2""","=""2s2.2p.(2P*<3/2>).10p""","=""2[5/2]""","=""3""",,"=""""","=""L17684""",
C,1,"=""345.8503""","=""0.0005""","=""345.8503""","=""0.0005""","=""3900""","=""""",,"=""60393.1693""","=""89299.13""","=""2s2.2p.3s""","=""3P*""","=""2""","=""2s2.2p.(2P*<3/2>).9p""","=""2[5/2]""","=""3""",,"=""""","=""L17684""",
C,3,"=""""","=""""","=""349.824""","=""""","=""""","=""7.07e+07""",B,"=""381105.4""","=""409683""","=""1s2.2p.(2P*).4p""","=""1P""","=""1""","=""1s2.2p.(2P*).5d""","=""1D*""","=""2""",,"=""T5633""","=""""",
C,3,"=""""","=""""","=""350.6783""","=""""","=""""","=""7.21e+08""",B,"=""310006.32""","=""338514.33""","=""1s2.2p.(2P*).3s""","=""1P*""","=""1""","=""1s2.2s.5s""","=""1S""","=""0""",,"=""T5633""","=""""",
C,1,"=""351.4801""","=""0.0005""","=""351.4801""","=""0.0005""","=""6000""","=""""",,"=""60393.1693""","=""88836.15""","=""2s2.2p.3s""","=""3P*""","=""2""","=""2s2.2p.(2P*<3/2>).8p""","=""2[5/2]""","=""3""",,"=""""","=""L17684""",
C,1,"=""351.8314""","=""0.0010""","=""351.8340""","=""0.0004""","=""2700""","=""""",,"=""60352.6584""","=""88767.03""","=""2s2.2p.3s""","=""3P*""","=""1""","=""2s2.2p.(2P*<1/2>).8p""","=""2[3/2]""","=""1""",,"=""""","=""L17684""",
C,5,"=""""","=""""","=""352.6586""","=""0.0004""","=""""","=""1.663e+07""",AA,"=""(2455052.913)""","=""(2483400.8420)""","=""1s.2s""","=""1S""","=""0""","=""1s.2p""","=""1P*""","=""1""",,"=""T5997""","=""""",
C,2,"=""358.1763""","=""0.0007""","=""358.1760""","=""0.0003""","=""21""","=""1.97e+06""",B,"=""181711.05""","=""209622.32""","=""2s.2p.(3P*).3p""","=""4D""","=""3/2""","=""2s.2p.(3P*).4s""","=""4P*""","=""5/2""",,"=""T5109LS""","=""L1176""",
C,2,"=""358.4977""","=""0.0007""","=""358.4972""","=""0.0003""","=""57""","=""1.76e+07""",B,"=""181736.06""","=""209622.32""","=""2s.2p.(3P*).3p""","=""4D""","=""5/2""","=""2s.2p.(3P*).4s""","=""4P*""","=""5/2""",,"=""T5109LS""","=""L1176""",
C,2,"=""358.5809""","=""0.0007""","=""358.5803""","=""0.0004""","=""20""","=""4.90e+06""",B,"=""181696.69""","=""209576.49""","=""2s.2p.(3P*).3p""","=""4D""","=""1/2""","=""2s.2p.(3P*).4s""","=""4P*""","=""3/2""",,"=""T5109LS""","=""L1176""",
C,2,"=""358.7657""","=""0.0007""","=""358.7651""","=""0.0003""","=""44""","=""3.13e+07""",B,"=""181711.05""","=""209576.49""","=""2s.2p.(3P*).3p""","=""4D""","=""3/2""","=""2s.2p.(3P*).4s""","=""4P*""","=""3/2""",,"=""T5109LS""","=""L1176""",
C,2,"=""358.8915""","=""0.0007""","=""358.8905""","=""0.0004""","=""34""","=""4.92e+07""",B+,"=""181696.69""","=""209552.39""","=""2s.2p.(3P*).3p""","=""4D""","=""1/2""","=""2s.2p.(3P*).4s""","=""4P*""","=""1/2""",,"=""T2440""","=""L1176""",
C,2,"=""358.9657""","=""0.0007""","=""358.9650""","=""0.0003""","=""96""","=""7.80e+07""",B,"=""181772.40""","=""209622.32""","=""2s.2p.(3P*).3p""","=""4D""","=""7/2""","=""2s.2p.(3P*).4s""","=""4P*""","=""5/2""",,"=""T5109LS""","=""L1176""",
C,2,"=""359.082""","=""0.003""","=""359.0756""","=""0.0004""","=""150*""","=""4.95e+07""",B+,"=""181711.05""","=""209552.39""","=""2s.2p.(3P*).3p""","=""4D""","=""3/2""","=""2s.2p.(3P*).4s""","=""4P*""","=""1/2""",,"=""T2440""","=""L21568,L1176""",
C,2,"=""359.082""","=""0.003""","=""359.0874""","=""0.0003""","=""150*""","=""6.23e+07""",B+,"=""181736.06""","=""209576.49""","=""2s.2p.(3P*).3p""","=""4D""","=""5/2""","=""2s.2p.(3P*).4s""","=""4P*""","=""3/2""",,"=""T2440""","=""L21568,L1176""",
C,1,"=""359.5140""","=""0.0010""","=""359.5139""","=""0.0014""","=""2700*""","=""""",,"=""61981.83211""","=""89789.23""","=""2s2.2p.3s""","=""1P*""","=""1""","=""2s2.2p.(2P*<1/2>).11p""","=""2[3/2]""","=""1""",,"=""""","=""L17684""",
C,1,"=""359.5140""","=""0.0010""","=""359.5156""","=""0.0004""","=""2700*""","=""""",,"=""60352.6584""","=""88159.93""","=""2s2.2p.3s""","=""3P*""","=""1""","=""2s2.2p.7p""","=""3P""","=""0""",,"=""""","=""L17684""",
C,1,"=""359.5456""","=""0.0005""","=""359.54456""","=""0.00023""","=""2700""","=""""",,"=""60393.1693""","=""88198.20""","=""2s2.2p.3s""","=""3P*""","=""2""","=""2s2.2p.7p""","=""3P""","=""2""",,"=""""","=""L17684""",
C,1,"=""360.1465""","=""0.0005""","=""360.1466""","=""0.0003""","=""2700""","=""""",,"=""60333.4476""","=""88092.00""","=""2s2.2p.3s""","=""3P*""","=""0""","=""2s2.2p.7p""","=""3D""","=""1""",,"=""""","=""L17684""",
C,1,"=""360.3440""","=""0.0005""","=""360.3433""","=""0.0004""","=""4100""","=""""",,"=""60352.6584""","=""88096.06""","=""2s2.2p.3s""","=""3P*""","=""1""","=""2s2.2p.7p""","=""3D""","=""2""",,"=""""","=""L17684""",
C,1,"=""360.3528""","=""0.0005""","=""360.3528""","=""0.0005""","=""6100""","=""""",,"=""60393.1693""","=""88135.84""","=""2s2.2p.3s""","=""3P*""","=""2""","=""2s2.2p.7p""","=""3D""","=""3""",,"=""""","=""L17684""",
C,1,"=""360.3952""","=""0.0005""","=""360.3960""","=""0.0003""","=""2700""","=""""",,"=""60352.6584""","=""88092.00""","=""2s2.2p.3s""","=""3P*""","=""1""","=""2s2.2p.7p""","=""3D""","=""1""",,"=""""","=""L17684""",
C,1,"=""360.7940""","=""0.0005""","=""360.7948""","=""0.0004""","=""2700""","=""""",,"=""60352.6584""","=""88061.34""","=""2s2.2p.3s""","=""3P*""","=""1""","=""2s2.2p.7p""","=""1P""","=""1""",,"=""""","=""L17684""",
C,1,"=""360.8696""","=""0.0005""","=""360.8702""","=""0.0004""","=""4100""","=""""",,"=""60393.1693""","=""88096.06""","=""2s2.2p.3s""","=""3P*""","=""2""","=""2s2.2p.7p""","=""3D""","=""2""",,"=""""","=""L17684""",
C,3,"=""""","=""""","=""360.8778""","=""""","=""""","=""5.45e+07""",B,"=""317794.26""","=""345496.57""","=""1s2.2s.4p""","=""3P*""","=""0""","=""1s2.2s.5d""","=""3D""","=""1""",,"=""T5633LS""","=""""",
C,3,"=""""","=""""","=""360.9052""","=""""","=""""","=""7.36e+07""",B,"=""317796.51""","=""345496.72""","=""1s2.2s.4p""","=""3P*""","=""1""","=""1s2.2s.5d""","=""3D""","=""2""",,"=""T5633LS""","=""""",
C,3,"=""""","=""""","=""360.9071""","=""""","=""""","=""4.09e+07""",B,"=""317796.51""","=""345496.57""","=""1s2.2s.4p""","=""3P*""","=""1""","=""1s2.2s.5d""","=""3D""","=""1""",,"=""T5633LS""","=""""",
C,1,"=""360.9562""","=""0.0005""","=""360.9561""","=""0.0005""","=""2200""","=""""",,"=""61981.83211""","=""89678.13""","=""2s2.2p.3s""","=""1P*""","=""1""","=""2s2.2p.(2P*<3/2>).10p""","=""2[1/2]""","=""0""",,"=""""","=""L17684""",
C,3,"=""""","=""""","=""360.9620""","=""""","=""""","=""9.80e+07""",B,"=""317801.30""","=""345497.15""","=""1s2.2s.4p""","=""3P*""","=""2""","=""1s2.2s.5d""","=""3D""","=""3""",,"=""T5633LS""","=""""",
C,3,"=""""","=""""","=""360.9676""","=""""","=""""","=""2.45e+07""",B,"=""317801.30""","=""345496.72""","=""1s2.2s.4p""","=""3P*""","=""2""","=""1s2.2s.5d""","=""3D""","=""2""",,"=""T5633LS""","=""""",
C,3,"=""""","=""""","=""360.9695""","=""""","=""""","=""2.72e+06""",B,"=""317801.30""","=""345496.57""","=""1s2.2s.4p""","=""3P*""","=""2""","=""1s2.2s.5d""","=""3D""","=""1""",,"=""T5633LS""","=""""",
C,1,"=""362.5609""","=""0.0005""","=""362.5609""","=""0.0005""","=""2200""","=""""",,"=""61981.83211""","=""89555.54""","=""2s2.2p.3s""","=""1P*""","=""1""","=""2s2.2p.(2P*<1/2>).10p""","=""2[3/2]""","=""1""",,"=""""","=""L17684""",
C,1,"=""364.8623""","=""0.0005""","=""364.8622""","=""0.0005""","=""2200""","=""""",,"=""61981.83211""","=""89381.63""","=""2s2.2p.3s""","=""1P*""","=""1""","=""2s2.2p.(2P*<3/2>).9p""","=""2[1/2]""","=""0""",,"=""""","=""L17684""",
C,1,"=""365.2824""","=""0.0005""","=""365.2825""","=""0.0005""","=""2200""","=""""",,"=""61981.83211""","=""89350.11""","=""2s2.2p.3s""","=""1P*""","=""1""","=""2s2.2p.(2P*<3/2>).9p""","=""2[5/2]""","=""2""",,"=""""","=""L17684""",
C,3,"=""""","=""""","=""365.3290""","=""""","=""""","=""9.58e+04""",D,"=""329685.38""","=""357050.17""","=""1s2.2p.(2P*).3p""","=""3P""","=""0""","=""1s2.2s.6p""","=""3P*""","=""1""",,"=""T5633LS""","=""""",
C,3,"=""""","=""""","=""365.5966""","=""""","=""""","=""7.17e+04""",D,"=""329706.47""","=""357051.23""","=""1s2.2p.(2P*).3p""","=""3P""","=""1""","=""1s2.2s.6p""","=""3P*""","=""2""",,"=""T5633LS""","=""""",
C,3,"=""""","=""""","=""365.6108""","=""""","=""""","=""7.17e+04""",D,"=""329706.47""","=""357050.17""","=""1s2.2p.(2P*).3p""","=""3P""","=""1""","=""1s2.2s.6p""","=""3P*""","=""1""",,"=""T5633LS""","=""""",
C,3,"=""""","=""""","=""365.6214""","=""""","=""""","=""2.87e+05""",D,"=""329706.47""","=""357049.38""","=""1s2.2p.(2P*).3p""","=""3P""","=""1""","=""1s2.2s.6p""","=""3P*""","=""0""",,"=""T5633LS""","=""""",
C,3,"=""""","=""""","=""366.0933""","=""""","=""""","=""2.14e+05""",C+,"=""329743.57""","=""357051.23""","=""1s2.2p.(2P*).3p""","=""3P""","=""2""","=""1s2.2s.6p""","=""3P*""","=""2""",,"=""T5633LS""","=""""",
C,3,"=""""","=""""","=""366.1075""","=""""","=""""","=""1.19e+05""",D,"=""329743.57""","=""357050.17""","=""1s2.2p.(2P*).3p""","=""3P""","=""2""","=""1s2.2s.6p""","=""3P*""","=""1""",,"=""T5633LS""","=""""",
C,1,"=""366.8600""","=""0.0005""","=""366.8599""","=""0.0005""","=""3300""","=""""",,"=""61981.83211""","=""89232.43""","=""2s2.2p.3s""","=""1P*""","=""1""","=""2s2.2p.(2P*<1/2>).9p""","=""2[3/2]""","=""1""",,"=""""","=""L17684""",
C,3,"=""""","=""""","=""370.3695""","=""""","=""""","=""5.90e+07""",B,"=""319720.35""","=""346712.73""","=""1s2.2p.(2P*).3p""","=""1P""","=""1""","=""1s2.2p.(2P*).3d""","=""1P*""","=""1""",,"=""T5633""","=""""",
C,1,"=""370.5557""","=""0.0005""","=""370.5557""","=""0.0005""","=""3300""","=""""",,"=""61981.83211""","=""88960.65""","=""2s2.2p.3s""","=""1P*""","=""1""","=""2s2.2p.(2P*<3/2>).8p""","=""2[1/2]""","=""0""",,"=""""","=""L17684""",
C,4,"=""""","=""""","=""370.791""","=""""","=""""","=""8.23e+06""",B,"=""470775.0""","=""[497736.7]""","=""1s2.6p""","=""2P*""","=""1/2""","=""1s2.9s""","=""2S""","=""1/2""",,"=""T3225LS""","=""""",
C,4,"=""""","=""""","=""370.845""","=""""","=""""","=""1.65e+07""",B,"=""470778.9""","=""[497736.7]""","=""1s2.6p""","=""2P*""","=""3/2""","=""1s2.9s""","=""2S""","=""1/2""",,"=""T3225LS""","=""""",
C,4,"=""""","=""""","=""371.015""","=""""","=""""","=""6.65e+05""",B,"=""471370.3""","=""[498315.7]""","=""1s2.6d""","=""2D""","=""3/2""","=""1s2.9p""","=""2P*""","=""3/2""",,"=""T3225LS""","=""""",
C,4,"=""""","=""""","=""371.030""","=""""","=""""","=""6.65e+06""",B,"=""471370.3""","=""[498314.6]""","=""1s2.6d""","=""2D""","=""3/2""","=""1s2.9p""","=""2P*""","=""1/2""",,"=""T3225LS""","=""""",
C,4,"=""""","=""""","=""371.032""","=""""","=""""","=""5.98e+06""",B,"=""471371.5""","=""[498315.7]""","=""1s2.6d""","=""2D""","=""5/2""","=""1s2.9p""","=""2P*""","=""3/2""",,"=""T3225LS""","=""""",
C,1,"=""371.2035""","=""0.0005""","=""371.2035""","=""0.0006""","=""3300""","=""""",,"=""61981.83211""","=""88913.57""","=""2s2.2p.3s""","=""1P*""","=""1""","=""2s2.2p.(2P*<3/2>).8p""","=""2[5/2]""","=""2""",,"=""""","=""L17684""",
C,1,"=""372.9026""","=""0.0005""","=""372.9026""","=""0.0006""","=""4200""","=""""",,"=""61981.83211""","=""88790.86""","=""2s2.2p.3s""","=""1P*""","=""1""","=""2s2.2p.(2P*<1/2>).8p""","=""2[1/2]""","=""1""",,"=""""","=""L17684""",
C,1,"=""373.2349""","=""0.0005""","=""373.2344""","=""0.0004""","=""5000""","=""""",,"=""61981.83211""","=""88767.03""","=""2s2.2p.3s""","=""1P*""","=""1""","=""2s2.2p.(2P*<1/2>).8p""","=""2[3/2]""","=""1""",,"=""""","=""L17684""",
C,1,"=""373.4509""","=""0.0005""","=""373.45067""","=""0.00020""","=""2800""","=""""",,"=""60333.4476""","=""87103.134""","=""2s2.2p.3s""","=""3P*""","=""0""","=""2s2.2p.6p""","=""3P""","=""1""",,"=""""","=""L17684""",
C,1,"=""373.5776""","=""0.0005""","=""373.57775""","=""0.00017""","=""5600""","=""""",,"=""60352.6584""","=""87113.239""","=""2s2.2p.3s""","=""3P*""","=""1""","=""2s2.2p.6p""","=""3P""","=""2""",,"=""""","=""L17684""",
C,1,"=""373.7186""","=""0.0005""","=""373.71887""","=""0.00020""","=""2800""","=""""",,"=""60352.6584""","=""87103.134""","=""2s2.2p.3s""","=""3P*""","=""1""","=""2s2.2p.6p""","=""3P""","=""1""",,"=""""","=""L17684""",
C,1,"=""374.0789""","=""0.0005""","=""374.0787""","=""0.0003""","=""2800""","=""""",,"=""60352.6584""","=""87077.402""","=""2s2.2p.3s""","=""3P*""","=""1""","=""2s2.2p.6p""","=""3P""","=""0""",,"=""""","=""L17684""",
C,1,"=""374.1443""","=""0.0005""","=""374.14415""","=""0.00017""","=""6300""","=""""",,"=""60393.1693""","=""87113.239""","=""2s2.2p.3s""","=""3P*""","=""2""","=""2s2.2p.6p""","=""3P""","=""2""",,"=""""","=""L17684""",
C,1,"=""374.2851""","=""0.0005""","=""374.28570""","=""0.00020""","=""4200""","=""""",,"=""60393.1693""","=""87103.134""","=""2s2.2p.3s""","=""3P*""","=""2""","=""2s2.2p.6p""","=""3P""","=""1""",,"=""""","=""L17684""",
C,1,"=""375.5121""","=""0.0005""","=""375.5122""","=""0.0003""","=""5600""","=""""",,"=""60333.4476""","=""86956.176""","=""2s2.2p.3s""","=""3P*""","=""0""","=""2s2.2p.6p""","=""3D""","=""1""",,"=""""","=""L17684""",
C,1,"=""375.6522""","=""0.0005""","=""375.65177""","=""0.00021""","=""6800""","=""""",,"=""60352.6584""","=""86965.494""","=""2s2.2p.3s""","=""3P*""","=""1""","=""2s2.2p.6p""","=""3D""","=""2""",,"=""""","=""L17684""",
C,1,"=""375.7048""","=""0.0005""","=""375.7039""","=""0.0003""","=""9600""","=""""",,"=""60393.1693""","=""87002.31""","=""2s2.2p.3s""","=""3P*""","=""2""","=""2s2.2p.6p""","=""3D""","=""3""",,"=""""","=""L17684""",
C,1,"=""375.7836""","=""0.0005""","=""375.7833""","=""0.0003""","=""4200""","=""""",,"=""60352.6584""","=""86956.176""","=""2s2.2p.3s""","=""3P*""","=""1""","=""2s2.2p.6p""","=""3D""","=""1""",,"=""""","=""L17684""",
C,1,"=""376.2251""","=""0.0005""","=""376.22449""","=""0.00021""","=""6800""","=""""",,"=""60393.1693""","=""86965.494""","=""2s2.2p.3s""","=""3P*""","=""2""","=""2s2.2p.6p""","=""3D""","=""2""",,"=""""","=""L17684""",
C,1,"=""376.3956""","=""0.0005""","=""376.3958""","=""0.0003""","=""2800""","=""""",,"=""60352.6584""","=""86912.89""","=""2s2.2p.3s""","=""3P*""","=""1""","=""2s2.2p.6p""","=""1P""","=""1""",,"=""""","=""L17684""",
C,3,"=""""","=""""","=""378.943""","=""""","=""""","=""5.32e+06""",B,"=""338514.33""","=""364896""","=""1s2.2s.5s""","=""1S""","=""0""","=""1s2.2s.7p""","=""1P*""","=""1""",,"=""T5633""","=""""",
C,1,"=""379.3678""","=""0.0005""","=""379.3678""","=""0.0004""","=""5100""","=""""",,"=""61981.83211""","=""88333.99""","=""2s2.2p.3s""","=""1P*""","=""1""","=""2s2.2p.7p""","=""1S""","=""0""",,"=""""","=""L17684""",
C,2,"=""380.272""","=""0.010""","=""380.270""","=""0.010""","=""56p(S II)*""","=""1.8e+06""",E,"=""168124.17""","=""194413.79""","=""2s2.4d""","=""2D""","=""3/2""","=""2s2.14f""","=""2F*""","=""5/2""",,"=""T10528""","=""L21568,L22145""",
C,2,"=""380.272""","=""0.010""","=""380.273""","=""0.010""","=""56p(S II)*""","=""1.9e+06""",E,"=""168124.37""","=""194413.80""","=""2s2.4d""","=""2D""","=""5/2""","=""2s2.14f""","=""2F*""","=""7/2""",,"=""T10528""","=""L21568,L22145""",
C,2,"=""380.272""","=""0.010""","=""380.273""","=""0.010""","=""56p(S II)*""","=""1.3e+05""",E,"=""168124.37""","=""194413.79""","=""2s2.4d""","=""2D""","=""5/2""","=""2s2.14f""","=""2F*""","=""5/2""",,"=""T10528""","=""L21568,L22145""",
C,1,"=""380.4305""","=""0.0005""","=""380.4305""","=""0.0004""","=""5100""","=""""",,"=""61981.83211""","=""88260.38""","=""2s2.2p.3s""","=""1P*""","=""1""","=""2s2.2p.7p""","=""1D""","=""2""",,"=""""","=""L17684""",
C,3,"=""""","=""""","=""380.612""","=""""","=""""","=""1.22e+07""",B,"=""344232.98""","=""370499""","=""1s2.2s.5p""","=""3P*""","=""2""","=""1s2.2s.8d""","=""3D""","=""3""",,"=""T5633LS""","=""""",
C,3,"=""""","=""""","=""380.612""","=""""","=""""","=""3.06e+06""",B,"=""344232.98""","=""370499""","=""1s2.2s.5p""","=""3P*""","=""2""","=""1s2.2s.8d""","=""3D""","=""2""",,"=""T5633LS""","=""""",
C,3,"=""""","=""""","=""380.612""","=""""","=""""","=""3.40e+05""",B,"=""344232.98""","=""370499""","=""1s2.2s.5p""","=""3P*""","=""2""","=""1s2.2s.8d""","=""3D""","=""1""",,"=""T5633LS""","=""""",
C,3,"=""""","=""""","=""380.660""","=""""","=""""","=""9.17e+06""",B,"=""344236.29""","=""370499""","=""1s2.2s.5p""","=""3P*""","=""1""","=""1s2.2s.8d""","=""3D""","=""2""",,"=""T5633LS""","=""""",
C,3,"=""""","=""""","=""380.660""","=""""","=""""","=""5.09e+06""",B,"=""344236.29""","=""370499""","=""1s2.2s.5p""","=""3P*""","=""1""","=""1s2.2s.8d""","=""3D""","=""1""",,"=""T5633LS""","=""""",
C,3,"=""""","=""""","=""380.695""","=""""","=""""","=""6.79e+06""",B,"=""344238.68""","=""370499""","=""1s2.2s.5p""","=""3P*""","=""0""","=""1s2.2s.8d""","=""3D""","=""1""",,"=""T5633LS""","=""""",
C,1,"=""382.8849""","=""0.0005""","=""382.8839""","=""0.0003""","=""4200""","=""""",,"=""61981.83211""","=""88092.00""","=""2s2.2p.3s""","=""1P*""","=""1""","=""2s2.2p.7p""","=""3D""","=""1""",,"=""""","=""L17684""",
C,2,"=""383.1743""","=""0.0017""","=""383.1733""","=""0.0009""","=""78hql""","=""2.04e+07""",B,"=""162524.56""","=""188615.01""","=""2s2.4p""","=""2P*""","=""3/2""","=""2s.2p.(3P*).3p""","=""2D""","=""5/2""",,"=""T5109LS""","=""L1176,L4827""",
C,1,"=""383.3347""","=""0.0005""","=""383.3341""","=""0.0004""","=""7300""","=""""",,"=""61981.83211""","=""88061.34""","=""2s2.2p.3s""","=""1P*""","=""1""","=""2s2.2p.7p""","=""1P""","=""1""",,"=""""","=""L17684""",
C,2,"=""383.5730""","=""0.0017""","=""383.5716""","=""0.0007""","=""26hql""","=""1.69e+07""",B,"=""162517.90""","=""188581.26""","=""2s2.4p""","=""2P*""","=""1/2""","=""2s.2p.(3P*).3p""","=""2D""","=""3/2""",,"=""T5109LS""","=""L1176,L4827""",
C,2,"=""383.6683""","=""0.0017""","=""383.6696""","=""0.0007""","=""9hql""","=""3.39e+06""",B,"=""162524.56""","=""188581.26""","=""2s2.4p""","=""2P*""","=""3/2""","=""2s.2p.(3P*).3p""","=""2D""","=""3/2""",,"=""T5109LS""","=""L1176""",
C,3,"=""""","=""""","=""383.8913""","=""""","=""""","=""7.16e+04""",C,"=""332691.28""","=""358732.93""","=""1s2.2p.(2P*).3d""","=""1D*""","=""2""","=""1s2.2s.6d""","=""1D""","=""2""",,"=""T5633""","=""""",
C,3,"=""""","=""""","=""384.4510""","=""""","=""""","=""4.76e+06""",B,"=""333118.21""","=""359121.95""","=""1s2.2p.(2P*).3p""","=""1D""","=""2""","=""1s2.2s.6f""","=""1F*""","=""3""",,"=""T5633""","=""""",
C,2,"=""""","=""""","=""384.6510""","=""0.0006""","=""""","=""2.2e+06""",E,"=""195752.62""","=""221742.84""","=""2s.2p.(3P*).3d""","=""4F*""","=""3/2""","=""2s.2p.(3P*).4f""","=""4D""","=""1/2""",,"=""T10528""","=""""",
C,2,"=""""","=""""","=""385.0417""","=""0.0006""","=""""","=""1.7e+06""",E,"=""195765.88""","=""221729.73""","=""2s.2p.(3P*).3d""","=""4F*""","=""5/2""","=""2s.2p.(3P*).4f""","=""4D""","=""3/2""",,"=""T10528""","=""""",
C,2,"=""""","=""""","=""385.1719""","=""0.0007""","=""""","=""2.8e+04""",E,"=""195752.62""","=""221707.69""","=""2s.2p.(3P*).3d""","=""4F*""","=""3/2""","=""2s.2p.(3P*).4f""","=""4D""","=""5/2""",,"=""T10528""","=""""",
C,2,"=""""","=""""","=""385.3347""","=""0.0010""","=""""","=""5.e+05""",E,"=""195785.75""","=""221729.86""","=""2s.2p.(3P*).3d""","=""4F*""","=""7/2""","=""2s.2p.(3P*).4f""","=""2D""","=""5/2""",,"=""T10528""","=""""",
C,2,"=""""","=""""","=""385.5060""","=""0.0004""","=""""","=""2.1e+04""",E,"=""195765.88""","=""221698.46""","=""2s.2p.(3P*).3d""","=""4F*""","=""5/2""","=""2s.2p.(3P*).4f""","=""4D""","=""7/2""",,"=""T10528""","=""""",
C,2,"=""385.662""","=""0.004""","=""385.6642""","=""0.0007""","=""7h""","=""""",,"=""195785.75""","=""221707.69""","=""2s.2p.(3P*).3d""","=""4F*""","=""7/2""","=""2s.2p.(3P*).4f""","=""4D""","=""5/2""",,"=""""","=""L1176""",
C,2,"=""""","=""""","=""385.8016""","=""0.0004""","=""""","=""1.9e+05""",E,"=""195785.75""","=""221698.46""","=""2s.2p.(3P*).3d""","=""4F*""","=""7/2""","=""2s.2p.(3P*).4f""","=""4D""","=""7/2""",,"=""T10528""","=""""",
C,2,"=""386.2181""","=""0.0007""","=""386.2170""","=""0.0004""","=""11""","=""2.4e+06""",C,"=""195813.62""","=""221698.46""","=""2s.2p.(3P*).3d""","=""4F*""","=""9/2""","=""2s.2p.(3P*).4f""","=""4D""","=""7/2""",,"=""T10528""","=""L1176""",
C,2,"=""386.8874""","=""0.0017""","=""386.8881""","=""0.0012""","=""35h""","=""1.14e+07""",C,"=""195785.75""","=""221625.69""","=""2s.2p.(3P*).3d""","=""4F*""","=""7/2""","=""2s.2p.(3P*).4f""","=""2G""","=""9/2""",,"=""T10528""","=""L1176""",
C,2,"=""387.1669""","=""0.0017""","=""387.1671""","=""0.0012""","=""50h""","=""1.84e+07""",C+,"=""195765.88""","=""221587.20""","=""2s.2p.(3P*).3d""","=""4F*""","=""5/2""","=""2s.2p.(3P*).4f""","=""2G""","=""7/2""",,"=""T10528""","=""L1176""",
C,2,"=""387.3067""","=""0.0017""","=""387.3059""","=""0.0012""","=""7h""","=""""",,"=""195813.62""","=""221625.69""","=""2s.2p.(3P*).3d""","=""4F*""","=""9/2""","=""2s.2p.(3P*).4f""","=""2G""","=""9/2""",,"=""""","=""L1176""",
C,2,"=""387.4666""","=""0.0017""","=""387.4653""","=""0.0012""","=""11h""","=""2.9e+06""",C,"=""195785.75""","=""221587.20""","=""2s.2p.(3P*).3d""","=""4F*""","=""7/2""","=""2s.2p.(3P*).4f""","=""2G""","=""7/2""",,"=""T10528""","=""L1176""",
C,2,"=""387.6055""","=""0.0007""","=""387.6046""","=""0.0006""","=""140""","=""2.13e+08""",B,"=""195752.62""","=""221544.80""","=""2s.2p.(3P*).3d""","=""4F*""","=""3/2""","=""2s.2p.(3P*).4f""","=""4G""","=""5/2""",,"=""T10528""","=""L1176""",
C,2,"=""387.6187""","=""0.0007""","=""387.6187""","=""0.0008""","=""300""","=""2.63e+08""",B+,"=""195813.62""","=""221604.86""","=""2s.2p.(3P*).3d""","=""4F*""","=""9/2""","=""2s.2p.(3P*).4f""","=""4G""","=""11/2""",,"=""T2440""","=""L1176""",
C,2,"=""387.6408""","=""0.0007""","=""387.6402""","=""0.0005""","=""250""","=""2.30e+08""",B+,"=""195785.75""","=""221575.56""","=""2s.2p.(3P*).3d""","=""4F*""","=""7/2""","=""2s.2p.(3P*).4f""","=""4G""","=""9/2""",,"=""T2440""","=""L1176""",
C,2,"=""387.6664""","=""0.0007""","=""387.6650""","=""0.0005""","=""210""","=""1.94e+08""",B,"=""195765.88""","=""221554.04""","=""2s.2p.(3P*).3d""","=""4F*""","=""5/2""","=""2s.2p.(3P*).4f""","=""4G""","=""7/2""",,"=""T10528""","=""L1176""",
C,2,"=""387.8028""","=""0.0007""","=""387.8039""","=""0.0006""","=""40""","=""3.65e+07""",C+,"=""195765.88""","=""221544.80""","=""2s.2p.(3P*).3d""","=""4F*""","=""5/2""","=""2s.2p.(3P*).4f""","=""4G""","=""5/2""",,"=""T10528""","=""L1176""",
C,2,"=""""","=""""","=""387.8843""","=""0.0012""","=""""","=""7.e+04""",E,"=""195813.62""","=""221587.20""","=""2s.2p.(3P*).3d""","=""4F*""","=""9/2""","=""2s.2p.(3P*).4f""","=""2G""","=""7/2""",,"=""T10528""","=""""",
C,2,"=""387.9640""","=""0.0007""","=""387.9639""","=""0.0005""","=""39""","=""3.39e+07""",C+,"=""195785.75""","=""221554.04""","=""2s.2p.(3P*).3d""","=""4F*""","=""7/2""","=""2s.2p.(3P*).4f""","=""4G""","=""7/2""",,"=""T10528""","=""L1176""",
C,2,"=""388.0588""","=""0.0007""","=""388.0595""","=""0.0005""","=""39""","=""2.24e+07""",C+,"=""195813.62""","=""221575.56""","=""2s.2p.(3P*).3d""","=""4F*""","=""9/2""","=""2s.2p.(3P*).4f""","=""4G""","=""9/2""",,"=""T10528""","=""L1176""",
C,2,"=""""","=""""","=""388.1028""","=""0.0023""","=""""","=""5.e+05""",E,"=""157234.05""","=""182993.12""","=""2s2.4s""","=""2S""","=""1/2""","=""2s2.6p""","=""2P*""","=""3/2""",,"=""T10276""","=""""",
C,2,"=""""","=""""","=""388.1031""","=""0.0006""","=""m""","=""""",,"=""195785.75""","=""221544.80""","=""2s.2p.(3P*).3d""","=""4F*""","=""7/2""","=""2s.2p.(3P*).4f""","=""4G""","=""5/2""",,"=""""","=""L1176""",
C,2,"=""""","=""""","=""388.106""","=""0.003""","=""""","=""5.e+05""",E,"=""157234.05""","=""182992.91""","=""2s2.4s""","=""2S""","=""1/2""","=""2s2.6p""","=""2P*""","=""1/2""",,"=""T10276""","=""""",
C,3,"=""""","=""""","=""388.3816""","=""""","=""""","=""9.57e+07""",C+,"=""321411.31""","=""347151.89""","=""1s2.2s.4d""","=""3D""","=""1""","=""1s2.2s.5f""","=""3F*""","=""2""",,"=""T5633LS""","=""""",
C,2,"=""388.3824""","=""0.0007""","=""388.3840""","=""0.0005""","=""15""","=""8.e+05""",E,"=""195813.62""","=""221554.04""","=""2s.2p.(3P*).3d""","=""4F*""","=""9/2""","=""2s.2p.(3P*).4f""","=""4G""","=""7/2""",,"=""T10528""","=""L1176""",
C,3,"=""""","=""""","=""388.5938""","=""""","=""""","=""1.01e+08""",C+,"=""321426.74""","=""347153.26""","=""1s2.2s.4d""","=""3D""","=""2""","=""1s2.2s.5f""","=""3F*""","=""3""",,"=""T5633LS""","=""""",
C,3,"=""""","=""""","=""388.6145""","=""""","=""""","=""1.77e+07""",C+,"=""321426.74""","=""347151.89""","=""1s2.2s.4d""","=""3D""","=""2""","=""1s2.2s.5f""","=""3F*""","=""2""",,"=""T5633LS""","=""""",
C,3,"=""""","=""""","=""388.9137""","=""""","=""""","=""1.13e+08""",C+,"=""321450.05""","=""347155.41""","=""1s2.2s.4d""","=""3D""","=""3""","=""1s2.2s.5f""","=""3F*""","=""4""",,"=""T5633LS""","=""""",
C,3,"=""""","=""""","=""388.9463""","=""""","=""""","=""1.26e+07""",C+,"=""321450.05""","=""347153.26""","=""1s2.2s.4d""","=""3D""","=""3""","=""1s2.2s.5f""","=""3F*""","=""3""",,"=""T5633LS""","=""""",
C,3,"=""""","=""""","=""388.9670""","=""""","=""""","=""4.99e+05""",C+,"=""321450.05""","=""347151.89""","=""1s2.2s.4d""","=""3D""","=""3""","=""1s2.2s.5f""","=""3F*""","=""2""",,"=""T5633LS""","=""""",
C,3,"=""""","=""""","=""391.491""","=""""","=""""","=""2.54e+06""",B,"=""340101.84""","=""365638""","=""1s2.2p.(2P*).3d""","=""3P*""","=""2""","=""1s2.2s.7d""","=""3D""","=""3""",,"=""T5633LS""","=""""",
C,3,"=""""","=""""","=""391.491""","=""""","=""""","=""6.35e+05""",B,"=""340101.84""","=""365638""","=""1s2.2p.(2P*).3d""","=""3P*""","=""2""","=""1s2.2s.7d""","=""3D""","=""2""",,"=""T5633LS""","=""""",
C,3,"=""""","=""""","=""391.491""","=""""","=""""","=""7.06e+04""",C+,"=""340101.84""","=""365638""","=""1s2.2p.(2P*).3d""","=""3P*""","=""2""","=""1s2.2s.7d""","=""3D""","=""1""",,"=""T5633LS""","=""""",
C,3,"=""""","=""""","=""391.885""","=""""","=""""","=""1.90e+06""",B,"=""340127.53""","=""365638""","=""1s2.2p.(2P*).3d""","=""3P*""","=""1""","=""1s2.2s.7d""","=""3D""","=""2""",,"=""T5633LS""","=""""",
C,3,"=""""","=""""","=""391.885""","=""""","=""""","=""1.06e+06""",B,"=""340127.53""","=""365638""","=""1s2.2p.(2P*).3d""","=""3P*""","=""1""","=""1s2.2s.7d""","=""3D""","=""1""",,"=""T5633LS""","=""""",
C,2,"=""391.8978""","=""0.0007""","=""391.8973""","=""0.0004""","=""330""","=""6.36e+07""",B,"=""131724.382""","=""157234.05""","=""2s2.3p""","=""2P*""","=""1/2""","=""2s2.4s""","=""2S""","=""1/2""",,"=""T5109LS""","=""L1176""",
C,2,"=""392.0693""","=""0.0007""","=""392.0686""","=""0.0004""","=""580""","=""1.27e+08""",B,"=""131735.528""","=""157234.05""","=""2s2.3p""","=""2P*""","=""3/2""","=""2s2.4s""","=""2S""","=""1/2""",,"=""T5109LS""","=""L1176""",
C,3,"=""""","=""""","=""392.105""","=""""","=""""","=""1.41e+06""",B,"=""340141.83""","=""365638""","=""1s2.2p.(2P*).3d""","=""3P*""","=""0""","=""1s2.2s.7d""","=""3D""","=""1""",,"=""T5633LS""","=""""",
C,2,"=""""","=""""","=""392.221""","=""0.005""","=""""","=""1.43e+01""",B,"=""116537.648""","=""142026.24""","=""2s2.3s""","=""2S""","=""1/2""","=""2p3""","=""4S*""","=""3/2""",,"=""T7194""","=""""",
C,2,"=""392.401""","=""0.010""","=""392.399""","=""0.009""","=""27w*""","=""2.4e+06""",E,"=""168124.17""","=""193601.23""","=""2s2.4d""","=""2D""","=""3/2""","=""2s2.12f""","=""2F*""","=""5/2""",,"=""T10528""","=""L21568,L22145""",
C,2,"=""392.401""","=""0.010""","=""392.402""","=""0.009""","=""27w*""","=""2.6e+06""",E,"=""168124.37""","=""193601.23""","=""2s2.4d""","=""2D""","=""5/2""","=""2s2.12f""","=""2F*""","=""7/2""",,"=""T10528""","=""L21568,L22145""",
C,2,"=""392.401""","=""0.010""","=""392.402""","=""0.009""","=""27w*""","=""1.7e+05""",E,"=""168124.37""","=""193601.23""","=""2s2.4d""","=""2D""","=""5/2""","=""2s2.12f""","=""2F*""","=""5/2""",,"=""T10528""","=""L21568,L22145""",
C,2,"=""392.913""","=""0.004""","=""392.911""","=""0.005""","=""21*""","=""1.1e+06""",E,"=""168978.24""","=""194422.09""","=""2s2.4f""","=""2F*""","=""5/2""","=""2s2.14g""","=""2G""","=""7/2""",,"=""T10528""","=""L21568""",
C,2,"=""392.913""","=""0.004""","=""392.914""","=""0.005""","=""21*""","=""1.2e+06""",E,"=""168978.42""","=""194422.09""","=""2s2.4f""","=""2F*""","=""7/2""","=""2s2.14g""","=""2G""","=""9/2""",,"=""T10528""","=""L21568""",
C,2,"=""392.913""","=""0.004""","=""392.914""","=""0.005""","=""21*""","=""4.e+04""",E,"=""168978.42""","=""194422.09""","=""2s2.4f""","=""2F*""","=""7/2""","=""2s2.14g""","=""2G""","=""7/2""",,"=""T10528""","=""L21568""",
C,4,"=""""","=""""","=""393.428""","=""""","=""""","=""3.30e+07""",A,"=""445368.5""","=""470778.9""","=""1s2.5s""","=""2S""","=""1/2""","=""1s2.6p""","=""2P*""","=""3/2""",,"=""T5118LS""","=""""",
C,4,"=""""","=""""","=""393.489""","=""""","=""""","=""3.30e+07""",A,"=""445368.5""","=""470775.0""","=""1s2.5s""","=""2S""","=""1/2""","=""1s2.6p""","=""2P*""","=""1/2""",,"=""T5118LS""","=""""",
C,1,"=""394.2223""","=""0.0005""","=""394.2223""","=""0.0005""","=""7900""","=""""",,"=""61981.83211""","=""87341.05""","=""2s2.2p.3s""","=""1P*""","=""1""","=""2s2.2p.6p""","=""1S""","=""0""",,"=""""","=""L17684""",
C,2,"=""394.4193""","=""0.0007""","=""394.4195""","=""0.0005""","=""14""","=""""",,"=""195752.62""","=""221099.16""","=""2s.2p.(3P*).3d""","=""4F*""","=""3/2""","=""2s.2p.(3P*).4f""","=""4F""","=""5/2""",,"=""""","=""L1176""",
C,2,"=""394.5003""","=""0.0007""","=""394.5008""","=""0.0005""","=""24""","=""1.9e+07""",C,"=""195752.62""","=""221093.94""","=""2s.2p.(3P*).3d""","=""4F*""","=""3/2""","=""2s.2p.(3P*).4f""","=""4F""","=""3/2""",,"=""T10528""","=""L1176""",
C,2,"=""394.5197""","=""0.0020""","=""394.5237""","=""0.0005""","=""19""","=""3.4e+06""",C,"=""195765.88""","=""221105.73""","=""2s.2p.(3P*).3d""","=""4F*""","=""5/2""","=""2s.2p.(3P*).4f""","=""2F""","=""7/2""",,"=""T10528""","=""L1176""",
C,2,"=""394.6278""","=""0.0022""","=""394.6260""","=""0.0006""","=""20u""","=""""",,"=""195765.88""","=""221099.16""","=""2s.2p.(3P*).3d""","=""4F*""","=""5/2""","=""2s.2p.(3P*).4f""","=""4F""","=""5/2""",,"=""""","=""L1176""",
C,2,"=""394.6429""","=""0.0022""","=""394.6455""","=""0.0006""","=""7u""","=""5.6e+06""",C,"=""195765.88""","=""221097.91""","=""2s.2p.(3P*).3d""","=""4F*""","=""5/2""","=""2s.2p.(3P*).4f""","=""4F""","=""7/2""",,"=""T10528""","=""L1176""",
C,2,"=""394.7079""","=""0.0007""","=""394.7073""","=""0.0005""","=""11""","=""4.7e+06""",C,"=""195765.88""","=""221093.94""","=""2s.2p.(3P*).3d""","=""4F*""","=""5/2""","=""2s.2p.(3P*).4f""","=""4F""","=""3/2""",,"=""T10528""","=""L1176""",
C,2,"=""394.772""","=""0.009""","=""394.7707""","=""0.0008""","=""32l*""","=""6.9e+06""",C,"=""195785.75""","=""221109.74""","=""2s.2p.(3P*).3d""","=""4F*""","=""7/2""","=""2s.2p.(3P*).4f""","=""4F""","=""9/2""",,"=""T10528""","=""L1176""",
C,2,"=""394.772""","=""0.009""","=""394.7860""","=""0.0006""","=""32l*""","=""""",,"=""195765.88""","=""221088.89""","=""2s.2p.(3P*).3d""","=""4F*""","=""5/2""","=""2s.2p.(3P*).4f""","=""2F""","=""5/2""",,"=""""","=""L1176""",
C,2,"=""394.8333""","=""0.0007""","=""394.8333""","=""0.0005""","=""34""","=""3.6e+06""",C,"=""195785.75""","=""221105.73""","=""2s.2p.(3P*).3d""","=""4F*""","=""7/2""","=""2s.2p.(3P*).4f""","=""2F""","=""7/2""",,"=""T10528""","=""L1176""",
C,2,"=""394.9373""","=""0.0022""","=""394.9358""","=""0.0006""","=""9u""","=""""",,"=""195785.75""","=""221099.16""","=""2s.2p.(3P*).3d""","=""4F*""","=""7/2""","=""2s.2p.(3P*).4f""","=""4F""","=""5/2""",,"=""""","=""L1176""",
C,2,"=""394.9530""","=""0.0022""","=""394.9553""","=""0.0006""","=""19u""","=""1.21e+07""",C,"=""195785.75""","=""221097.91""","=""2s.2p.(3P*).3d""","=""4F*""","=""7/2""","=""2s.2p.(3P*).4f""","=""4F""","=""7/2""",,"=""T10528""","=""L1176""",
C,2,"=""395.2058""","=""0.0007""","=""395.2057""","=""0.0006""","=""63""","=""2.11e+07""",C+,"=""195813.62""","=""221109.74""","=""2s.2p.(3P*).3d""","=""4F*""","=""9/2""","=""2s.2p.(3P*).4f""","=""4F""","=""9/2""",,"=""T10528""","=""L1176""",
C,2,"=""395.2679""","=""0.0007""","=""395.2684""","=""0.0005""","=""9""","=""""",,"=""195813.62""","=""221105.73""","=""2s.2p.(3P*).3d""","=""4F*""","=""9/2""","=""2s.2p.(3P*).4f""","=""2F""","=""7/2""",,"=""""","=""L1176""",
C,2,"=""395.3950""","=""0.0020""","=""395.3906""","=""0.0006""","=""7""","=""1.7e+06""",C,"=""195813.62""","=""221097.91""","=""2s.2p.(3P*).3d""","=""4F*""","=""9/2""","=""2s.2p.(3P*).4f""","=""4F""","=""7/2""",,"=""T10528""","=""L1176""",
C,1,"=""396.1403""","=""0.0005""","=""396.14027""","=""0.00009""","=""7900""","=""""",,"=""61981.83211""","=""87218.275""","=""2s2.2p.3s""","=""1P*""","=""1""","=""2s2.2p.6p""","=""1D""","=""2""",,"=""""","=""L17684""",
C,2,"=""396.892""","=""0.004""","=""396.8877""","=""0.0008""","=""7h""","=""""",,"=""196563.41""","=""221752.33""","=""2s.2p.(3P*).3d""","=""4D*""","=""3/2""","=""2s.2p.(3P*).4f""","=""2D""","=""3/2""",,"=""""","=""L1176""",
C,2,"=""396.9520""","=""0.0007""","=""396.9512""","=""0.0006""","=""14""","=""1.9e+07""",C,"=""196557.95""","=""221742.84""","=""2s.2p.(3P*).3d""","=""4D*""","=""1/2""","=""2s.2p.(3P*).4f""","=""4D""","=""1/2""",,"=""T10528""","=""L1176""",
C,2,"=""397.039""","=""0.004""","=""397.0202""","=""0.0008""","=""19qs*""","=""""",,"=""196571.82""","=""221752.33""","=""2s.2p.(3P*).3d""","=""4D*""","=""5/2""","=""2s.2p.(3P*).4f""","=""2D""","=""3/2""",,"=""""","=""L1176""",
C,2,"=""397.039""","=""0.004""","=""397.0373""","=""0.0006""","=""19qs*""","=""1.9e+07""",C,"=""196563.41""","=""221742.84""","=""2s.2p.(3P*).3d""","=""4D*""","=""3/2""","=""2s.2p.(3P*).4f""","=""4D""","=""1/2""",,"=""T10528""","=""L1176""",
C,2,"=""397.1574""","=""0.0007""","=""397.1579""","=""0.0006""","=""11""","=""6.7e+06""",C,"=""196557.95""","=""221729.73""","=""2s.2p.(3P*).3d""","=""4D*""","=""1/2""","=""2s.2p.(3P*).4f""","=""4D""","=""3/2""",,"=""T10528""","=""L1176""",
C,2,"=""397.244""","=""0.004""","=""397.2420""","=""0.0013""","=""32h*""","=""2.6e+06""",C,"=""196563.41""","=""221729.86""","=""2s.2p.(3P*).3d""","=""4D*""","=""3/2""","=""2s.2p.(3P*).4f""","=""2D""","=""5/2""",,"=""T10528""","=""L1176""",
C,2,"=""397.244""","=""0.004""","=""397.2441""","=""0.0006""","=""32h*""","=""1.5e+07""",C,"=""196563.41""","=""221729.73""","=""2s.2p.(3P*).3d""","=""4D*""","=""3/2""","=""2s.2p.(3P*).4f""","=""4D""","=""3/2""",,"=""T10528""","=""L1176""",
C,2,"=""397.376""","=""0.004""","=""397.3748""","=""0.0011""","=""39h*""","=""6.8e+06""",C,"=""196571.82""","=""221729.86""","=""2s.2p.(3P*).3d""","=""4D*""","=""5/2""","=""2s.2p.(3P*).4f""","=""2D""","=""5/2""",,"=""T10528""","=""L1176""",
C,2,"=""397.376""","=""0.004""","=""397.3769""","=""0.0006""","=""39h*""","=""1.3e+07""",C,"=""196571.82""","=""221729.73""","=""2s.2p.(3P*).3d""","=""4D*""","=""5/2""","=""2s.2p.(3P*).4f""","=""4D""","=""3/2""",,"=""T10528""","=""L1176""",
C,2,"=""397.5341""","=""0.0017""","=""397.5347""","=""0.0011""","=""11h""","=""2.3e+06""",C,"=""196581.94""","=""221729.86""","=""2s.2p.(3P*).3d""","=""4D*""","=""7/2""","=""2s.2p.(3P*).4f""","=""2D""","=""5/2""",,"=""T10528""","=""L1176""",
C,2,"=""397.5953""","=""0.0017""","=""397.5923""","=""0.0008""","=""9h""","=""4.1e+06""",C,"=""196563.41""","=""221707.69""","=""2s.2p.(3P*).3d""","=""4D*""","=""3/2""","=""2s.2p.(3P*).4f""","=""4D""","=""5/2""",,"=""T10528""","=""L1176""",
C,2,"=""397.7269""","=""0.0017""","=""397.7253""","=""0.0008""","=""35h""","=""1.8e+07""",C,"=""196571.82""","=""221707.69""","=""2s.2p.(3P*).3d""","=""4D*""","=""5/2""","=""2s.2p.(3P*).4f""","=""4D""","=""5/2""",,"=""T10528""","=""L1176""",
C,2,"=""397.876""","=""0.004""","=""397.8714""","=""0.0005""","=""19h*""","=""3.6e+06""",C,"=""196571.82""","=""221698.46""","=""2s.2p.(3P*).3d""","=""4D*""","=""5/2""","=""2s.2p.(3P*).4f""","=""4D""","=""7/2""",,"=""T10528""","=""L1176""",
C,2,"=""397.876""","=""0.004""","=""397.8855""","=""0.0008""","=""19h*""","=""5.7e+06""",C,"=""196581.94""","=""221707.69""","=""2s.2p.(3P*).3d""","=""4D*""","=""7/2""","=""2s.2p.(3P*).4f""","=""4D""","=""5/2""",,"=""T10528""","=""L1176""",
C,2,"=""398.0323""","=""0.0007""","=""398.0317""","=""0.0005""","=""69""","=""3.61e+07""",C+,"=""196581.94""","=""221698.46""","=""2s.2p.(3P*).3d""","=""4D*""","=""7/2""","=""2s.2p.(3P*).4f""","=""4D""","=""7/2""",,"=""T10528""","=""L1176""",
C,1,"=""398.6879""","=""0.0010""","=""398.6880""","=""0.0014""","=""2600*""","=""""",,"=""64086.96961""","=""89162.15""","=""2s.2p3""","=""3D*""","=""3""","=""2s2.2p.(2P*<3/2>).8f""","=""2[7/2]""","=""4""",,"=""""","=""L17684""",
C,1,"=""398.6879""","=""0.0010""","=""398.6880""","=""0.0014""","=""2600*""","=""""",,"=""64086.96961""","=""89162.15""","=""2s.2p3""","=""3D*""","=""3""","=""2s2.2p.(2P*<3/2>).8f""","=""2[7/2]""","=""3""",,"=""""","=""L17684""",
C,1,"=""399.6488""","=""0.0010""","=""399.6487""","=""0.0014""","=""1700*""","=""""",,"=""64086.96961""","=""89101.87""","=""2s.2p3""","=""3D*""","=""3""","=""2s2.2p.(2P*<1/2>).8f""","=""2[7/2]""","=""4""",,"=""""","=""L17684""",
C,1,"=""399.6488""","=""0.0010""","=""399.6487""","=""0.0014""","=""1700*""","=""""",,"=""64086.96961""","=""89101.87""","=""2s.2p3""","=""3D*""","=""3""","=""2s2.2p.(2P*<1/2>).8f""","=""2[7/2]""","=""3""",,"=""""","=""L17684""",
C,1,"=""399.6966""","=""0.0005""","=""399.6965""","=""0.0005""","=""1700""","=""""",,"=""64089.8990""","=""89101.81""","=""2s.2p3""","=""3D*""","=""1""","=""2s2.2p.(2P*<1/2>).8f""","=""2[5/2]""","=""2""",,"=""""","=""L17684""",
C,1,"=""399.7136""","=""0.0010""","=""399.7137""","=""0.0014""","=""1700*""","=""""",,"=""64090.99351""","=""89101.83""","=""2s.2p3""","=""3D*""","=""2""","=""2s2.2p.(2P*<1/2>).8f""","=""2[5/2]""","=""3""",,"=""""","=""L17684""",
C,1,"=""399.7136""","=""0.0010""","=""399.7140""","=""0.0005""","=""1700*""","=""""",,"=""64090.99351""","=""89101.81""","=""2s.2p3""","=""3D*""","=""2""","=""2s2.2p.(2P*<1/2>).8f""","=""2[5/2]""","=""2""",,"=""""","=""L17684""",
C,2,"=""399.9890""","=""0.0007""","=""399.9890""","=""0.0005""","=""11""","=""1.5e+06""",C,"=""196581.94""","=""221575.56""","=""2s.2p.(3P*).3d""","=""4D*""","=""7/2""","=""2s.2p.(3P*).4f""","=""4G""","=""9/2""",,"=""T10528""","=""L1176,L22145""",
C,2,"=""400.1717""","=""0.0007""","=""400.1715""","=""0.0005""","=""9""","=""1.3e+06""",C,"=""196571.82""","=""221554.04""","=""2s.2p.(3P*).3d""","=""4D*""","=""5/2""","=""2s.2p.(3P*).4f""","=""4G""","=""7/2""",,"=""T10528""","=""L1176,L22145""",
C,2,"=""""","=""""","=""400.1848""","=""0.0006""","=""""","=""6.e+05""",E,"=""196563.41""","=""221544.80""","=""2s.2p.(3P*).3d""","=""4D*""","=""3/2""","=""2s.2p.(3P*).4f""","=""4G""","=""5/2""",,"=""T10528""","=""""",
C,1,"=""400.2976""","=""0.0005""","=""400.2977""","=""0.0003""","=""5300""","=""""",,"=""61981.83211""","=""86956.176""","=""2s2.2p.3s""","=""1P*""","=""1""","=""2s2.2p.6p""","=""3D""","=""1""",,"=""""","=""L17684""",
C,2,"=""""","=""""","=""400.3196""","=""0.0006""","=""""","=""1.8e+05""",E,"=""196571.82""","=""221544.80""","=""2s.2p.(3P*).3d""","=""4D*""","=""5/2""","=""2s.2p.(3P*).4f""","=""4G""","=""5/2""",,"=""T10528""","=""""",
C,2,"=""""","=""""","=""400.3337""","=""0.0005""","=""""","=""1.7e+05""",E,"=""196581.94""","=""221554.04""","=""2s.2p.(3P*).3d""","=""4D*""","=""7/2""","=""2s.2p.(3P*).4f""","=""4G""","=""7/2""",,"=""T10528""","=""""",
C,2,"=""400.9884""","=""0.0007""","=""400.9886""","=""0.0004""","=""42""","=""9.68e+06""",B,"=""184691.00""","=""209622.32""","=""2s.2p.(3P*).3p""","=""4S""","=""3/2""","=""2s.2p.(3P*).4s""","=""4P*""","=""5/2""",,"=""T5109LS""","=""L1176""",
C,1,"=""400.9930""","=""0.0005""","=""400.9928""","=""0.0004""","=""13000""","=""""",,"=""61981.83211""","=""86912.89""","=""2s2.2p.3s""","=""1P*""","=""1""","=""2s2.2p.6p""","=""1P""","=""1""",,"=""""","=""L17684""",
C,2,"=""401.593""","=""0.003""","=""401.591""","=""0.004""","=""30*""","=""2.9e+06""",E,"=""168124.17""","=""193018.08""","=""2s2.4d""","=""2D""","=""3/2""","=""2s2.11f""","=""2F*""","=""5/2""",,"=""T10528""","=""L21568,L22145""",
C,2,"=""401.593""","=""0.003""","=""401.594""","=""0.003""","=""30*""","=""3.1e+06""",E,"=""168124.37""","=""193018.08""","=""2s2.4d""","=""2D""","=""5/2""","=""2s2.11f""","=""2F*""","=""7/2""",,"=""T10528""","=""L21568,L22145""",
C,2,"=""401.593""","=""0.003""","=""401.594""","=""0.004""","=""30*""","=""2.1e+05""",E,"=""168124.37""","=""193018.08""","=""2s2.4d""","=""2D""","=""5/2""","=""2s2.11f""","=""2F*""","=""5/2""",,"=""T10528""","=""L21568,L22145""",
C,2,"=""401.7278""","=""0.0007""","=""401.7270""","=""0.0003""","=""25""","=""9.60e+06""",B,"=""184691.00""","=""209576.49""","=""2s.2p.(3P*).3p""","=""4S""","=""3/2""","=""2s.2p.(3P*).4s""","=""4P*""","=""3/2""",,"=""T5109LS""","=""L1176""",
C,2,"=""402.1167""","=""0.0007""","=""402.1165""","=""0.0004""","=""15""","=""9.57e+06""",B,"=""184691.00""","=""209552.39""","=""2s.2p.(3P*).3p""","=""4S""","=""3/2""","=""2s.2p.(3P*).4s""","=""4P*""","=""1/2""",,"=""T5109LS""","=""L1176""",
C,1,"=""402.2115""","=""0.0005""","=""402.211452""","=""0.000010""","=""6700""","=""""",,"=""60333.4476""","=""85188.9670""","=""2s2.2p.3s""","=""3P*""","=""0""","=""2s2.2p.5p""","=""3P""","=""1""",,"=""""","=""L17684""",
C,1,"=""402.2841""","=""0.0005""","=""402.284321""","=""0.000007""","=""9700""","=""""",,"=""60352.6584""","=""85203.6756""","=""2s2.2p.3s""","=""3P*""","=""1""","=""2s2.2p.5p""","=""3P""","=""2""",,"=""""","=""L17684""",
C,1,"=""402.5221""","=""0.0005""","=""402.522568""","=""0.000008""","=""4500""","=""""",,"=""60352.6584""","=""85188.9670""","=""2s2.2p.3s""","=""3P*""","=""1""","=""2s2.2p.5p""","=""3P""","=""1""",,"=""""","=""L17684""",
C,2,"=""""","=""""","=""402.536""","=""0.006""","=""""","=""7.5e+06""",C,"=""162517.90""","=""187353.4""","=""2s2.4p""","=""2P*""","=""1/2""","=""2s2.7d""","=""2D""","=""3/2""",,"=""T10276""","=""""",
C,3,"=""""","=""""","=""402.616""","=""""","=""""","=""9.09e+05""",B,"=""345095.43""","=""369926""","=""1s2.2p.(2P*).3p""","=""1S""","=""0""","=""1s2.2s.8p""","=""1P*""","=""1""",,"=""T5633""","=""""",
C,2,"=""""","=""""","=""402.644""","=""0.006""","=""""","=""8.8e+06""",C,"=""162524.56""","=""187353.4""","=""2s2.4p""","=""2P*""","=""3/2""","=""2s2.7d""","=""2D""","=""5/2""",,"=""T10276""","=""""",
C,2,"=""""","=""""","=""402.644""","=""0.006""","=""""","=""1.5e+06""",C,"=""162524.56""","=""187353.4""","=""2s2.4p""","=""2P*""","=""3/2""","=""2s2.7d""","=""2D""","=""3/2""",,"=""T10276""","=""""",
C,1,"=""402.8355""","=""0.0005""","=""402.8357""","=""0.0005""","=""6700""","=""""",,"=""60352.6584""","=""85169.66""","=""2s2.2p.3s""","=""3P*""","=""1""","=""2s2.2p.5p""","=""3P""","=""0""",,"=""""","=""L17684""",
C,1,"=""402.9413""","=""0.0005""","=""402.941190""","=""0.000007""","=""16000""","=""""",,"=""60393.1693""","=""85203.6756""","=""2s2.2p.3s""","=""3P*""","=""2""","=""2s2.2p.5p""","=""3P""","=""2""",,"=""""","=""L17684""",
C,1,"=""403.1795""","=""0.0005""","=""403.180216""","=""0.000008""","=""10000""","=""""",,"=""60393.1693""","=""85188.9670""","=""2s2.2p.3s""","=""3P*""","=""2""","=""2s2.2p.5p""","=""3P""","=""1""",,"=""""","=""L17684""",
C,1,"=""403.3228""","=""0.0005""","=""403.3228""","=""0.0005""","=""1800""","=""""",,"=""64086.96961""","=""88874.00""","=""2s.2p3""","=""3D*""","=""3""","=""2s2.2p.(2P*<3/2>).8p""","=""2[3/2]""","=""2""",,"=""""","=""L17684""",
C,3,"=""""","=""""","=""405.449""","=""""","=""""","=""1.46e+05""",B,"=""341370.94""","=""366028""","=""1s2.2p.(2P*).3d""","=""1F*""","=""3""","=""1s2.2s.7d""","=""1D""","=""2""",,"=""T5633""","=""""",
C,3,"=""405.606""","=""""","=""405.6061""","=""""","=""150""","=""1.07e+08""",B,"=""324212.49""","=""348859.99""","=""1s2.2s.4d""","=""1D""","=""2""","=""1s2.2s.5f""","=""1F*""","=""3""",,"=""T5633""","=""L4827""",
C,2,"=""405.829""","=""0.005""","=""405.8299""","=""0.0023""","=""32*""","=""1.6e+06""",C,"=""168978.24""","=""193612.15""","=""2s2.4f""","=""2F*""","=""5/2""","=""2s2.12g""","=""2G""","=""7/2""",,"=""T10528""","=""L21568,L22145""",
C,2,"=""405.829""","=""0.005""","=""405.8328""","=""0.0021""","=""32*""","=""1.7e+06""",C,"=""168978.42""","=""193612.15""","=""2s2.4f""","=""2F*""","=""7/2""","=""2s2.12g""","=""2G""","=""9/2""",,"=""T10528""","=""L21568,L22145""",
C,2,"=""405.829""","=""0.005""","=""405.8328""","=""0.0021""","=""32*""","=""6.e+04""",E,"=""168978.42""","=""193612.15""","=""2s2.4f""","=""2F*""","=""7/2""","=""2s2.12g""","=""2G""","=""7/2""",,"=""T10528""","=""L21568,L22145""",
C,1,"=""406.3577""","=""0.0005""","=""406.3577""","=""0.0003""","=""6800""","=""""",,"=""60333.4476""","=""84935.362""","=""2s2.2p.3s""","=""3P*""","=""0""","=""2s2.2p.5p""","=""3D""","=""1""",,"=""""","=""L17684""",
C,1,"=""406.4271""","=""0.0005""","=""406.4264""","=""0.0003""","=""11000""","=""""",,"=""60352.6584""","=""84950.41""","=""2s2.2p.3s""","=""3P*""","=""1""","=""2s2.2p.5p""","=""3D""","=""2""",,"=""""","=""L17684""",
C,1,"=""406.5246""","=""0.0005""","=""406.52425""","=""0.00003""","=""14000""","=""""",,"=""60393.1693""","=""84985.0033""","=""2s2.2p.3s""","=""3P*""","=""2""","=""2s2.2p.5p""","=""3D""","=""3""",,"=""""","=""L17684""",
C,1,"=""406.6752""","=""0.0005""","=""406.6752""","=""0.0003""","=""6800""","=""""",,"=""60352.6584""","=""84935.362""","=""2s2.2p.3s""","=""3P*""","=""1""","=""2s2.2p.5p""","=""3D""","=""1""",,"=""""","=""L17684""",
C,3,"=""406.794""","=""""","=""406.7940""","=""""","=""200""","=""3.02e+08""",C+,"=""322003.68""","=""346579.21""","=""1s2.2s.4f""","=""3F*""","=""2""","=""1s2.2s.5g""","=""3G""","=""3""",,"=""T5600c20""","=""L1113""",
C,3,"=""406.891""","=""""","=""406.8916""","=""""","=""250*""","=""2.63e+07""",C+,"=""322009.58""","=""346579.21""","=""1s2.2s.4f""","=""3F*""","=""3""","=""1s2.2s.5g""","=""3G""","=""3""",,"=""T5600c20,n,LS""","=""L1113""",
C,3,"=""406.891""","=""""","=""406.8916""","=""""","=""250*""","=""3.08e+08""",C+,"=""322009.58""","=""346579.21""","=""1s2.2s.4f""","=""3F*""","=""3""","=""1s2.2s.5g""","=""3G""","=""4""",,"=""T5600c20""","=""L1113""",
C,3,"=""407.026""","=""""","=""407.0260""","=""""","=""250""","=""3.28e+08""",C+,"=""322017.97""","=""346579.49""","=""1s2.2s.4f""","=""3F*""","=""4""","=""1s2.2s.5g""","=""3G""","=""5""",,"=""T5600c20""","=""L1113""",
C,3,"=""""","=""""","=""407.0306""","=""""","=""""","=""2.05e+07""",C+,"=""322017.97""","=""346579.21""","=""1s2.2s.4f""","=""3F*""","=""4""","=""1s2.2s.5g""","=""3G""","=""4""",,"=""T5600c20,n,LS""","=""""",
C,3,"=""""","=""""","=""407.0306""","=""""","=""""","=""4.01e+05""",C+,"=""322017.97""","=""346579.21""","=""1s2.2s.4f""","=""3F*""","=""4""","=""1s2.2s.5g""","=""3G""","=""3""",,"=""T5600c20,n,LS""","=""""",
C,1,"=""407.0970""","=""0.0005""","=""407.0969""","=""0.0003""","=""6700""","=""""",,"=""60393.1693""","=""84950.41""","=""2s2.2p.3s""","=""3P*""","=""2""","=""2s2.2p.5p""","=""3D""","=""2""",,"=""""","=""L17684""",
C,1,"=""407.2643""","=""0.0010""","=""407.2643""","=""0.0015""","=""6100*""","=""""",,"=""64086.96961""","=""88634.12""","=""2s.2p3""","=""3D*""","=""3""","=""2s2.2p.(2P*<3/2>).7f""","=""2[7/2]""","=""4""",,"=""""","=""L17684""",
C,1,"=""407.2643""","=""0.0010""","=""407.2658""","=""0.0005""","=""6100*""","=""""",,"=""64086.96961""","=""88634.03""","=""2s.2p3""","=""3D*""","=""3""","=""2s2.2p.(2P*<3/2>).7f""","=""2[7/2]""","=""3""",,"=""""","=""L17684""",
C,1,"=""407.3327""","=""0.0005""","=""407.3325""","=""0.0005""","=""2400""","=""""",,"=""64090.99351""","=""88634.03""","=""2s.2p3""","=""3D*""","=""2""","=""2s2.2p.(2P*<3/2>).7f""","=""2[7/2]""","=""3""",,"=""""","=""L17684""",
C,2,"=""407.452""","=""0.005""","=""407.4495""","=""0.0008""","=""170*""","=""1.51e+08""",C+,"=""196557.95""","=""221093.94""","=""2s.2p.(3P*).3d""","=""4D*""","=""1/2""","=""2s.2p.(3P*).4f""","=""4F""","=""3/2""",,"=""T10528""","=""L1176""",
C,2,"=""407.452""","=""0.005""","=""407.4535""","=""0.0007""","=""170*""","=""1.0e+08""",E,"=""196563.41""","=""221099.16""","=""2s.2p.(3P*).3d""","=""4D*""","=""3/2""","=""2s.2p.(3P*).4f""","=""4F""","=""5/2""",,"=""T10528""","=""L1176""",
C,2,"=""407.4845""","=""0.0007""","=""407.4841""","=""0.0005""","=""110""","=""4.70e+07""",C+,"=""196571.82""","=""221105.73""","=""2s.2p.(3P*).3d""","=""4D*""","=""5/2""","=""2s.2p.(3P*).4f""","=""2F""","=""7/2""",,"=""T10528""","=""L1176""",
C,2,"=""407.5395""","=""0.0007""","=""407.5402""","=""0.0005""","=""20""","=""5.90e+07""",C+,"=""196563.41""","=""221093.94""","=""2s.2p.(3P*).3d""","=""4D*""","=""3/2""","=""2s.2p.(3P*).4f""","=""4F""","=""3/2""",,"=""T10528""","=""L1176""",
C,2,"=""407.585""","=""0.009""","=""407.5856""","=""0.0008""","=""380l*""","=""2.10e+08""",B,"=""196581.94""","=""221109.74""","=""2s.2p.(3P*).3d""","=""4D*""","=""7/2""","=""2s.2p.(3P*).4f""","=""4F""","=""9/2""",,"=""T10528""","=""L1176""",
C,2,"=""407.585""","=""0.009""","=""407.5932""","=""0.0007""","=""380l*""","=""3.1e+07""",E,"=""196571.82""","=""221099.16""","=""2s.2p.(3P*).3d""","=""4D*""","=""5/2""","=""2s.2p.(3P*).4f""","=""4F""","=""5/2""",,"=""T10528""","=""L1176""",
C,2,"=""407.6142""","=""0.0022""","=""407.6140""","=""0.0007""","=""26u""","=""1.35e+08""",B,"=""196571.82""","=""221097.91""","=""2s.2p.(3P*).3d""","=""4D*""","=""5/2""","=""2s.2p.(3P*).4f""","=""4F""","=""7/2""",,"=""T10528""","=""L1176""",
C,2,"=""407.6251""","=""0.0022""","=""407.6241""","=""0.0007""","=""15u""","=""""",,"=""196563.41""","=""221088.89""","=""2s.2p.(3P*).3d""","=""4D*""","=""3/2""","=""2s.2p.(3P*).4f""","=""2F""","=""5/2""",,"=""""","=""L1176""",
C,2,"=""407.6526""","=""0.0007""","=""407.6522""","=""0.0005""","=""20""","=""8.4e+06""",C,"=""196581.94""","=""221105.73""","=""2s.2p.(3P*).3d""","=""4D*""","=""7/2""","=""2s.2p.(3P*).4f""","=""2F""","=""7/2""",,"=""T10528""","=""L1176""",
C,2,"=""407.6830""","=""0.0020""","=""407.6800""","=""0.0005""","=""7""","=""4.1e+06""",C,"=""196571.82""","=""221093.94""","=""2s.2p.(3P*).3d""","=""4D*""","=""5/2""","=""2s.2p.(3P*).4f""","=""4F""","=""3/2""",,"=""T10528""","=""L1176""",
C,2,"=""407.763""","=""0.004""","=""407.7615""","=""0.0007""","=""12u*""","=""""",,"=""196581.94""","=""221099.16""","=""2s.2p.(3P*).3d""","=""4D*""","=""7/2""","=""2s.2p.(3P*).4f""","=""4F""","=""5/2""",,"=""""","=""L1176""",
C,2,"=""407.763""","=""0.004""","=""407.7640""","=""0.0007""","=""12u*""","=""""",,"=""196571.82""","=""221088.89""","=""2s.2p.(3P*).3d""","=""4D*""","=""5/2""","=""2s.2p.(3P*).4f""","=""2F""","=""5/2""",,"=""""","=""L1176""",
C,2,"=""407.7778""","=""0.0022""","=""407.7823""","=""0.0007""","=""20u""","=""2.03e+07""",C+,"=""196581.94""","=""221097.91""","=""2s.2p.(3P*).3d""","=""4D*""","=""7/2""","=""2s.2p.(3P*).4f""","=""4F""","=""7/2""",,"=""T10528""","=""L1176""",
C,1,"=""408.2415""","=""0.0010""","=""408.2415""","=""0.0013""","=""3300p(Ar II)*""","=""""",,"=""64086.96961""","=""88575.36""","=""2s.2p3""","=""3D*""","=""3""","=""2s2.2p.(2P*<1/2>).7f""","=""2[7/2]""","=""3""",,"=""""","=""L17684""",
C,1,"=""408.2415""","=""0.0010""","=""408.2415""","=""0.0013""","=""3300p(Ar II)*""","=""""",,"=""64086.96961""","=""88575.36""","=""2s.2p3""","=""3D*""","=""3""","=""2s2.2p.(2P*<1/2>).7f""","=""2[7/2]""","=""4""",,"=""""","=""L17684""",
C,1,"=""408.2981""","=""0.0005""","=""408.2980""","=""0.0005""","=""2700""","=""""",,"=""64089.8990""","=""88574.90""","=""2s.2p3""","=""3D*""","=""1""","=""2s2.2p.(2P*<1/2>).7f""","=""2[5/2]""","=""2""",,"=""""","=""L17684""",
C,1,"=""408.3161""","=""0.0010""","=""408.3163""","=""0.0005""","=""2700*""","=""""",,"=""64090.99351""","=""88574.90""","=""2s.2p3""","=""3D*""","=""2""","=""2s2.2p.(2P*<1/2>).7f""","=""2[5/2]""","=""2""",,"=""""","=""L17684""",
C,1,"=""408.3161""","=""0.0010""","=""408.3165""","=""0.0008""","=""2700*""","=""""",,"=""64090.99351""","=""88574.89""","=""2s.2p3""","=""3D*""","=""2""","=""2s2.2p.(2P*<1/2>).7f""","=""2[5/2]""","=""3""",,"=""""","=""L17684""",
C,3,"=""""","=""""","=""412.1845""","=""""","=""""","=""8.53e+07""",B,"=""322404.20""","=""346658.34""","=""1s2.2s.4p""","=""1P*""","=""1""","=""1s2.2s.5d""","=""1D""","=""2""",,"=""T5600c20""","=""""",
C,1,"=""414.6264""","=""0.0005""","=""414.6276""","=""0.0003""","=""4000""","=""""",,"=""64086.96961""","=""88198.20""","=""2s.2p3""","=""3D*""","=""3""","=""2s2.2p.7p""","=""3P""","=""2""",,"=""""","=""L17684""",
C,1,"=""414.6971""","=""0.0005""","=""414.6968""","=""0.0003""","=""1900""","=""""",,"=""64090.99351""","=""88198.20""","=""2s.2p3""","=""3D*""","=""2""","=""2s2.2p.7p""","=""3P""","=""2""",,"=""""","=""L17684""",
C,1,"=""414.7976""","=""0.0005""","=""414.7976""","=""0.0005""","=""2700""","=""""",,"=""64090.99351""","=""88192.34""","=""2s.2p3""","=""3D*""","=""2""","=""2s2.2p.7p""","=""3P""","=""1""",,"=""""","=""L17684""",
C,3,"=""""","=""""","=""415.2514""","=""""","=""""","=""5.98e+07""",C+,"=""323076.88""","=""347151.89""","=""1s2.2p.(2P*).3p""","=""3D""","=""1""","=""1s2.2s.5f""","=""3F*""","=""2""",,"=""T5633LS""","=""""",
C,1,"=""415.3374""","=""0.0005""","=""415.3373""","=""0.0005""","=""2300""","=""""",,"=""64089.8990""","=""88159.93""","=""2s.2p3""","=""3D*""","=""1""","=""2s2.2p.7p""","=""3P""","=""0""",,"=""""","=""L17684""",
C,2,"=""415.633""","=""0.005""","=""415.6238""","=""0.0024""","=""120bl(O II,N II)*""","=""2.4e+06""",C,"=""168978.24""","=""193031.68""","=""2s2.4f""","=""2F*""","=""5/2""","=""2s2.11g""","=""2G""","=""7/2""",,"=""T10528""","=""L21568,L22145""",
C,2,"=""415.633""","=""0.005""","=""415.6267""","=""0.0022""","=""120bl(O II,N II)*""","=""2.4e+06""",C,"=""168978.42""","=""193031.69""","=""2s2.4f""","=""2F*""","=""7/2""","=""2s2.11g""","=""2G""","=""9/2""",,"=""T10528""","=""L21568,L22145""",
C,2,"=""415.633""","=""0.005""","=""415.6269""","=""0.0022""","=""120bl(O II,N II)*""","=""9.e+04""",E,"=""168978.42""","=""193031.68""","=""2s2.4f""","=""2F*""","=""7/2""","=""2s2.11g""","=""2G""","=""7/2""",,"=""T10528""","=""L21568,L22145""",
C,3,"=""""","=""""","=""415.6504""","=""""","=""""","=""6.31e+07""",C+,"=""323101.36""","=""347153.26""","=""1s2.2p.(2P*).3p""","=""3D""","=""2""","=""1s2.2s.5f""","=""3F*""","=""3""",,"=""T5633LS""","=""""",
C,3,"=""""","=""""","=""415.6741""","=""""","=""""","=""1.11e+07""",C+,"=""323101.36""","=""347151.89""","=""1s2.2p.(2P*).3p""","=""3D""","=""2""","=""1s2.2s.5f""","=""3F*""","=""2""",,"=""T5633LS""","=""""",
C,1,"=""415.834""","=""0.020""","=""415.7723""","=""0.0007""","=""2000bl(Fe II)""","=""""",,"=""64090.99351""","=""88135.84""","=""2s.2p3""","=""3D*""","=""2""","=""2s2.2p.7p""","=""3D""","=""3""",,"=""""","=""L2138c153""",
C,3,"=""416.286""","=""""","=""416.2877""","=""""","=""150""","=""7.06e+07""",C+,"=""323140.33""","=""347155.41""","=""1s2.2p.(2P*).3p""","=""3D""","=""3""","=""1s2.2s.5f""","=""3F*""","=""4""",,"=""T5633LS""","=""L4827""",
C,3,"=""""","=""""","=""416.3249""","=""""","=""""","=""7.87e+06""",C+,"=""323140.33""","=""347153.26""","=""1s2.2p.(2P*).3p""","=""3D""","=""3""","=""1s2.2s.5f""","=""3F*""","=""3""",,"=""T5633LS""","=""""",
C,3,"=""""","=""""","=""416.3487""","=""""","=""""","=""3.11e+05""",C+,"=""323140.33""","=""347151.89""","=""1s2.2p.(2P*).3p""","=""3D""","=""3""","=""1s2.2s.5f""","=""3F*""","=""2""",,"=""T5633LS""","=""""",
C,3,"=""""","=""""","=""416.624""","=""""","=""""","=""2.30e+06""",B,"=""357109.68""","=""381105.4""","=""1s2.2s.6p""","=""1P*""","=""1""","=""1s2.2p.(2P*).4p""","=""1P""","=""1""",,"=""T5633""","=""""",
C,3,"=""""","=""""","=""416.6973""","=""""","=""""","=""7.31e+06""",B,"=""333118.21""","=""357109.68""","=""1s2.2p.(2P*).3p""","=""1D""","=""2""","=""1s2.2s.6p""","=""1P*""","=""1""",,"=""T5633""","=""""",
C,3,"=""""","=""""","=""417.3088""","=""""","=""""","=""2.01e+06""",B,"=""322702.02""","=""346658.34""","=""1s2.2s.4f""","=""1F*""","=""3""","=""1s2.2s.5d""","=""1D""","=""2""",,"=""T5633""","=""""",
C,3,"=""418.690""","=""""","=""418.6900""","=""""","=""250w""","=""3.50e+08""",B,"=""322702.02""","=""346579.31""","=""1s2.2s.4f""","=""1F*""","=""3""","=""1s2.2s.5g""","=""1G""","=""4""",,"=""T5600c20""","=""L1113""",
C,1,"=""420.9710""","=""0.0010""","=""420.9720""","=""0.0007""","=""1800*""","=""""",,"=""64089.8990""","=""87837.76""","=""2s.2p3""","=""3D*""","=""1""","=""2s2.2p.(2P*<3/2>).6f""","=""2[3/2]""","=""1""",,"=""""","=""L17684""",
C,1,"=""420.9710""","=""0.0010""","=""420.9720""","=""0.0007""","=""1800*""","=""""",,"=""64089.8990""","=""87837.76""","=""2s.2p3""","=""3D*""","=""1""","=""2s2.2p.(2P*<3/2>).6f""","=""2[3/2]""","=""2""",,"=""""","=""L17684""",
C,1,"=""420.9905""","=""0.0010""","=""420.9914""","=""0.0007""","=""1800*""","=""""",,"=""64090.99351""","=""87837.76""","=""2s.2p3""","=""3D*""","=""2""","=""2s2.2p.(2P*<3/2>).6f""","=""2[3/2]""","=""1""",,"=""""","=""L17684""",
C,1,"=""420.9905""","=""0.0010""","=""420.9914""","=""0.0007""","=""1800*""","=""""",,"=""64090.99351""","=""87837.76""","=""2s.2p3""","=""3D*""","=""2""","=""2s2.2p.(2P*<3/2>).6f""","=""2[3/2]""","=""2""",,"=""""","=""L17684""",
C,1,"=""421.1115""","=""0.0010""","=""421.1101""","=""0.0003""","=""4100*""","=""""",,"=""64086.96961""","=""87827.043""","=""2s.2p3""","=""3D*""","=""3""","=""2s2.2p.(2P*<3/2>).6f""","=""2[5/2]""","=""2""",,"=""""","=""L17684""",
C,1,"=""421.1115""","=""0.0010""","=""421.1110""","=""0.0007""","=""4100*""","=""""",,"=""64086.96961""","=""87826.99""","=""2s.2p3""","=""3D*""","=""3""","=""2s2.2p.(2P*<3/2>).6f""","=""2[5/2]""","=""3""",,"=""""","=""L17684""",
C,1,"=""421.1613""","=""0.0005""","=""421.1620""","=""0.0003""","=""2700""","=""""",,"=""64089.8990""","=""87827.043""","=""2s.2p3""","=""3D*""","=""1""","=""2s2.2p.(2P*<3/2>).6f""","=""2[5/2]""","=""2""",,"=""""","=""L17684""",
C,1,"=""421.1817""","=""0.0010""","=""421.1815""","=""0.0003""","=""4100*""","=""""",,"=""64090.99351""","=""87827.043""","=""2s.2p3""","=""3D*""","=""2""","=""2s2.2p.(2P*<3/2>).6f""","=""2[5/2]""","=""2""",,"=""""","=""L17684""",
C,1,"=""421.1817""","=""0.0010""","=""421.1824""","=""0.0007""","=""4100*""","=""""",,"=""64090.99351""","=""87826.99""","=""2s.2p3""","=""3D*""","=""2""","=""2s2.2p.(2P*<3/2>).6f""","=""2[5/2]""","=""3""",,"=""""","=""L17684""",
C,1,"=""421.2342""","=""0.0010""","=""421.2341""","=""0.0014""","=""9200*""","=""""",,"=""64086.96961""","=""87820.05""","=""2s.2p3""","=""3D*""","=""3""","=""2s2.2p.(2P*<3/2>).6f""","=""2[7/2]""","=""4""",,"=""""","=""L17684""",
C,1,"=""421.2342""","=""0.0010""","=""421.2357""","=""0.0005""","=""9200*""","=""""",,"=""64086.96961""","=""87819.96""","=""2s.2p3""","=""3D*""","=""3""","=""2s2.2p.(2P*<3/2>).6f""","=""2[7/2]""","=""3""",,"=""""","=""L17684""",
C,1,"=""421.3074""","=""0.0005""","=""421.3072""","=""0.0005""","=""4000""","=""""",,"=""64090.99351""","=""87819.96""","=""2s.2p3""","=""3D*""","=""2""","=""2s2.2p.(2P*<3/2>).6f""","=""2[7/2]""","=""3""",,"=""""","=""L17684""",
C,4,"=""""","=""""","=""421.906""","=""""","=""""","=""1.02e+07""",B,"=""468784.0""","=""[492479.3]""","=""1s2.6s""","=""2S""","=""1/2""","=""1s2.8p""","=""2P*""","=""3/2""",,"=""T5118LS""","=""""",
C,4,"=""""","=""""","=""421.934""","=""""","=""""","=""1.02e+07""",B,"=""468784.0""","=""[492477.7]""","=""1s2.6s""","=""2S""","=""1/2""","=""1s2.8p""","=""2P*""","=""1/2""",,"=""T5118LS""","=""""",
C,1,"=""422.2466""","=""0.0010""","=""422.2454""","=""0.0011""","=""6100*""","=""""",,"=""64086.96961""","=""87763.21""","=""2s.2p3""","=""3D*""","=""3""","=""2s2.2p.(2P*<1/2>).6f""","=""2[7/2]""","=""3""",,"=""""","=""L17684""",
C,1,"=""422.2466""","=""0.0010""","=""422.2467""","=""0.0014""","=""6100*""","=""""",,"=""64086.96961""","=""87763.14""","=""2s.2p3""","=""3D*""","=""3""","=""2s2.2p.(2P*<1/2>).6f""","=""2[7/2]""","=""4""",,"=""""","=""L17684""",
C,1,"=""422.3159""","=""0.0010""","=""422.3152""","=""0.0003""","=""9200*""","=""""",,"=""64089.8990""","=""87762.23""","=""2s.2p3""","=""3D*""","=""1""","=""2s2.2p.(2P*<1/2>).6f""","=""2[5/2]""","=""2""",,"=""""","=""L17684""",
C,1,"=""422.3159""","=""0.0010""","=""422.3172""","=""0.0011""","=""9200*""","=""""",,"=""64090.99351""","=""87763.21""","=""2s.2p3""","=""3D*""","=""2""","=""2s2.2p.(2P*<1/2>).6f""","=""2[7/2]""","=""3""",,"=""""","=""L17684""",
C,1,"=""422.3360""","=""0.0010""","=""422.3347""","=""0.0003""","=""6100*""","=""""",,"=""64090.99351""","=""87762.23""","=""2s.2p3""","=""3D*""","=""2""","=""2s2.2p.(2P*<1/2>).6f""","=""2[5/2]""","=""2""",,"=""""","=""L17684""",
C,1,"=""422.3360""","=""0.0010""","=""422.3361""","=""0.0009""","=""6100*""","=""""",,"=""64090.99351""","=""87762.15""","=""2s.2p3""","=""3D*""","=""2""","=""2s2.2p.(2P*<1/2>).6f""","=""2[5/2]""","=""3""",,"=""""","=""L17684""",
C,1,"=""422.8326""","=""0.0005""","=""422.83269""","=""0.00007""","=""13000""","=""""",,"=""61981.83211""","=""85625.190""","=""2s2.2p.3s""","=""1P*""","=""1""","=""2s2.2p.5p""","=""1S""","=""0""",,"=""""","=""L17684""",
C,1,"=""""","=""""","=""424.6448""","=""0.0003""","=""""","=""""",,"=""10192.657""","=""33735.121""","=""2s2.2p2""","=""1D""","=""2""","=""2s.2p3""","=""5S*""","=""2""",,"=""""","=""""",
C,3,"=""""","=""""","=""424.7311""","=""""","=""""","=""1.58e+07""",B,"=""319720.35""","=""343258.03""","=""1s2.2p.(2P*).3p""","=""1P""","=""1""","=""1s2.2s.5p""","=""1P*""","=""1""",,"=""T5633""","=""""",
C,3,"=""""","=""""","=""425.210""","=""""","=""""","=""6.02e+06""",B,"=""340101.84""","=""363613""","=""1s2.2p.(2P*).3d""","=""3P*""","=""2""","=""1s2.2s.7s""","=""3S""","=""1""",,"=""T5633LS""","=""""",
C,3,"=""""","=""""","=""425.5304""","=""""","=""""","=""6.96e+03""",D,"=""322003.68""","=""345497.15""","=""1s2.2s.4f""","=""3F*""","=""2""","=""1s2.2s.5d""","=""3D""","=""3""",,"=""T5633LS""","=""""",
C,3,"=""""","=""""","=""425.5382""","=""""","=""""","=""3.45e+05""",C+,"=""322003.68""","=""345496.72""","=""1s2.2s.4f""","=""3F*""","=""2""","=""1s2.2s.5d""","=""3D""","=""2""",,"=""T5633LS""","=""""",
C,3,"=""""","=""""","=""425.5409""","=""""","=""""","=""3.10e+06""",C+,"=""322003.68""","=""345496.57""","=""1s2.2s.4f""","=""3F*""","=""2""","=""1s2.2s.5d""","=""3D""","=""1""",,"=""T5633LS""","=""""",
C,3,"=""""","=""""","=""425.6373""","=""""","=""""","=""2.46e+05""",C+,"=""322009.58""","=""345497.15""","=""1s2.2s.4f""","=""3F*""","=""3""","=""1s2.2s.5d""","=""3D""","=""3""",,"=""T5633LS""","=""""",
C,3,"=""""","=""""","=""425.6451""","=""""","=""""","=""2.75e+06""",C+,"=""322009.58""","=""345496.72""","=""1s2.2s.4f""","=""3F*""","=""3""","=""1s2.2s.5d""","=""3D""","=""2""",,"=""T5633LS""","=""""",
C,3,"=""""","=""""","=""425.675""","=""""","=""""","=""3.60e+06""",B,"=""340127.53""","=""363613""","=""1s2.2p.(2P*).3d""","=""3P*""","=""1""","=""1s2.2s.7s""","=""3S""","=""1""",,"=""T5633LS""","=""""",
C,3,"=""""","=""""","=""425.7894""","=""""","=""""","=""2.84e+06""",C+,"=""322017.97""","=""345497.15""","=""1s2.2s.4f""","=""3F*""","=""4""","=""1s2.2s.5d""","=""3D""","=""3""",,"=""T5633LS""","=""""",
C,3,"=""""","=""""","=""425.935""","=""""","=""""","=""1.20e+06""",B,"=""340141.83""","=""363613""","=""1s2.2p.(2P*).3d""","=""3P*""","=""0""","=""1s2.2s.7s""","=""3S""","=""1""",,"=""T5633LS""","=""""",
C,2,"=""426.7003""","=""0.0007""","=""426.7015""","=""0.0005""","=""1900""","=""2.19e+08""",B+,"=""145549.25""","=""168978.24""","=""2s2.3d""","=""2D""","=""3/2""","=""2s2.4f""","=""2F*""","=""5/2""",,"=""T2440""","=""L1176""",
C,2,"=""426.7258""","=""0.0007""","=""426.7247""","=""0.0005""","=""2600*""","=""2.34e+08""",B+,"=""145550.70""","=""168978.42""","=""2s2.3d""","=""2D""","=""5/2""","=""2s2.4f""","=""2F*""","=""7/2""",,"=""T2440""","=""L1176""",
C,2,"=""426.7258""","=""0.0007""","=""426.7280""","=""0.0007""","=""2600*""","=""1.56e+07""",B+,"=""145550.70""","=""168978.24""","=""2s2.3d""","=""2D""","=""5/2""","=""2s2.4f""","=""2F*""","=""5/2""",,"=""T2440""","=""L1176""",
C,1,"=""426.90197""","=""0.00012""","=""426.90179""","=""0.00009""","=""21000bl""","=""2.1e+06""",E,"=""61981.83211""","=""85399.833""","=""2s2.2p.3s""","=""1P*""","=""1""","=""2s2.2p.5p""","=""1D""","=""2""",,"=""T9787""","=""L12175c183""",
C,3,"=""""","=""""","=""428.198""","=""""","=""""","=""2.08e+06""",C+,"=""347151.89""","=""370499""","=""1s2.2s.5f""","=""3F*""","=""2""","=""1s2.2s.8d""","=""3D""","=""1""",,"=""T5633LS""","=""""",
C,3,"=""""","=""""","=""428.198""","=""""","=""""","=""2.32e+05""",C+,"=""347151.89""","=""370499""","=""1s2.2s.5f""","=""3F*""","=""2""","=""1s2.2s.8d""","=""3D""","=""2""",,"=""T5633LS""","=""""",
C,3,"=""""","=""""","=""428.198""","=""""","=""""","=""4.67e+03""",D,"=""347151.89""","=""370499""","=""1s2.2s.5f""","=""3F*""","=""2""","=""1s2.2s.8d""","=""3D""","=""3""",,"=""T5633LS""","=""""",
C,3,"=""""","=""""","=""428.223""","=""""","=""""","=""1.85e+06""",C+,"=""347153.26""","=""370499""","=""1s2.2s.5f""","=""3F*""","=""3""","=""1s2.2s.8d""","=""3D""","=""2""",,"=""T5633LS""","=""""",
C,3,"=""""","=""""","=""428.223""","=""""","=""""","=""1.65e+05""",C+,"=""347153.26""","=""370499""","=""1s2.2s.5f""","=""3F*""","=""3""","=""1s2.2s.8d""","=""3D""","=""3""",,"=""T5633LS""","=""""",
C,3,"=""""","=""""","=""428.263""","=""""","=""""","=""1.91e+06""",C+,"=""347155.41""","=""370499""","=""1s2.2s.5f""","=""3F*""","=""4""","=""1s2.2s.8d""","=""3D""","=""3""",,"=""T5633LS""","=""""",
C,2,"=""428.5704""","=""0.0017""","=""428.5700""","=""0.0009""","=""30h""","=""2.95e+07""",C+,"=""198425.48""","=""221752.33""","=""2s.2p.(3P*).3d""","=""2D*""","=""3/2""","=""2s.2p.(3P*).4f""","=""2D""","=""3/2""",,"=""T10528""","=""L1176""",
C,2,"=""428.988""","=""0.004""","=""428.9832""","=""0.0015""","=""20h*""","=""""",,"=""198425.48""","=""221729.86""","=""2s.2p.(3P*).3d""","=""2D*""","=""3/2""","=""2s.2p.(3P*).4f""","=""2D""","=""5/2""",,"=""""","=""L1176""",
C,2,"=""428.988""","=""0.004""","=""428.9856""","=""0.0009""","=""20h*""","=""3.5e+06""",C,"=""198425.48""","=""221729.73""","=""2s.2p.(3P*).3d""","=""2D*""","=""3/2""","=""2s.2p.(3P*).4f""","=""4D""","=""3/2""",,"=""T10528""","=""L1176""",
C,2,"=""429.182""","=""0.004""","=""429.1817""","=""0.0015""","=""30h*""","=""2.40e+07""",C+,"=""198436.26""","=""221729.86""","=""2s.2p.(3P*).3d""","=""2D*""","=""5/2""","=""2s.2p.(3P*).4f""","=""2D""","=""5/2""",,"=""T10528""","=""L1176""",
C,2,"=""429.182""","=""0.004""","=""429.1841""","=""0.0007""","=""30h*""","=""""",,"=""198436.26""","=""221729.73""","=""2s.2p.(3P*).3d""","=""2D*""","=""5/2""","=""2s.2p.(3P*).4f""","=""4D""","=""3/2""",,"=""""","=""L1176""",
C,2,"=""429.241""","=""0.003""","=""429.2387""","=""0.0018""","=""63*""","=""2.5e+06""",D+,"=""168978.24""","=""192268.75""","=""2s2.4f""","=""2F*""","=""5/2""","=""2s2.10g""","=""2G""","=""7/2""",,"=""T7476""","=""L21568""",
C,2,"=""429.241""","=""0.003""","=""429.2418""","=""0.0018""","=""63*""","=""2.6e+06""",D+,"=""168978.42""","=""192268.76""","=""2s2.4f""","=""2F*""","=""7/2""","=""2s2.10g""","=""2G""","=""9/2""",,"=""T7476""","=""L21568""",
C,2,"=""429.241""","=""0.003""","=""429.2420""","=""0.0018""","=""63*""","=""9.e+04""",E,"=""168978.42""","=""192268.75""","=""2s2.4f""","=""2F*""","=""7/2""","=""2s2.10g""","=""2G""","=""7/2""",,"=""T7476""","=""L21568""",
C,2,"=""""","=""""","=""429.3917""","=""0.0009""","=""""","=""3.3e+05""",E,"=""198425.48""","=""221707.69""","=""2s.2p.(3P*).3d""","=""2D*""","=""3/2""","=""2s.2p.(3P*).4f""","=""4D""","=""5/2""",,"=""T10528""","=""""",
C,2,"=""429.5920""","=""0.0017""","=""429.5906""","=""0.0009""","=""38h""","=""1.3e+07""",C,"=""198436.26""","=""221707.69""","=""2s.2p.(3P*).3d""","=""2D*""","=""5/2""","=""2s.2p.(3P*).4f""","=""4D""","=""5/2""",,"=""T10528""","=""L1176""",
C,3,"=""""","=""""","=""429.660""","=""""","=""""","=""8.60e+06""",B,"=""346658.34""","=""369926""","=""1s2.2s.5d""","=""1D""","=""2""","=""1s2.2s.8p""","=""1P*""","=""1""",,"=""T5633""","=""""",
C,2,"=""430.633""","=""0.004""","=""430.634""","=""0.003""","=""16hql""","=""3.71e+06""",B,"=""162517.90""","=""185732.93""","=""2s2.4p""","=""2P*""","=""1/2""","=""2s2.7s""","=""2S""","=""1/2""",,"=""T5109LS""","=""L1176""",
C,2,"=""430.759""","=""0.004""","=""430.758""","=""0.003""","=""21hql""","=""7.43e+06""",B,"=""162524.56""","=""185732.93""","=""2s2.4p""","=""2P*""","=""3/2""","=""2s2.7s""","=""2S""","=""1/2""",,"=""T5109LS""","=""L1176""",
C,2,"=""""","=""""","=""430.9317""","=""0.0006""","=""""","=""3.9e+05""",C+,"=""145549.25""","=""168748.26""","=""2s2.3d""","=""2D""","=""3/2""","=""2p3""","=""2P*""","=""3/2""",,"=""T7194""","=""""",
C,2,"=""""","=""""","=""430.9586""","=""0.0006""","=""""","=""3.5e+06""",C+,"=""145550.70""","=""168748.26""","=""2s2.3d""","=""2D""","=""5/2""","=""2p3""","=""2P*""","=""3/2""",,"=""T7194""","=""""",
C,2,"=""""","=""""","=""431.2802""","=""0.0006""","=""""","=""3.9e+06""",C+,"=""145549.25""","=""168729.51""","=""2s2.3d""","=""2D""","=""3/2""","=""2p3""","=""2P*""","=""1/2""",,"=""T7194""","=""""",
C,2,"=""431.3100""","=""0.0007""","=""431.3109""","=""0.0004""","=""60""","=""2.53e+07""",B,"=""186443.71""","=""209622.32""","=""2s.2p.(3P*).3p""","=""4P""","=""3/2""","=""2s.2p.(3P*).4s""","=""4P*""","=""5/2""",,"=""T5109LS""","=""L1176""",
C,2,"=""431.7260""","=""0.0007""","=""431.7267""","=""0.0004""","=""110""","=""5.87e+07""",B,"=""186466.03""","=""209622.32""","=""2s.2p.(3P*).3p""","=""4P""","=""5/2""","=""2s.2p.(3P*).4s""","=""4P*""","=""5/2""",,"=""T5109LS""","=""L1176""",
C,2,"=""""","=""""","=""431.8265""","=""0.0015""","=""""","=""3.2e+05""",E,"=""198436.26""","=""221587.20""","=""2s.2p.(3P*).3d""","=""2D*""","=""5/2""","=""2s.2p.(3P*).4f""","=""2G""","=""7/2""",,"=""T10528""","=""""",
C,2,"=""431.8600""","=""0.0007""","=""431.8604""","=""0.0004""","=""50""","=""3.47e+07""",B+,"=""186427.37""","=""209576.49""","=""2s.2p.(3P*).3p""","=""4P""","=""1/2""","=""2s.2p.(3P*).4s""","=""4P*""","=""3/2""",,"=""T2440""","=""L1176""",
C,2,"=""432.1647""","=""0.0007""","=""432.1655""","=""0.0004""","=""24""","=""1.12e+07""",B,"=""186443.71""","=""209576.49""","=""2s.2p.(3P*).3p""","=""4P""","=""3/2""","=""2s.2p.(3P*).4s""","=""4P*""","=""3/2""",,"=""T5109LS""","=""L1176""",
C,2,"=""432.3102""","=""0.0007""","=""432.3105""","=""0.0004""","=""30w,bl(Co II)""","=""1.37e+07""",B+,"=""186427.37""","=""209552.39""","=""2s.2p.(3P*).3p""","=""4P""","=""1/2""","=""2s.2p.(3P*).4s""","=""4P*""","=""1/2""",,"=""T2440""","=""L1176""",
C,2,"=""""","=""""","=""432.4171""","=""0.0009""","=""""","=""3.5e+05""",E,"=""198425.48""","=""221544.80""","=""2s.2p.(3P*).3d""","=""2D*""","=""3/2""","=""2s.2p.(3P*).4f""","=""4G""","=""5/2""",,"=""T10528""","=""""",
C,2,"=""""","=""""","=""432.4459""","=""0.0007""","=""""","=""4.5e+04""",E,"=""198436.26""","=""221554.04""","=""2s.2p.(3P*).3d""","=""2D*""","=""5/2""","=""2s.2p.(3P*).4f""","=""4G""","=""7/2""",,"=""T10528""","=""""",
C,3,"=""432.556""","=""""","=""432.5561""","=""""","=""200""","=""1.24e+07""",B,"=""310006.32""","=""333118.21""","=""1s2.2p.(2P*).3s""","=""1P*""","=""1""","=""1s2.2p.(2P*).3p""","=""1D""","=""2""",,"=""T5633""","=""L1113""",
C,2,"=""432.5827""","=""0.0007""","=""432.5829""","=""0.0004""","=""29""","=""3.77e+07""",B,"=""186466.03""","=""209576.49""","=""2s.2p.(3P*).3p""","=""4P""","=""5/2""","=""2s.2p.(3P*).4s""","=""4P*""","=""3/2""",,"=""T5109LS""","=""L1176""",
C,2,"=""432.6156""","=""0.0007""","=""432.6162""","=""0.0004""","=""38""","=""6.98e+07""",B,"=""186443.71""","=""209552.39""","=""2s.2p.(3P*).3p""","=""4P""","=""3/2""","=""2s.2p.(3P*).4s""","=""4P*""","=""1/2""",,"=""T5109LS""","=""L1176""",
C,2,"=""432.988""","=""0.003""","=""432.983""","=""0.003""","=""48*""","=""5.3e+06""",D+,"=""168124.17""","=""191213.28""","=""2s2.4d""","=""2D""","=""3/2""","=""2s2.9f""","=""2F*""","=""5/2""",,"=""T7476""","=""L21568""",
C,2,"=""432.988""","=""0.003""","=""432.986""","=""0.003""","=""48*""","=""5.6e+06""",D+,"=""168124.37""","=""191213.29""","=""2s2.4d""","=""2D""","=""5/2""","=""2s2.9f""","=""2F*""","=""7/2""",,"=""T7476""","=""L21568""",
C,2,"=""432.988""","=""0.003""","=""432.987""","=""0.003""","=""48*""","=""3.8e+05""",D+,"=""168124.37""","=""191213.28""","=""2s2.4d""","=""2D""","=""5/2""","=""2s2.9f""","=""2F*""","=""5/2""",,"=""T7476""","=""L21568""",
C,1,"=""434.1640""","=""0.0005""","=""434.16453""","=""0.00023""","=""6000""","=""""",,"=""64086.96961""","=""87113.239""","=""2s.2p3""","=""3D*""","=""3""","=""2s2.2p.6p""","=""3P""","=""2""",,"=""""","=""L17684""",
C,1,"=""434.2396""","=""0.0005""","=""434.24042""","=""0.00023""","=""2300""","=""""",,"=""64090.99351""","=""87113.239""","=""2s.2p3""","=""3D*""","=""2""","=""2s2.2p.6p""","=""3P""","=""2""",,"=""""","=""L17684""",
C,1,"=""434.4111""","=""0.0005""","=""434.4104""","=""0.0003""","=""1900""","=""""",,"=""64089.8990""","=""87103.134""","=""2s.2p3""","=""3D*""","=""1""","=""2s2.2p.6p""","=""3P""","=""1""",,"=""""","=""L17684""",
C,1,"=""434.4309""","=""0.0005""","=""434.4311""","=""0.0003""","=""2800""","=""""",,"=""64090.99351""","=""87103.134""","=""2s.2p3""","=""3D*""","=""2""","=""2s2.2p.6p""","=""3P""","=""1""",,"=""""","=""L17684""",
C,1,"=""434.8966""","=""0.0005""","=""434.8967""","=""0.0004""","=""2300""","=""""",,"=""64089.8990""","=""87077.402""","=""2s.2p3""","=""3D*""","=""1""","=""2s2.2p.6p""","=""3P""","=""0""",,"=""""","=""L17684""",
C,1,"=""435.5408""","=""0.0005""","=""435.5404""","=""0.0003""","=""4100""","=""""",,"=""61981.83211""","=""84935.362""","=""2s2.2p.3s""","=""1P*""","=""1""","=""2s2.2p.5p""","=""3D""","=""1""",,"=""""","=""L17684""",
C,2,"=""436.8047""","=""0.0017""","=""436.8054""","=""0.0010""","=""30h,u""","=""8.8e+06""",C,"=""198865.27""","=""221752.33""","=""2s.2p.(3P*).3d""","=""4P*""","=""3/2""","=""2s.2p.(3P*).4f""","=""2D""","=""3/2""",,"=""T10528""","=""L1176""",
C,2,"=""436.826""","=""0.004""","=""436.8283""","=""0.0013""","=""66u*""","=""1.75e+07""",C+,"=""198844.00""","=""221729.86""","=""2s.2p.(3P*).3d""","=""4P*""","=""5/2""","=""2s.2p.(3P*).4f""","=""2D""","=""5/2""",,"=""T10528""","=""L1176""",
C,2,"=""436.826""","=""0.004""","=""436.8307""","=""0.0008""","=""66u*""","=""8.0e+06""",C,"=""198844.00""","=""221729.73""","=""2s.2p.(3P*).3d""","=""4P*""","=""5/2""","=""2s.2p.(3P*).4f""","=""4D""","=""3/2""",,"=""T10528""","=""L1176""",
C,2,"=""436.9857""","=""0.0007""","=""436.9866""","=""0.0006""","=""29""","=""2.9e+07""",C,"=""198865.27""","=""221742.84""","=""2s.2p.(3P*).3d""","=""4P*""","=""3/2""","=""2s.2p.(3P*).4f""","=""4D""","=""1/2""",,"=""T10528""","=""L1176""",
C,2,"=""437.0661""","=""0.0017""","=""437.0681""","=""0.0010""","=""20h""","=""6.4e+06""",C,"=""198879.03""","=""221752.33""","=""2s.2p.(3P*).3d""","=""4P*""","=""1/2""","=""2s.2p.(3P*).4f""","=""2D""","=""3/2""",,"=""T10528""","=""L1176""",
C,1,"=""437.13814""","=""0.00003""","=""437.13814""","=""0.00003""","=""33000""","=""1.27e+06""",B,"=""61981.83211""","=""84851.4691""","=""2s2.2p.3s""","=""1P*""","=""1""","=""2s2.2p.5p""","=""1P""","=""1""",,"=""T5520""","=""L12175c183""",
C,2,"=""437.235""","=""0.004""","=""437.2346""","=""0.0013""","=""75u*""","=""3.57e+07""",C+,"=""198865.27""","=""221729.86""","=""2s.2p.(3P*).3d""","=""4P*""","=""3/2""","=""2s.2p.(3P*).4f""","=""2D""","=""5/2""",,"=""T10528""","=""L1176""",
C,2,"=""437.235""","=""0.004""","=""437.2371""","=""0.0006""","=""75u*""","=""8.42e+07""",C+,"=""198865.27""","=""221729.73""","=""2s.2p.(3P*).3d""","=""4P*""","=""3/2""","=""2s.2p.(3P*).4f""","=""4D""","=""3/2""",,"=""T10528""","=""L1176""",
C,2,"=""437.249""","=""0.004""","=""437.2496""","=""0.0006""","=""120u*""","=""1.45e+08""",C+,"=""198879.03""","=""221742.84""","=""2s.2p.(3P*).3d""","=""4P*""","=""1/2""","=""2s.2p.(3P*).4f""","=""4D""","=""1/2""",,"=""T10528""","=""L1176""",
C,2,"=""437.249""","=""0.004""","=""437.2518""","=""0.0010""","=""120u*""","=""3.51e+07""",C+,"=""198844.00""","=""221707.69""","=""2s.2p.(3P*).3d""","=""4P*""","=""5/2""","=""2s.2p.(3P*).4f""","=""4D""","=""5/2""",,"=""T10528""","=""L1176""",
C,2,"=""437.4272""","=""0.0007""","=""437.4284""","=""0.0006""","=""190""","=""1.72e+08""",B,"=""198844.00""","=""221698.46""","=""2s.2p.(3P*).3d""","=""4P*""","=""5/2""","=""2s.2p.(3P*).4f""","=""4D""","=""7/2""",,"=""T10528""","=""L1176""",
C,2,"=""437.5009""","=""0.0007""","=""437.5004""","=""0.0006""","=""50""","=""6.54e+07""",C+,"=""198879.03""","=""221729.73""","=""2s.2p.(3P*).3d""","=""4P*""","=""1/2""","=""2s.2p.(3P*).4f""","=""4D""","=""3/2""",,"=""T10528""","=""L1176""",
C,2,"=""437.6562""","=""0.0017""","=""437.6590""","=""0.0010""","=""61h""","=""1.19e+08""",B+,"=""198865.27""","=""221707.69""","=""2s.2p.(3P*).3d""","=""4P*""","=""3/2""","=""2s.2p.(3P*).4f""","=""4D""","=""5/2""",,"=""T2440""","=""L1176""",
C,3,"=""""","=""""","=""437.9476""","=""""","=""""","=""2.58e+07""",B,"=""321411.31""","=""344238.68""","=""1s2.2s.4d""","=""3D""","=""1""","=""1s2.2s.5p""","=""3P*""","=""0""",,"=""T5633LS""","=""""",
C,3,"=""""","=""""","=""437.9934""","=""""","=""""","=""6.45e+06""",B,"=""321411.31""","=""344236.29""","=""1s2.2s.4d""","=""3D""","=""1""","=""1s2.2s.5p""","=""3P*""","=""1""",,"=""T5633LS""","=""""",
C,3,"=""""","=""""","=""438.0569""","=""""","=""""","=""2.58e+05""",B,"=""321411.31""","=""344232.98""","=""1s2.2s.4d""","=""3D""","=""1""","=""1s2.2s.5p""","=""3P*""","=""2""",,"=""T5633LS""","=""""",
C,3,"=""""","=""""","=""438.2897""","=""""","=""""","=""1.93e+07""",B,"=""321426.74""","=""344236.29""","=""1s2.2s.4d""","=""3D""","=""2""","=""1s2.2s.5p""","=""3P*""","=""1""",,"=""T5633LS""","=""""",
C,3,"=""""","=""""","=""438.3533""","=""""","=""""","=""3.86e+06""",B,"=""321426.74""","=""344232.98""","=""1s2.2s.4d""","=""3D""","=""2""","=""1s2.2s.5p""","=""3P*""","=""2""",,"=""T5633LS""","=""""",
C,3,"=""""","=""""","=""438.8018""","=""""","=""""","=""2.16e+07""",B,"=""321450.05""","=""344232.98""","=""1s2.2s.4d""","=""3D""","=""3""","=""1s2.2s.5p""","=""3P*""","=""2""",,"=""T5633LS""","=""""",
C,3,"=""""","=""""","=""439.052""","=""""","=""""","=""1.16e+07""",B,"=""343258.03""","=""366028""","=""1s2.2s.5p""","=""1P*""","=""1""","=""1s2.2s.7d""","=""1D""","=""2""",,"=""T5633""","=""""",
C,2,"=""""","=""""","=""440.2102""","=""0.0006""","=""""","=""1.4e+04""",E,"=""198844.00""","=""221554.04""","=""2s.2p.(3P*).3d""","=""4P*""","=""5/2""","=""2s.2p.(3P*).4f""","=""4G""","=""7/2""",,"=""T10528""","=""""",
C,3,"=""""","=""""","=""440.5751""","=""""","=""""","=""4.41e+07""",B,"=""322404.20""","=""345095.43""","=""1s2.2s.4p""","=""1P*""","=""1""","=""1s2.2p.(2P*).3p""","=""1S""","=""0""",,"=""T5633""","=""""",
C,2,"=""440.9161""","=""0.0007""","=""440.9162""","=""0.0006""","=""36""","=""""",,"=""198425.48""","=""221099.16""","=""2s.2p.(3P*).3d""","=""2D*""","=""3/2""","=""2s.2p.(3P*).4f""","=""4F""","=""5/2""",,"=""""","=""L1176""",
C,2,"=""440.9979""","=""0.0007""","=""440.9981""","=""0.0006""","=""100""","=""1.48e+08""",B,"=""198436.26""","=""221105.73""","=""2s.2p.(3P*).3d""","=""2D*""","=""5/2""","=""2s.2p.(3P*).4f""","=""2F""","=""7/2""",,"=""T10528""","=""L1176""",
C,2,"=""441.1163""","=""0.0007""","=""441.1160""","=""0.0006""","=""140""","=""1.86e+08""",B+,"=""198425.48""","=""221088.89""","=""2s.2p.(3P*).3d""","=""2D*""","=""3/2""","=""2s.2p.(3P*).4f""","=""2F""","=""5/2""",,"=""T2440""","=""L1176""",
C,2,"=""441.1506""","=""0.0007""","=""441.1502""","=""0.0006""","=""160""","=""5.30e+07""",C+,"=""198436.26""","=""221097.91""","=""2s.2p.(3P*).3d""","=""2D*""","=""5/2""","=""2s.2p.(3P*).4f""","=""4F""","=""7/2""",,"=""T10528""","=""L1176""",
C,2,"=""441.3255""","=""0.0007""","=""441.3259""","=""0.0006""","=""29""","=""""",,"=""198436.26""","=""221088.89""","=""2s.2p.(3P*).3d""","=""2D*""","=""5/2""","=""2s.2p.(3P*).4f""","=""2F""","=""5/2""",,"=""""","=""L1176""",
C,4,"=""""","=""""","=""444.034""","=""""","=""""","=""8.72e+07""",A,"=""448855.8""","=""471370.3""","=""1s2.5p""","=""2P*""","=""1/2""","=""1s2.6d""","=""2D""","=""3/2""",,"=""T5118LS""","=""""",
C,4,"=""""","=""""","=""444.150""","=""""","=""""","=""1.05e+08""",A,"=""448862.9""","=""471371.5""","=""1s2.5p""","=""2P*""","=""3/2""","=""1s2.6d""","=""2D""","=""5/2""",,"=""T5118LS""","=""""",
C,4,"=""""","=""""","=""444.174""","=""""","=""""","=""1.74e+07""",A,"=""448862.9""","=""471370.3""","=""1s2.5p""","=""2P*""","=""3/2""","=""1s2.6d""","=""2D""","=""3/2""",,"=""T5118LS""","=""""",
C,3,"=""""","=""""","=""444.3150""","=""""","=""""","=""8.09e+05""",B,"=""324212.49""","=""346712.73""","=""1s2.2s.4d""","=""1D""","=""2""","=""1s2.2p.(2P*).3d""","=""1P*""","=""1""",,"=""T5633""","=""""",
C,1,"=""446.1300""","=""0.0010""","=""446.12697""","=""0.00012""","=""2800*""","=""""",,"=""64089.8990""","=""86498.753""","=""2s.2p3""","=""3D*""","=""1""","=""2s2.2p.(2P*<3/2>).5f""","=""2[3/2]""","=""2""",,"=""""","=""L17684""",
C,1,"=""446.1300""","=""0.0010""","=""446.13155""","=""0.00022""","=""2800*""","=""""",,"=""64089.8990""","=""86498.523""","=""2s.2p3""","=""3D*""","=""1""","=""2s2.2p.(2P*<3/2>).5f""","=""2[3/2]""","=""1""",,"=""""","=""L17684""",
C,1,"=""446.1500""","=""0.0010""","=""446.14876""","=""0.00012""","=""2800*""","=""""",,"=""64090.99351""","=""86498.753""","=""2s.2p3""","=""3D*""","=""2""","=""2s2.2p.(2P*<3/2>).5f""","=""2[3/2]""","=""2""",,"=""""","=""L17684""",
C,1,"=""446.1500""","=""0.0010""","=""446.15334""","=""0.00022""","=""2800*""","=""""",,"=""64090.99351""","=""86498.523""","=""2s.2p3""","=""3D*""","=""2""","=""2s2.2p.(2P*<3/2>).5f""","=""2[3/2]""","=""1""",,"=""""","=""L17684""",
C,1,"=""446.3886""","=""0.0010""","=""446.38653""","=""0.00005""","=""4300*""","=""""",,"=""64086.96961""","=""86482.794""","=""2s.2p3""","=""3D*""","=""3""","=""2s2.2p.(2P*<3/2>).5f""","=""2[5/2]""","=""2""",,"=""""","=""L17684""",
C,1,"=""446.3886""","=""0.0010""","=""446.38895""","=""0.00003""","=""4300*""","=""""",,"=""64086.96961""","=""86482.6727""","=""2s.2p3""","=""3D*""","=""3""","=""2s2.2p.(2P*<3/2>).5f""","=""2[5/2]""","=""3""",,"=""""","=""L17684""",
C,1,"=""446.4448""","=""0.0005""","=""446.44492""","=""0.00005""","=""2800""","=""""",,"=""64089.8990""","=""86482.794""","=""2s.2p3""","=""3D*""","=""1""","=""2s2.2p.(2P*<3/2>).5f""","=""2[5/2]""","=""2""",,"=""""","=""L17684""",
C,1,"=""446.4677""","=""0.0010""","=""446.46675""","=""0.00005""","=""4300*""","=""""",,"=""64090.99351""","=""86482.794""","=""2s.2p3""","=""3D*""","=""2""","=""2s2.2p.(2P*<3/2>).5f""","=""2[5/2]""","=""2""",,"=""""","=""L17684""",
C,1,"=""446.4677""","=""0.0010""","=""446.46917""","=""0.00003""","=""4300*""","=""""",,"=""64090.99351""","=""86482.6727""","=""2s.2p3""","=""3D*""","=""2""","=""2s2.2p.(2P*<3/2>).5f""","=""2[5/2]""","=""3""",,"=""""","=""L17684""",
C,1,"=""446.6476""","=""0.0010""","=""446.647168""","=""0.000018""","=""14000*""","=""""",,"=""64086.96961""","=""86469.7252""","=""2s.2p3""","=""3D*""","=""3""","=""2s2.2p.(2P*<3/2>).5f""","=""2[7/2]""","=""4""",,"=""""","=""L17684""",
C,1,"=""446.6476""","=""0.0010""","=""446.65079""","=""0.00003""","=""14000*""","=""""",,"=""64086.96961""","=""86469.5436""","=""2s.2p3""","=""3D*""","=""3""","=""2s2.2p.(2P*<3/2>).5f""","=""2[7/2]""","=""3""",,"=""""","=""L17684""",
C,1,"=""446.7309""","=""0.0005""","=""446.73111""","=""0.00003""","=""3900""","=""""",,"=""64090.99351""","=""86469.5436""","=""2s.2p3""","=""3D*""","=""2""","=""2s2.2p.(2P*<3/2>).5f""","=""2[7/2]""","=""3""",,"=""""","=""L17684""",
C,1,"=""447.7472""","=""0.0010""","=""447.746591""","=""0.000016""","=""9600*""","=""""",,"=""64086.96961""","=""86414.7662""","=""2s.2p3""","=""3D*""","=""3""","=""2s2.2p.(2P*<1/2>).5f""","=""2[7/2]""","=""4""",,"=""""","=""L17684""",
C,1,"=""447.7472""","=""0.0010""","=""447.750602""","=""0.000024""","=""9600*""","=""""",,"=""64086.96961""","=""86414.5662""","=""2s.2p3""","=""3D*""","=""3""","=""2s2.2p.(2P*<1/2>).5f""","=""2[7/2]""","=""3""",,"=""""","=""L17684""",
C,1,"=""447.8319""","=""0.0005""","=""447.831312""","=""0.000024""","=""4300""","=""""",,"=""64090.99351""","=""86414.5662""","=""2s.2p3""","=""3D*""","=""2""","=""2s2.2p.(2P*<1/2>).5f""","=""2[7/2]""","=""3""",,"=""""","=""L17684""",
C,1,"=""447.8588""","=""0.0005""","=""447.85821""","=""0.00003""","=""13000""","=""""",,"=""64089.8990""","=""86412.1310""","=""2s.2p3""","=""3D*""","=""1""","=""2s2.2p.(2P*<1/2>).5f""","=""2[5/2]""","=""2""",,"=""""","=""L17684""",
C,1,"=""447.8825""","=""0.0010""","=""447.88017""","=""0.00003""","=""9600*""","=""""",,"=""64090.99351""","=""86412.1310""","=""2s.2p3""","=""3D*""","=""2""","=""2s2.2p.(2P*<1/2>).5f""","=""2[5/2]""","=""2""",,"=""""","=""L17684""",
C,1,"=""447.8825""","=""0.0010""","=""447.88219""","=""0.00003""","=""9600*""","=""""",,"=""64090.99351""","=""86412.0301""","=""2s.2p3""","=""3D*""","=""2""","=""2s2.2p.(2P*<1/2>).5f""","=""2[5/2]""","=""3""",,"=""""","=""L17684""",
C,2,"=""""","=""""","=""449.0754""","=""0.0006""","=""""","=""1.8e+05""",E,"=""198844.00""","=""221105.73""","=""2s.2p.(3P*).3d""","=""4P*""","=""5/2""","=""2s.2p.(3P*).4f""","=""2F""","=""7/2""",,"=""T10528""","=""""",
C,2,"=""449.128""","=""0.004""","=""449.1305""","=""0.0020""","=""86p(O II)*""","=""3.7e+06""",D+,"=""168978.24""","=""191237.24""","=""2s2.4f""","=""2F*""","=""5/2""","=""2s2.9g""","=""2G""","=""7/2""",,"=""T7476""","=""L21568""",
C,2,"=""449.128""","=""0.004""","=""449.1339""","=""0.0020""","=""86p(O II)*""","=""3.8e+06""",D+,"=""168978.42""","=""191237.25""","=""2s2.4f""","=""2F*""","=""7/2""","=""2s2.9g""","=""2G""","=""9/2""",,"=""T7476""","=""L21568""",
C,2,"=""449.128""","=""0.004""","=""449.1341""","=""0.0020""","=""86p(O II)*""","=""1.4e+05""",E,"=""168978.42""","=""191237.24""","=""2s2.4f""","=""2F*""","=""7/2""","=""2s2.9g""","=""2G""","=""7/2""",,"=""T7476""","=""L21568""",
C,2,"=""""","=""""","=""449.2080""","=""0.0008""","=""""","=""4.1e+04""",E,"=""198844.00""","=""221099.16""","=""2s.2p.(3P*).3d""","=""4P*""","=""5/2""","=""2s.2p.(3P*).4f""","=""4F""","=""5/2""",,"=""T10528""","=""""",
C,2,"=""""","=""""","=""449.6377""","=""0.0008""","=""""","=""1.0e+05""",E,"=""198865.27""","=""221099.16""","=""2s.2p.(3P*).3d""","=""4P*""","=""3/2""","=""2s.2p.(3P*).4f""","=""4F""","=""5/2""",,"=""T10528""","=""""",
C,2,"=""""","=""""","=""449.7433""","=""0.0006""","=""""","=""3.9e+04""",E,"=""198865.27""","=""221093.94""","=""2s.2p.(3P*).3d""","=""4P*""","=""3/2""","=""2s.2p.(3P*).4f""","=""4F""","=""3/2""",,"=""T10528""","=""""",
C,2,"=""""","=""""","=""450.0219""","=""0.0006""","=""""","=""3.1e+04""",E,"=""198879.03""","=""221093.94""","=""2s.2p.(3P*).3d""","=""4P*""","=""1/2""","=""2s.2p.(3P*).4f""","=""4F""","=""3/2""",,"=""T10528""","=""""",
C,3,"=""""","=""""","=""451.5352""","=""""","=""""","=""1.91e+07""",B,"=""317794.26""","=""339934.72""","=""1s2.2s.4p""","=""3P*""","=""0""","=""1s2.2s.5s""","=""3S""","=""1""",,"=""T5633LS""","=""""",
C,3,"=""""","=""""","=""451.5811""","=""""","=""""","=""5.73e+07""",B,"=""317796.51""","=""339934.72""","=""1s2.2s.4p""","=""3P*""","=""1""","=""1s2.2s.5s""","=""3S""","=""1""",,"=""T5633LS""","=""""",
C,3,"=""""","=""""","=""451.6788""","=""""","=""""","=""9.54e+07""",B,"=""317801.30""","=""339934.72""","=""1s2.2s.4p""","=""3P*""","=""2""","=""1s2.2s.5s""","=""3S""","=""1""",,"=""T5633LS""","=""""",
C,1,"=""""","=""""","=""456.510527""","=""0.000009""","=""m""","=""""",,"=""60352.6584""","=""82251.82041""","=""2s2.2p.3s""","=""3P*""","=""1""","=""2s2.2p.4p""","=""1S""","=""0""",,"=""""","=""L12175""",
C,2,"=""""","=""""","=""460.180""","=""0.003""","=""""","=""6.e+05""",E,"=""199983.13""","=""221707.69""","=""2s.2p.(3P*).3d""","=""2F*""","=""7/2""","=""2s.2p.(3P*).4f""","=""4D""","=""5/2""",,"=""T10528""","=""""",
C,2,"=""""","=""""","=""460.3752""","=""0.0023""","=""""","=""2.7e+04""",E,"=""199983.13""","=""221698.46""","=""2s.2p.(3P*).3d""","=""2F*""","=""7/2""","=""2s.2p.(3P*).4f""","=""4D""","=""7/2""",,"=""T10528""","=""""",
C,2,"=""461.840""","=""0.009""","=""461.851""","=""0.003""","=""87h,u""","=""1.93e+08""",B+,"=""199941.27""","=""221587.20""","=""2s.2p.(3P*).3d""","=""2F*""","=""5/2""","=""2s.2p.(3P*).4f""","=""2G""","=""7/2""",,"=""T2440""","=""L1176""",
C,2,"=""461.923""","=""0.009""","=""461.923""","=""0.003""","=""150h,u""","=""2.06e+08""",B,"=""199983.13""","=""221625.69""","=""2s.2p.(3P*).3d""","=""2F*""","=""7/2""","=""2s.2p.(3P*).4f""","=""2G""","=""9/2""",,"=""T10528""","=""L1176""",
C,2,"=""462.035""","=""0.003""","=""462.028""","=""0.003""","=""70*""","=""7.8e+06""",D+,"=""168124.17""","=""189761.84""","=""2s2.4d""","=""2D""","=""3/2""","=""2s2.8f""","=""2F*""","=""5/2""",,"=""T7476""","=""L21568""",
C,2,"=""462.035""","=""0.003""","=""462.0316""","=""0.0023""","=""70*""","=""8.32e+06""",B,"=""168124.37""","=""189761.85""","=""2s2.4d""","=""2D""","=""5/2""","=""2s2.8f""","=""2F*""","=""7/2""",,"=""T7476""","=""L21568""",
C,2,"=""462.035""","=""0.003""","=""462.0318""","=""0.0023""","=""70*""","=""5.5e+05""",D+,"=""168124.37""","=""189761.84""","=""2s2.4d""","=""2D""","=""5/2""","=""2s2.8f""","=""2F*""","=""5/2""",,"=""T7476""","=""L21568""",
C,1,"=""462.15695""","=""0.00007""","=""462.15693""","=""0.00006""","=""3r""","=""2.3e-03""",C+,"=""16.4167130""","=""21648.030""","=""2s2.2p2""","=""3P""","=""1""","=""2s2.2p2""","=""1S""","=""0""",M1,"=""T7851""","=""L12175c183""",
C,2,"=""462.556""","=""0.003""","=""462.5599""","=""0.0021""","=""47h""","=""1.78e+07""",C+,"=""199941.27""","=""221554.04""","=""2s.2p.(3P*).3d""","=""2F*""","=""5/2""","=""2s.2p.(3P*).4f""","=""4G""","=""7/2""",,"=""T10528""","=""L1176""",
C,1,"=""462.73438""","=""0.00022""","=""462.73444""","=""0.00006""","=""1i""","=""2.2e-05""",C,"=""43.4134567""","=""21648.030""","=""2s2.2p2""","=""3P""","=""2""","=""2s2.2p2""","=""1S""","=""0""",E2,"=""T7851""","=""L12175c183""",
C,2,"=""462.744""","=""0.004""","=""462.746""","=""0.003""","=""28h""","=""9.39e+06""",C+,"=""199983.13""","=""221587.20""","=""2s.2p.(3P*).3d""","=""2F*""","=""7/2""","=""2s.2p.(3P*).4f""","=""2G""","=""7/2""",,"=""T2440""","=""L1176""",
C,2,"=""""","=""""","=""462.7577""","=""0.0024""","=""""","=""3.4e+04""",E,"=""199941.27""","=""221544.80""","=""2s.2p.(3P*).3d""","=""2F*""","=""5/2""","=""2s.2p.(3P*).4f""","=""4G""","=""5/2""",,"=""T10528""","=""""",
C,2,"=""462.998""","=""0.004""","=""462.9956""","=""0.0024""","=""36h""","=""1.04e+07""",C+,"=""199983.13""","=""221575.56""","=""2s.2p.(3P*).3d""","=""2F*""","=""7/2""","=""2s.2p.(3P*).4f""","=""4G""","=""9/2""",,"=""T10528""","=""L1176""",
C,2,"=""""","=""""","=""463.4575""","=""0.0024""","=""""","=""6.e+05""",E,"=""199983.13""","=""221554.04""","=""2s.2p.(3P*).3d""","=""2F*""","=""7/2""","=""2s.2p.(3P*).4f""","=""4G""","=""7/2""",,"=""T10528""","=""""",
C,2,"=""463.763""","=""0.004""","=""463.762""","=""0.003""","=""32hql""","=""4.57e+06""",B,"=""162517.90""","=""184074.67""","=""2s2.4p""","=""2P*""","=""1/2""","=""2s2.6d""","=""2D""","=""3/2""",,"=""T5109LS""","=""L1176""",
C,2,"=""463.891""","=""0.004""","=""463.890""","=""0.003""","=""35hql""","=""5.48e+06""",B,"=""162524.56""","=""184075.36""","=""2s2.4p""","=""2P*""","=""3/2""","=""2s2.6d""","=""2D""","=""5/2""",,"=""T5109LS""","=""L1176""",
C,2,"=""""","=""""","=""463.905""","=""0.003""","=""""","=""9.12e+05""",B,"=""162524.56""","=""184074.67""","=""2s2.4p""","=""2P*""","=""3/2""","=""2s2.6d""","=""2D""","=""3/2""",,"=""T5109LS""","=""""",
C,3,"=""464.742""","=""""","=""464.7418""","=""""","=""600""","=""7.26e+07""",B+,"=""238213.00""","=""259724.30""","=""1s2.2s.3s""","=""3S""","=""1""","=""1s2.2s.3p""","=""3P*""","=""2""",,"=""T5633,T2966,LS""","=""L1113""",
C,3,"=""465.025""","=""""","=""465.0246""","=""""","=""520""","=""7.25e+07""",B+,"=""238213.00""","=""259711.22""","=""1s2.2s.3s""","=""3S""","=""1""","=""1s2.2s.3p""","=""3P*""","=""1""",,"=""T5633,T2966,LS""","=""L1113""",
C,3,"=""""","=""""","=""465.1016""","=""""","=""""","=""2.28e+07""",B,"=""308248.91""","=""329743.57""","=""1s2.2p.(2P*).3s""","=""3P*""","=""1""","=""1s2.2p.(2P*).3p""","=""3P""","=""2""",,"=""T5633LS""","=""""",
C,3,"=""465.147""","=""""","=""465.1473""","=""""","=""375""","=""7.24e+07""",B+,"=""238213.00""","=""259705.55""","=""1s2.2s.3s""","=""3S""","=""1""","=""1s2.2s.3p""","=""3P*""","=""0""",,"=""T5633,T2966,LS""","=""L1113""",
C,3,"=""""","=""""","=""465.2048""","=""""","=""""","=""3.04e+07""",B,"=""308216.58""","=""329706.47""","=""1s2.2p.(2P*).3s""","=""3P*""","=""0""","=""1s2.2p.(2P*).3p""","=""3P""","=""1""",,"=""T5633LS""","=""""",
C,4,"=""465.830""","=""0.005""","=""""","=""""","=""200w""","=""""",,"=""""","=""""","=""""","=""""","=""""","=""""","=""""","=""""",,"=""""","=""L7288,L3492""",
C,3,"=""""","=""""","=""465.9058""","=""""","=""""","=""2.27e+07""",B,"=""308248.91""","=""329706.47""","=""1s2.2p.(2P*).3s""","=""3P*""","=""1""","=""1s2.2p.(2P*).3p""","=""3P""","=""1""",,"=""T5633LS""","=""""",
C,3,"=""""","=""""","=""466.3642""","=""""","=""""","=""9.05e+07""",B,"=""308248.91""","=""329685.38""","=""1s2.2p.(2P*).3s""","=""3P*""","=""1""","=""1s2.2p.(2P*).3p""","=""3P""","=""0""",,"=""T5633LS""","=""""",
C,3,"=""466.586""","=""""","=""466.5860""","=""""","=""200""","=""6.78e+07""",B,"=""308317.29""","=""329743.57""","=""1s2.2p.(2P*).3s""","=""3P*""","=""2""","=""1s2.2p.(2P*).3p""","=""3P""","=""2""",,"=""T5633LS""","=""L1113""",
C,3,"=""""","=""""","=""467.049""","=""""","=""""","=""1.79e+07""",B,"=""344232.98""","=""365638""","=""1s2.2s.5p""","=""3P*""","=""2""","=""1s2.2s.7d""","=""3D""","=""3""",,"=""T5633LS""","=""""",
C,3,"=""""","=""""","=""467.049""","=""""","=""""","=""4.48e+06""",B,"=""344232.98""","=""365638""","=""1s2.2s.5p""","=""3P*""","=""2""","=""1s2.2s.7d""","=""3D""","=""2""",,"=""T5633LS""","=""""",
C,3,"=""""","=""""","=""467.049""","=""""","=""""","=""4.98e+05""",B,"=""344232.98""","=""365638""","=""1s2.2s.5p""","=""3P*""","=""2""","=""1s2.2s.7d""","=""3D""","=""1""",,"=""T5633LS""","=""""",
C,3,"=""""","=""""","=""467.122""","=""""","=""""","=""1.34e+07""",B,"=""344236.29""","=""365638""","=""1s2.2s.5p""","=""3P*""","=""1""","=""1s2.2s.7d""","=""3D""","=""2""",,"=""T5633LS""","=""""",
C,3,"=""""","=""""","=""467.122""","=""""","=""""","=""7.47e+06""",B,"=""344236.29""","=""365638""","=""1s2.2s.5p""","=""3P*""","=""1""","=""1s2.2s.7d""","=""3D""","=""1""",,"=""T5633LS""","=""""",
C,1,"=""467.140""","=""0.010""","=""467.140""","=""0.011""","=""600w""","=""""",,"=""68856.35208""","=""90257.2""","=""2s2.2p.3p""","=""1P""","=""1""","=""2s2.2p.(2P*<1/2>).15s""","=""2[1/2]*""","=""1""",,"=""""","=""L2138""",
C,3,"=""""","=""""","=""467.174""","=""""","=""""","=""9.96e+06""",B,"=""344238.68""","=""365638""","=""1s2.2s.5p""","=""3P*""","=""0""","=""1s2.2s.7d""","=""3D""","=""1""",,"=""T5633LS""","=""""",
C,3,"=""""","=""""","=""467.3953""","=""""","=""""","=""3.75e+07""",B,"=""308317.29""","=""329706.47""","=""1s2.2p.(2P*).3s""","=""3P*""","=""2""","=""1s2.2p.(2P*).3p""","=""3P""","=""1""",,"=""T5633LS""","=""""",
C,1,"=""467.666""","=""0.010""","=""467.668116""","=""0.000007""","=""5300d""","=""2.7e+03""",E,"=""60393.1693""","=""81769.87089""","=""2s2.2p.3s""","=""3P*""","=""2""","=""2s2.2p.4p""","=""1D""","=""2""",,"=""T9787""","=""L2138""",
C,1,"=""467.755""","=""0.020""","=""467.740""","=""0.004""","=""890w,bl(Fe)*""","=""""",,"=""68856.35208""","=""90229.76""","=""2s2.2p.3p""","=""1P""","=""1""","=""2s2.2p.(2P*<3/2>).14s""","=""2[3/2]*""","=""1""",,"=""""","=""L2138""",
C,1,"=""467.755""","=""0.020""","=""467.757""","=""0.022""","=""890w,bl(Fe)*""","=""""",,"=""68856.35208""","=""90229.0""","=""2s2.2p.3p""","=""1P""","=""1""","=""2s2.2p.(2P*<3/2>).13d""","=""2[5/2]*""","=""2""",,"=""""","=""L2138""",
C,1,"=""470.170""","=""0.010""","=""470.158""","=""0.003""","=""1500w""","=""""",,"=""68856.35208""","=""90119.87""","=""2s2.2p.3p""","=""1P""","=""1""","=""2s2.2p.(2P*<3/2>).12d""","=""2[3/2]*""","=""1""",,"=""""","=""L2138""",
C,1,"=""470.383""","=""0.020""","=""470.358""","=""0.018""","=""590i""","=""""",,"=""68856.35208""","=""90110.8""","=""2s2.2p.3p""","=""1P""","=""1""","=""2s2.2p.(2P*<3/2>).12d""","=""2[5/2]*""","=""2""",,"=""""","=""L2138""",
C,2,"=""""","=""""","=""472.3581""","=""0.0022""","=""""","=""1.2e+06""",C,"=""199941.27""","=""221105.73""","=""2s.2p.(3P*).3d""","=""2F*""","=""5/2""","=""2s.2p.(3P*).4f""","=""2F""","=""7/2""",,"=""T10528""","=""""",
C,3,"=""""","=""""","=""472.4174""","=""""","=""""","=""5.31e+05""",B,"=""323076.88""","=""344238.68""","=""1s2.2p.(2P*).3p""","=""3D""","=""1""","=""1s2.2s.5p""","=""3P*""","=""0""",,"=""T5633LS""","=""""",
C,3,"=""""","=""""","=""472.4708""","=""""","=""""","=""1.33e+05""",B,"=""323076.88""","=""344236.29""","=""1s2.2p.(2P*).3p""","=""3D""","=""1""","=""1s2.2s.5p""","=""3P*""","=""1""",,"=""T5633LS""","=""""",
C,3,"=""""","=""""","=""472.5447""","=""""","=""""","=""5.31e+03""",C,"=""323076.88""","=""344232.98""","=""1s2.2p.(2P*).3p""","=""3D""","=""1""","=""1s2.2s.5p""","=""3P*""","=""2""",,"=""T5633LS""","=""""",
C,2,"=""472.741""","=""0.004""","=""472.7342""","=""0.0022""","=""30h""","=""""",,"=""199941.27""","=""221088.89""","=""2s.2p.(3P*).3d""","=""2F*""","=""5/2""","=""2s.2p.(3P*).4f""","=""2F""","=""5/2""",,"=""""","=""L1176""",
C,3,"=""""","=""""","=""473.0181""","=""""","=""""","=""3.97e+05""",B,"=""323101.36""","=""344236.29""","=""1s2.2p.(2P*).3p""","=""3D""","=""2""","=""1s2.2s.5p""","=""3P*""","=""1""",,"=""T5633LS""","=""""",
C,3,"=""""","=""""","=""473.0921""","=""""","=""""","=""7.93e+04""",B,"=""323101.36""","=""344232.98""","=""1s2.2p.(2P*).3p""","=""3D""","=""2""","=""1s2.2s.5p""","=""3P*""","=""2""",,"=""T5633LS""","=""""",
C,2,"=""""","=""""","=""473.204""","=""0.003""","=""""","=""1.2e+05""",E,"=""199983.13""","=""221109.74""","=""2s.2p.(3P*).3d""","=""2F*""","=""7/2""","=""2s.2p.(3P*).4f""","=""4F""","=""9/2""",,"=""T10528""","=""""",
C,2,"=""""","=""""","=""473.2942""","=""0.0025""","=""""","=""1.46e+07""",C+,"=""199983.13""","=""221105.73""","=""2s.2p.(3P*).3d""","=""2F*""","=""7/2""","=""2s.2p.(3P*).4f""","=""2F""","=""7/2""",,"=""T10528""","=""""",
C,1,"=""473.4262""","=""0.0014""","=""473.426281""","=""0.000007""","=""15000""","=""2.6e+05""",C,"=""64086.96961""","=""85203.6756""","=""2s.2p3""","=""3D*""","=""3""","=""2s2.2p.5p""","=""3P""","=""2""",,"=""T5520LS""","=""L17684""",
C,2,"=""473.460""","=""0.009""","=""473.469""","=""0.003""","=""37h,bl""","=""5.1e+06""",C,"=""199983.13""","=""221097.91""","=""2s.2p.(3P*).3d""","=""2F*""","=""7/2""","=""2s.2p.(3P*).4f""","=""4F""","=""7/2""",,"=""T10528""","=""L1176""",
C,1,"=""""","=""""","=""473.491967""","=""0.000014""","=""""","=""3.1e+03""",D,"=""64089.8990""","=""85203.6756""","=""2s.2p3""","=""3D*""","=""1""","=""2s2.2p.5p""","=""3P""","=""2""",,"=""T5520LS""","=""""",
C,1,"=""473.5165""","=""0.0014""","=""473.516514""","=""0.000009""","=""3200""","=""4.6e+04""",C,"=""64090.99351""","=""85203.6756""","=""2s.2p3""","=""3D*""","=""2""","=""2s2.2p.5p""","=""3P""","=""2""",,"=""T5520LS""","=""L17684""",
C,2,"=""473.5460""","=""0.0020""","=""473.5464""","=""0.0009""","=""25""","=""9.06e+03""",B+,"=""110624.18""","=""131735.528""","=""2s.2p2""","=""2P""","=""1/2""","=""2s2.3p""","=""2P*""","=""3/2""",,"=""T7194""","=""L1176""",
C,4,"=""""","=""""","=""473.599""","=""""","=""""","=""1.01e+06""",B+,"=""471370.3""","=""[492479.3]""","=""1s2.6d""","=""2D""","=""3/2""","=""1s2.8p""","=""2P*""","=""3/2""",,"=""T5118LS""","=""""",
C,4,"=""""","=""""","=""473.626""","=""""","=""""","=""9.13e+06""",B+,"=""471371.5""","=""[492479.3]""","=""1s2.6d""","=""2D""","=""5/2""","=""1s2.8p""","=""2P*""","=""3/2""",,"=""T5118LS""","=""""",
C,4,"=""""","=""""","=""473.635""","=""""","=""""","=""1.01e+07""",B+,"=""471370.3""","=""[492477.7]""","=""1s2.6d""","=""2D""","=""3/2""","=""1s2.8p""","=""2P*""","=""1/2""",,"=""T5118LS""","=""""",
C,2,"=""473.7970""","=""0.0010""","=""473.7966""","=""0.0009""","=""18""","=""5.47e+04""",B+,"=""110624.18""","=""131724.382""","=""2s.2p2""","=""2P""","=""1/2""","=""2s2.3p""","=""2P*""","=""1/2""",,"=""T7194""","=""L1176""",
C,1,"=""473.8213""","=""0.0014""","=""473.822053""","=""0.000016""","=""3000""","=""7.6e+04""",C,"=""64089.8990""","=""85188.9670""","=""2s.2p3""","=""3D*""","=""1""","=""2s2.2p.5p""","=""3P""","=""1""",,"=""T5520LS""","=""L17684""",
C,1,"=""473.8466""","=""0.0014""","=""473.846634""","=""0.000011""","=""6800""","=""2.3e+05""",C,"=""64090.99351""","=""85188.9670""","=""2s.2p3""","=""3D*""","=""2""","=""2s2.2p.5p""","=""3P""","=""1""",,"=""T5520LS""","=""L17684""",
C,3,"=""""","=""""","=""473.9662""","=""""","=""""","=""4.42e+05""",B,"=""323140.33""","=""344232.98""","=""1s2.2p.(2P*).3p""","=""3D""","=""3""","=""1s2.2s.5p""","=""3P*""","=""2""",,"=""T5633LS""","=""""",
C,1,"=""474.2570""","=""0.0014""","=""474.2560""","=""0.0007""","=""4200""","=""3.0e+05""",C,"=""64089.8990""","=""85169.66""","=""2s.2p3""","=""3D*""","=""1""","=""2s2.2p.5p""","=""3P""","=""0""",,"=""T5520LS""","=""L17684""",
C,2,"=""474.4770""","=""0.0010""","=""474.4771""","=""0.0009""","=""30""","=""5.97e+04""",B+,"=""110665.59""","=""131735.528""","=""2s.2p2""","=""2P""","=""3/2""","=""2s2.3p""","=""2P*""","=""3/2""",,"=""T7194""","=""L1176""",
C,2,"=""474.7280""","=""0.0020""","=""474.7283""","=""0.0009""","=""24""","=""2.33e+04""",B+,"=""110665.59""","=""131724.382""","=""2s.2p2""","=""2P""","=""3/2""","=""2s2.3p""","=""2P*""","=""1/2""",,"=""T7194""","=""L1176""",
C,1,"=""476.23033""","=""0.00011""","=""476.230541""","=""0.000012""","=""28000bl""","=""3.4e+05""",C,"=""60333.4476""","=""81325.81077""","=""2s2.2p.3s""","=""3P*""","=""0""","=""2s2.2p.4p""","=""3P""","=""1""",,"=""T6070n""","=""L12175c183""",
C,1,"=""476.25252""","=""0.00005""","=""476.252473""","=""0.000007""","=""31000q""","=""2.7e+05""",C,"=""60352.6584""","=""81344.05485""","=""2s2.2p.3s""","=""3P*""","=""1""","=""2s2.2p.4p""","=""3P""","=""2""",,"=""T6070n""","=""L12175c183""",
C,1,"=""476.66698""","=""0.00014""","=""476.666760""","=""0.000007""","=""22000q""","=""2.4e+05""",C,"=""60352.6584""","=""81325.81077""","=""2s2.2p.3s""","=""3P*""","=""1""","=""2s2.2p.4p""","=""3P""","=""1""",,"=""T6070n""","=""L12175c183""",
C,1,"=""477.002392""","=""0.000023""","=""477.002376""","=""0.000007""","=""24000""","=""1.1e+06""",C,"=""60352.6584""","=""81311.0544""","=""2s2.2p.3s""","=""3P*""","=""1""","=""2s2.2p.4p""","=""3P""","=""0""",,"=""T6070n""","=""L12175c183""",
C,1,"=""477.173346""","=""0.000016""","=""477.173374""","=""0.000007""","=""69000""","=""8.0e+05""",C,"=""60393.1693""","=""81344.05485""","=""2s2.2p.3s""","=""3P*""","=""2""","=""2s2.2p.4p""","=""3P""","=""2""",,"=""T6070n""","=""L12175c183""",
C,1,"=""477.5907""","=""0.0014""","=""477.589266""","=""0.000007""","=""34000""","=""4.8e+05""",C,"=""60393.1693""","=""81325.81077""","=""2s2.2p.3s""","=""3P*""","=""2""","=""2s2.2p.4p""","=""3P""","=""1""",,"=""T6070n""","=""L17684""",
C,1,"=""477.708""","=""0.010""","=""477.708""","=""0.009""","=""840""","=""""",,"=""68856.35208""","=""89783.8""","=""2s2.2p.3p""","=""1P""","=""1""","=""2s2.2p.(2P*<3/2>).10d""","=""2[3/2]*""","=""2""",,"=""""","=""L2138""",
C,1,"=""478.3795""","=""0.0014""","=""478.38018""","=""0.00005""","=""2600""","=""""",,"=""64086.96961""","=""84985.0033""","=""2s.2p3""","=""3D*""","=""3""","=""2s2.2p.5p""","=""3D""","=""3""",,"=""""","=""L17684""",
C,4,"=""""","=""""","=""478.548""","=""""","=""""","=""3.31e+06""",A,"=""449888.2""","=""470778.9""","=""1s2.5d""","=""2D""","=""3/2""","=""1s2.6p""","=""2P*""","=""3/2""",,"=""T5118LS""","=""""",
C,4,"=""""","=""""","=""478.587""","=""""","=""""","=""2.98e+07""",A,"=""449889.9""","=""470778.9""","=""1s2.5d""","=""2D""","=""5/2""","=""1s2.6p""","=""2P*""","=""3/2""",,"=""T5118LS""","=""""",
C,4,"=""""","=""""","=""478.637""","=""""","=""""","=""3.31e+07""",A,"=""449888.2""","=""470775.0""","=""1s2.5d""","=""2D""","=""3/2""","=""1s2.6p""","=""2P*""","=""1/2""",,"=""T5118LS""","=""""",
C,4,"=""""","=""""","=""478.890""","=""""","=""""","=""1.25e+07""",A,"=""470775.0""","=""[491650.8]""","=""1s2.6p""","=""2P*""","=""1/2""","=""1s2.8s""","=""2S""","=""1/2""",,"=""T5118LS""","=""""",
C,4,"=""""","=""""","=""478.979""","=""""","=""""","=""2.50e+07""",A,"=""470778.9""","=""[491650.8]""","=""1s2.6p""","=""2P*""","=""3/2""","=""1s2.8s""","=""2S""","=""1/2""",,"=""T5118LS""","=""""",
C,1,"=""479.1710""","=""0.0014""","=""479.1734""","=""0.0005""","=""2000""","=""""",,"=""64086.96961""","=""84950.41""","=""2s.2p3""","=""3D*""","=""3""","=""2s2.2p.5p""","=""3D""","=""2""",,"=""""","=""L17684""",
C,1,"=""479.2649""","=""0.0014""","=""479.2658""","=""0.0005""","=""2000""","=""""",,"=""64090.99351""","=""84950.41""","=""2s.2p3""","=""3D*""","=""2""","=""2s2.2p.5p""","=""3D""","=""2""",,"=""""","=""L17684""",
C,1,"=""479.5878""","=""0.0014""","=""479.5866""","=""0.0004""","=""1700""","=""""",,"=""64089.8990""","=""84935.362""","=""2s.2p3""","=""3D*""","=""1""","=""2s2.2p.5p""","=""3D""","=""1""",,"=""""","=""L17684""",
C,1,"=""479.6082""","=""0.0014""","=""479.6118""","=""0.0004""","=""2000""","=""""",,"=""64090.99351""","=""84935.362""","=""2s.2p3""","=""3D*""","=""2""","=""2s2.2p.5p""","=""3D""","=""1""",,"=""""","=""L17684""",
C,2,"=""480.245""","=""0.003""","=""480.2440""","=""0.0023""","=""43*""","=""5.9e+06""",D+,"=""168978.24""","=""189795.17""","=""2s2.4f""","=""2F*""","=""5/2""","=""2s2.8g""","=""2G""","=""7/2""",,"=""T7476""","=""L21568,L1176""",
C,2,"=""480.245""","=""0.003""","=""480.2479""","=""0.0023""","=""43*""","=""6.11e+06""",B,"=""168978.42""","=""189795.18""","=""2s2.4f""","=""2F*""","=""7/2""","=""2s2.8g""","=""2G""","=""9/2""",,"=""T7476""","=""L21568,L1176""",
C,2,"=""480.245""","=""0.003""","=""480.2482""","=""0.0023""","=""43*""","=""2.2e+05""",D+,"=""168978.42""","=""189795.17""","=""2s2.4f""","=""2F*""","=""7/2""","=""2s2.8g""","=""2G""","=""7/2""",,"=""T7476""","=""L21568,L1176""",
C,1,"=""480.625""","=""0.020""","=""480.638""","=""0.012""","=""910d,bl(Ti II)""","=""""",,"=""69744.05213""","=""90543.9""","=""2s2.2p.3p""","=""3D""","=""3""","=""2s2.2p.(2P*<3/2>).18d""","=""2[7/2]*""","=""3""",,"=""""","=""L2138""",
C,1,"=""480.867""","=""0.010""","=""480.863""","=""0.009""","=""690w,d""","=""""",,"=""69710.68728""","=""90500.8""","=""2s2.2p.3p""","=""3D""","=""2""","=""2s2.2p.(2P*<3/2>).17d""","=""2[5/2]*""","=""2""",,"=""""","=""L2138""",
C,1,"=""481.2916""","=""0.0014""","=""481.291668""","=""0.000012""","=""5300""","=""4.0e+04""",C,"=""60333.4476""","=""81105.06418""","=""2s2.2p.3s""","=""3P*""","=""0""","=""2s2.2p.4p""","=""3S""","=""1""",,"=""T6070n""","=""L17684""",
C,1,"=""481.7371""","=""0.0014""","=""481.737213""","=""0.000007""","=""15000""","=""8.8e+04""",C,"=""60352.6584""","=""81105.06418""","=""2s2.2p.3s""","=""3P*""","=""1""","=""2s2.2p.4p""","=""3S""","=""1""",,"=""T6070n""","=""L17684""",
C,1,"=""482.6804""","=""0.0014""","=""482.679468""","=""0.000007""","=""10000""","=""6.3e+04""",C,"=""60393.1693""","=""81105.06418""","=""2s2.2p.3s""","=""3P*""","=""2""","=""2s2.2p.4p""","=""3S""","=""1""",,"=""T6070n""","=""L17684""",
C,1,"=""483.6764""","=""0.0014""","=""483.6763""","=""0.0012""","=""1200""","=""""",,"=""68856.35208""","=""89525.56""","=""2s2.2p.3p""","=""1P""","=""1""","=""2s2.2p.(2P*<3/2>).9d""","=""2[3/2]*""","=""1""",,"=""""","=""L17684""",
C,1,"=""484.009""","=""0.020""","=""484.0299""","=""0.0009""","=""2200d,bl(Fe II)""","=""""",,"=""68856.35208""","=""89510.46""","=""2s2.2p.3p""","=""1P""","=""1""","=""2s2.2p.(2P*<3/2>).9d""","=""2[5/2]*""","=""2""",,"=""""","=""L2138""",
C,1,"=""484.191""","=""0.010""","=""484.193""","=""0.009""","=""1600w,d""","=""""",,"=""69744.05213""","=""90391.2""","=""2s2.2p.3p""","=""3D""","=""3""","=""2s2.2p.(2P*<1/2>).16d""","=""2[3/2]*""","=""2""",,"=""""","=""L2138""",
C,1,"=""484.764""","=""0.020""","=""484.779""","=""0.019""","=""670d,bl(Fe II)""","=""""",,"=""69710.68728""","=""90332.9""","=""2s2.2p.3p""","=""3D""","=""2""","=""2s2.2p.(2P*<1/2>).15d""","=""2[3/2]*""","=""2""",,"=""""","=""L2138""",
C,1,"=""485.398""","=""0.010""","=""485.4074""","=""0.0012""","=""1300""","=""""",,"=""68856.35208""","=""89451.85""","=""2s2.2p.3p""","=""1P""","=""1""","=""2s2.2p.(2P*<1/2>).10s""","=""2[1/2]*""","=""1""",,"=""""","=""L2138""",
C,1,"=""485.898""","=""0.020""","=""485.8877""","=""0.0009""","=""1100bl(Nd II)""","=""""",,"=""68856.35208""","=""89431.49""","=""2s2.2p.3p""","=""1P""","=""1""","=""2s2.2p.(2P*<1/2>).9d""","=""2[5/2]*""","=""2""",,"=""""","=""L2138""",
C,2,"=""486.2570""","=""0.0010""","=""486.2580""","=""0.0009""","=""29""","=""2.34e+06""",B,"=""157234.05""","=""177793.52""","=""2s2.4s""","=""2S""","=""1/2""","=""2s.2p.(3P*).3s""","=""2P*""","=""3/2""",,"=""T5109LS""","=""L1176""",
C,2,"=""486.7070""","=""0.0020""","=""486.7071""","=""0.0012""","=""17""","=""2.33e+06""",B,"=""157234.05""","=""177774.55""","=""2s2.4s""","=""2S""","=""1/2""","=""2s.2p.(3P*).3s""","=""2P*""","=""1/2""",,"=""T5109LS""","=""L1176""",
C,1,"=""487.408""","=""0.020""","=""487.406""","=""0.019""","=""2400bl(Ti II)""","=""""",,"=""69744.05213""","=""90255.1""","=""2s2.2p.3p""","=""3D""","=""3""","=""2s2.2p.(2P*<1/2>).14d""","=""2[3/2]*""","=""2""",,"=""""","=""L2138""",
C,1,"=""488.000""","=""0.010""","=""488.001""","=""0.010""","=""""","=""""",,"=""69744.05213""","=""90230.1""","=""2s2.2p.3p""","=""3D""","=""3""","=""2s2.2p.(2P*<3/2>).13d""","=""2[3/2]*""","=""2""",,"=""""","=""L7393""",
C,1,"=""488.891""","=""0.003""","=""488.884905""","=""0.000012""","=""9800bl""","=""""",,"=""60333.4476""","=""80782.44916""","=""2s2.2p.3s""","=""3P*""","=""0""","=""2s2.2p.4p""","=""3D""","=""1""",,"=""""","=""L17684""",
C,1,"=""488.89402""","=""0.00017""","=""488.893777""","=""0.000008""","=""5000bl""","=""""",,"=""60352.6584""","=""80801.28887""","=""2s2.2p.3s""","=""3P*""","=""1""","=""2s2.2p.4p""","=""3D""","=""2""",,"=""""","=""L12175c183""",
C,1,"=""489.0645""","=""0.0014""","=""489.065379""","=""0.000008""","=""8700""","=""""",,"=""60393.1693""","=""80834.62491""","=""2s2.2p.3s""","=""3P*""","=""2""","=""2s2.2p.4p""","=""3D""","=""3""",,"=""""","=""L17684""",
C,1,"=""489.3429""","=""0.0014""","=""489.344626""","=""0.000008""","=""3900""","=""""",,"=""60352.6584""","=""80782.44916""","=""2s2.2p.3s""","=""3P*""","=""1""","=""2s2.2p.4p""","=""3D""","=""1""",,"=""""","=""L17684""",
C,1,"=""489.86421""","=""0.00003""","=""489.864264""","=""0.000008""","=""8100""","=""""",,"=""60393.1693""","=""80801.28887""","=""2s2.2p.3s""","=""3P*""","=""2""","=""2s2.2p.4p""","=""3D""","=""2""",,"=""""","=""L12175c183""",
C,1,"=""490.785""","=""0.016""","=""490.782""","=""0.014""","=""2100w,bl(Fe)""","=""""",,"=""69744.05213""","=""90114.0""","=""2s2.2p.3p""","=""3D""","=""3""","=""2s2.2p.(2P*<3/2>).12d""","=""2[5/2]*""","=""3""",,"=""""","=""L2138""",
C,1,"=""492.2688""","=""0.0014""","=""492.2700""","=""0.0007""","=""2000""","=""""",,"=""68856.35208""","=""89164.74""","=""2s2.2p.3p""","=""1P""","=""1""","=""2s2.2p.(2P*<3/2>).8d""","=""2[3/2]*""","=""1""",,"=""""","=""L17684""",
C,1,"=""492.6416""","=""0.0014""","=""492.6433""","=""0.0007""","=""970""","=""""",,"=""68856.35208""","=""89149.35""","=""2s2.2p.3p""","=""1P""","=""1""","=""2s2.2p.(2P*<3/2>).9s""","=""2[3/2]*""","=""1""",,"=""""","=""L17684""",
C,1,"=""493.202553""","=""0.000017""","=""493.202524""","=""0.000008""","=""73000""","=""6.0e+06""",B,"=""61981.83211""","=""82251.82041""","=""2s2.2p.3s""","=""1P*""","=""1""","=""2s2.2p.4p""","=""1S""","=""0""",,"=""T6070""","=""L12175c183""",
C,1,"=""494.2021""","=""0.0014""","=""494.2009""","=""0.0010""","=""1100""","=""""",,"=""68856.35208""","=""89085.39""","=""2s2.2p.3p""","=""1P""","=""1""","=""2s2.2p.(2P*<1/2>).9s""","=""2[1/2]*""","=""1""",,"=""""","=""L17684""",
C,1,"=""494.3576""","=""0.0014""","=""494.3574""","=""0.0012""","=""940""","=""""",,"=""69744.05213""","=""89966.69""","=""2s2.2p.3p""","=""3D""","=""3""","=""2s2.2p.(2P*<3/2>).11d""","=""2[5/2]*""","=""2""",,"=""""","=""L17684""",
C,5,"=""494.388""","=""""","=""""","=""""","=""5""","=""""",,"=""""","=""""","=""""","=""""","=""""","=""""","=""""","=""""",,"=""""","=""L1113""",
C,5,"=""494.456""","=""""","=""""","=""""","=""5""","=""""",,"=""""","=""""","=""""","=""""","=""""","=""""","=""""","=""""",,"=""""","=""L1113""",
C,1,"=""495.11""","=""0.03""","=""495.090""","=""0.025""","=""1500""","=""""",,"=""69710.68728""","=""89903.4""","=""2s2.2p.3p""","=""3D""","=""2""","=""2s2.2p.(2P*<1/2>).12s""","=""2[1/2]*""","=""1""",,"=""""","=""L2138""",
C,2,"=""495.3850""","=""0.0010""","=""495.3854""","=""0.0007""","=""23""","=""2.47e+07""",B,"=""182023.89""","=""202204.56""","=""2s.2p.(3P*).3p""","=""2P""","=""1/2""","=""2s.2p.(3P*).3d""","=""2P*""","=""1/2""",,"=""T2440""","=""L1176""",
C,2,"=""495.8670""","=""0.0020""","=""495.8646""","=""0.0010""","=""10""","=""1.24e+07""",B+,"=""182043.39""","=""202204.56""","=""2s.2p.(3P*).3p""","=""2P""","=""3/2""","=""2s.2p.(3P*).3d""","=""2P*""","=""1/2""",,"=""T2440""","=""L1176""",
C,2,"=""495.9920""","=""0.0020""","=""495.9925""","=""0.0010""","=""10""","=""6.02e+06""",B,"=""182023.89""","=""202179.86""","=""2s.2p.(3P*).3p""","=""2P""","=""1/2""","=""2s.2p.(3P*).3d""","=""2P*""","=""3/2""",,"=""T2440""","=""L1176""",
C,2,"=""496.4730""","=""0.0010""","=""496.4728""","=""0.0007""","=""61""","=""3.14e+07""",B+,"=""182043.39""","=""202179.86""","=""2s.2p.(3P*).3p""","=""2P""","=""3/2""","=""2s.2p.(3P*).3d""","=""2P*""","=""3/2""",,"=""T9221""","=""L1176""",
C,2,"=""""","=""""","=""498.77""","=""0.20""","=""m(N II)""","=""8.1e+06""",C,"=""216400.57""","=""236444.1""","=""2s.2p.(3P*).4p""","=""4P""","=""5/2""","=""2s.2p.(3P*).6d""","=""4D*""","=""7/2""",,"=""T10528""","=""L21568""",
C,1,"=""499.1408""","=""0.0014""","=""499.1408""","=""0.0015""","=""950""","=""""",,"=""69744.05213""","=""89772.89""","=""2s2.2p.3p""","=""3D""","=""3""","=""2s2.2p.(2P*<3/2>).10d""","=""2[5/2]*""","=""2""",,"=""""","=""L17684""",
C,1,"=""499.643""","=""0.016""","=""499.648""","=""0.007""","=""3900w,l""","=""""",,"=""69689.49393""","=""89698.0""","=""2s2.2p.3p""","=""3D""","=""1""","=""2s2.2p.(2P*<1/2>).10d""","=""2[5/2]*""","=""2""",,"=""""","=""L2138""",
C,1,"=""499.793""","=""0.016""","=""499.798""","=""0.015""","=""2300bl(Ba II)""","=""""",,"=""69710.68728""","=""89713.2""","=""2s2.2p.3p""","=""3D""","=""2""","=""2s2.2p.(2P*<1/2>).10d""","=""2[3/2]*""","=""2""",,"=""""","=""L2138""",
C,5,"=""""","=""""","=""499.70""","=""0.16""","=""""","=""1.090e+08""",AA,"=""(3086422.1)""","=""(3106428.4)""","=""1s.6p""","=""1P*""","=""1""","=""1s.7d""","=""1D""","=""2""",,"=""T5997""","=""""",
C,1,"=""501.018""","=""0.016""","=""501.014""","=""0.008""","=""4700bl(Ti II)""","=""""",,"=""69744.05213""","=""89698.0""","=""2s2.2p.3p""","=""3D""","=""3""","=""2s2.2p.(2P*<1/2>).10d""","=""2[5/2]*""","=""2""",,"=""""","=""L2138""",
C,1,"=""""","=""""","=""501.126527""","=""0.000010""","=""""","=""9.9e+03""",C,"=""64086.96961""","=""84036.4454""","=""2s.2p3""","=""3D*""","=""3""","=""2s2.2p.(2P*<3/2>).4f""","=""2[3/2]""","=""2""",,"=""T6070""","=""""",
C,1,"=""501.200""","=""0.003""","=""501.200124""","=""0.000015""","=""4800*""","=""""",,"=""64089.8990""","=""84036.4454""","=""2s.2p3""","=""3D*""","=""1""","=""2s2.2p.(2P*<3/2>).4f""","=""2[3/2]""","=""2""",,"=""""","=""L17684""",
C,1,"=""501.200""","=""0.003""","=""501.202974""","=""0.000018""","=""4800*""","=""8.2e+04""",C,"=""64089.8990""","=""84036.3320""","=""2s.2p3""","=""3D*""","=""1""","=""2s2.2p.(2P*<3/2>).4f""","=""2[3/2]""","=""1""",,"=""T6070""","=""L17684""",
C,1,"=""501.228""","=""0.003""","=""501.227628""","=""0.000010""","=""4800*""","=""4.4e+04""",C,"=""64090.99351""","=""84036.4454""","=""2s.2p3""","=""3D*""","=""2""","=""2s2.2p.(2P*<3/2>).4f""","=""2[3/2]""","=""2""",,"=""T6070""","=""L17684""",
C,1,"=""501.228""","=""0.003""","=""501.230478""","=""0.000013""","=""4800*""","=""""",,"=""64090.99351""","=""84036.3320""","=""2s.2p3""","=""3D*""","=""2""","=""2s2.2p.(2P*<3/2>).4f""","=""2[3/2]""","=""1""",,"=""""","=""L17684""",
C,4,"=""""","=""""","=""501.662""","=""""","=""""","=""4.64e+07""",A,"=""448855.8""","=""468784.0""","=""1s2.5p""","=""2P*""","=""1/2""","=""1s2.6s""","=""2S""","=""1/2""",,"=""T5118LS""","=""""",
C,1,"=""501.709""","=""0.003""","=""501.705317""","=""0.000008""","=""9300*""","=""""",,"=""64086.96961""","=""84013.4311""","=""2s.2p3""","=""3D*""","=""3""","=""2s2.2p.(2P*<3/2>).4f""","=""2[5/2]""","=""2""",,"=""""","=""L17684""",
C,1,"=""501.709""","=""0.003""","=""501.709240""","=""0.000005""","=""9300*""","=""1.3e+05""",C,"=""64086.96961""","=""84013.27526""","=""2s.2p3""","=""3D*""","=""3""","=""2s2.2p.(2P*<3/2>).4f""","=""2[5/2]""","=""3""",,"=""T6070""","=""L17684""",
C,1,"=""501.7761""","=""0.0014""","=""501.779084""","=""0.000015""","=""3200""","=""3.1e+04""",C,"=""64089.8990""","=""84013.4311""","=""2s.2p3""","=""3D*""","=""1""","=""2s2.2p.(2P*<3/2>).4f""","=""2[5/2]""","=""2""",,"=""T6070""","=""L17684""",
C,1,"=""501.807""","=""0.003""","=""501.806651""","=""0.000010""","=""4800*""","=""7.7e+04""",C,"=""64090.99351""","=""84013.4311""","=""2s.2p3""","=""3D*""","=""2""","=""2s2.2p.(2P*<3/2>).4f""","=""2[5/2]""","=""2""",,"=""T6070""","=""L17684""",
C,1,"=""501.807""","=""0.003""","=""501.810577""","=""0.000008""","=""4800*""","=""""",,"=""64090.99351""","=""84013.27526""","=""2s.2p3""","=""3D*""","=""2""","=""2s2.2p.(2P*<3/2>).4f""","=""2[5/2]""","=""3""",,"=""""","=""L17684""",
C,4,"=""""","=""""","=""501.840""","=""""","=""""","=""9.27e+07""",A,"=""448862.9""","=""468784.0""","=""1s2.5p""","=""2P*""","=""3/2""","=""1s2.6s""","=""2S""","=""1/2""",,"=""T5118LS""","=""""",
C,1,"=""502.385""","=""0.003""","=""502.384497""","=""0.000013""","=""37000*""","=""1.8e+05""",C,"=""64086.96961""","=""83986.4926""","=""2s.2p3""","=""3D*""","=""3""","=""2s2.2p.(2P*<3/2>).4f""","=""2[7/2]""","=""4""",,"=""T6070""","=""L17684""",
C,1,"=""502.385""","=""0.003""","=""502.391326""","=""0.000006""","=""37000*""","=""""",,"=""64086.96961""","=""83986.22212""","=""2s.2p3""","=""3D*""","=""3""","=""2s2.2p.(2P*<3/2>).4f""","=""2[7/2]""","=""3""",,"=""""","=""L17684""",
C,1,"=""502.4916""","=""0.0014""","=""502.492938""","=""0.000008""","=""9400""","=""7.1e+04""",C,"=""64090.99351""","=""83986.22212""","=""2s.2p3""","=""3D*""","=""2""","=""2s2.2p.(2P*<3/2>).4f""","=""2[7/2]""","=""3""",,"=""T6070""","=""L17684""",
C,2,"=""503.207""","=""0.003""","=""503.2133""","=""0.0015""","=""68hql""","=""3.15e+07""",B,"=""168748.26""","=""188615.01""","=""2p3""","=""2P*""","=""3/2""","=""2s.2p.(3P*).3p""","=""2D""","=""5/2""",,"=""T5109LS""","=""L1176""",
C,2,"=""503.591""","=""0.003""","=""503.5935""","=""0.0013""","=""21hql""","=""2.62e+07""",B,"=""168729.51""","=""188581.26""","=""2p3""","=""2P*""","=""1/2""","=""2s.2p.(3P*).3p""","=""2D""","=""3/2""",,"=""T5109LS""","=""L1176""",
C,1,"=""503.907""","=""0.003""","=""503.905608""","=""0.000005""","=""37000*""","=""4.7e+05""",C,"=""64086.96961""","=""83926.42382""","=""2s.2p3""","=""3D*""","=""3""","=""2s2.2p.(2P*<1/2>).4f""","=""2[7/2]""","=""4""",,"=""T6070""","=""L17684""",
C,1,"=""503.907""","=""0.003""","=""503.910675""","=""0.000008""","=""37000*""","=""""",,"=""64086.96961""","=""83926.22434""","=""2s.2p3""","=""3D*""","=""3""","=""2s2.2p.(2P*<1/2>).4f""","=""2[7/2]""","=""3""",,"=""""","=""L17684""",
C,2,"=""""","=""""","=""503.9639""","=""0.0010""","=""""","=""3.9e+05""",E,"=""196563.41""","=""216400.57""","=""2s.2p.(3P*).3d""","=""4D*""","=""3/2""","=""2s.2p.(3P*).4p""","=""4P""","=""5/2""",,"=""T10528""","=""""",
C,1,"=""504.0134""","=""0.0014""","=""504.012903""","=""0.000010""","=""12000""","=""1.9e+05""",C,"=""64090.99351""","=""83926.22434""","=""2s.2p3""","=""3D*""","=""2""","=""2s2.2p.(2P*<1/2>).4f""","=""2[7/2]""","=""3""",,"=""T6070""","=""L17684""",
C,2,"=""504.074""","=""0.004""","=""504.0696""","=""0.0013""","=""11hql""","=""5.22e+06""",B,"=""168748.26""","=""188581.26""","=""2p3""","=""2P*""","=""3/2""","=""2s.2p.(3P*).3p""","=""2D""","=""3/2""",,"=""T5109LS""","=""L1176""",
C,1,"=""504.1481""","=""0.0014""","=""504.149039""","=""0.000013""","=""25000""","=""5.3e+05""",C,"=""64089.8990""","=""83919.77375""","=""2s.2p3""","=""3D*""","=""1""","=""2s2.2p.(2P*<1/2>).4f""","=""2[5/2]""","=""2""",,"=""T6070""","=""L17684""",
C,2,"=""504.176""","=""0.004""","=""504.1776""","=""0.0010""","=""11bl(C I)""","=""3.4e+06""",C,"=""196571.82""","=""216400.57""","=""2s.2p.(3P*).3d""","=""4D*""","=""5/2""","=""2s.2p.(3P*).4p""","=""4P""","=""5/2""",,"=""T10528""","=""L1176""",
C,1,"=""504.180""","=""0.003""","=""504.176868""","=""0.000008""","=""25000*""","=""5.7e+04""",C,"=""64090.99351""","=""83919.77375""","=""2s.2p3""","=""3D*""","=""2""","=""2s2.2p.(2P*<1/2>).4f""","=""2[5/2]""","=""2""",,"=""T6070""","=""L17684""",
C,1,"=""504.180""","=""0.003""","=""504.179678""","=""0.000008""","=""25000*""","=""3.3e+05""",C,"=""64090.99351""","=""83919.66322""","=""2s.2p3""","=""3D*""","=""2""","=""2s2.2p.(2P*<1/2>).4f""","=""2[5/2]""","=""3""",,"=""T6070""","=""L17684""",
C,2,"=""""","=""""","=""504.3582""","=""0.0013""","=""""","=""9.e+05""",E,"=""196557.95""","=""216379.60""","=""2s.2p.(3P*).3d""","=""4D*""","=""1/2""","=""2s.2p.(3P*).4p""","=""4P""","=""3/2""",,"=""T10528""","=""""",
C,2,"=""504.4350""","=""0.0010""","=""504.4351""","=""0.0008""","=""29""","=""1.50e+07""",C+,"=""196581.94""","=""216400.57""","=""2s.2p.(3P*).3d""","=""4D*""","=""7/2""","=""2s.2p.(3P*).4p""","=""4P""","=""5/2""",,"=""T10528""","=""L1176""",
C,2,"=""504.4980""","=""0.0020""","=""504.4972""","=""0.0008""","=""9""","=""6.0e+06""",C,"=""196563.41""","=""216379.60""","=""2s.2p.(3P*).3d""","=""4D*""","=""3/2""","=""2s.2p.(3P*).4p""","=""4P""","=""3/2""",,"=""T10528""","=""L1176""",
C,1,"=""504.519""","=""0.016""","=""504.5307""","=""0.0013""","=""2500d,bl""","=""""",,"=""69710.68728""","=""89525.56""","=""2s2.2p.3p""","=""3D""","=""2""","=""2s2.2p.(2P*<3/2>).9d""","=""2[3/2]*""","=""1""",,"=""""","=""L2138""",
C,2,"=""504.7110""","=""0.0010""","=""504.7114""","=""0.0008""","=""18""","=""1.17e+07""",C,"=""196571.82""","=""216379.60""","=""2s.2p.(3P*).3d""","=""4D*""","=""5/2""","=""2s.2p.(3P*).4p""","=""4P""","=""3/2""",,"=""T10528""","=""L1176""",
C,2,"=""""","=""""","=""504.7881""","=""0.0015""","=""""","=""9.5e+06""",C,"=""196557.95""","=""216362.72""","=""2s.2p.(3P*).3d""","=""4D*""","=""1/2""","=""2s.2p.(3P*).4p""","=""4P""","=""1/2""",,"=""T10528""","=""""",
C,3,"=""""","=""""","=""504.895""","=""""","=""""","=""3.23e+06""",B,"=""345095.43""","=""364896""","=""1s2.2p.(2P*).3p""","=""1S""","=""0""","=""1s2.2s.7p""","=""1P*""","=""1""",,"=""T5633""","=""""",
C,2,"=""504.9240""","=""0.0020""","=""504.9273""","=""0.0013""","=""11""","=""9.5e+06""",C,"=""196563.41""","=""216362.72""","=""2s.2p.(3P*).3d""","=""4D*""","=""3/2""","=""2s.2p.(3P*).4p""","=""4P""","=""1/2""",,"=""T10528""","=""L1176""",
C,1,"=""505.214919""","=""0.000015""","=""505.214927""","=""0.000008""","=""160000""","=""2.6e+06""",B,"=""61981.83211""","=""81769.87089""","=""2s2.2p.3s""","=""1P*""","=""1""","=""2s2.2p.4p""","=""1D""","=""2""",,"=""T6070""","=""L12175c183""",
C,1,"=""505.3515""","=""0.0014""","=""505.3529""","=""0.0008""","=""2700""","=""7.7e+05""",C,"=""68856.35208""","=""88638.99""","=""2s2.2p.3p""","=""1P""","=""1""","=""2s2.2p.(2P*<3/2>).7d""","=""2[3/2]*""","=""1""",,"=""T5520""","=""L17684""",
C,1,"=""505.449""","=""0.016""","=""505.437""","=""0.013""","=""1600bl(Fe)""","=""""",,"=""69744.05213""","=""89523.4""","=""2s2.2p.3p""","=""3D""","=""3""","=""2s2.2p.(2P*<3/2>).9d""","=""2[3/2]*""","=""2""",,"=""""","=""L2138""",
C,1,"=""505.7682""","=""0.0014""","=""505.7678""","=""0.0010""","=""970""","=""""",,"=""69744.05213""","=""89510.46""","=""2s2.2p.3p""","=""3D""","=""3""","=""2s2.2p.(2P*<3/2>).9d""","=""2[5/2]*""","=""2""",,"=""""","=""L17684""",
C,1,"=""505.867""","=""0.016""","=""505.8822""","=""0.0023""","=""830d,bl,i""","=""""",,"=""69744.05213""","=""[89505.99]""","=""2s2.2p.3p""","=""3D""","=""3""","=""2s2.2p.(2P*<3/2>).9d""","=""2[7/2]*""","=""4""",,"=""""","=""L2138c153""",
C,1,"=""505.9656""","=""0.0014""","=""505.9659""","=""0.0008""","=""1100""","=""""",,"=""68856.35208""","=""88615.02""","=""2s2.2p.3p""","=""1P""","=""1""","=""2s2.2p.(2P*<3/2>).8s""","=""2[3/2]*""","=""1""",,"=""""","=""L17684""",
C,1,"=""506.4147""","=""0.0014""","=""506.4146""","=""0.0013""","=""970""","=""""",,"=""69710.68728""","=""89451.85""","=""2s2.2p.3p""","=""3D""","=""2""","=""2s2.2p.(2P*<1/2>).10s""","=""2[1/2]*""","=""1""",,"=""""","=""L17684""",
C,1,"=""507.6592""","=""0.0014""","=""507.6598""","=""0.0004""","=""2600""","=""""",,"=""68856.35208""","=""88549.095""","=""2s2.2p.3p""","=""1P""","=""1""","=""2s2.2p.(2P*<1/2>).8s""","=""2[1/2]*""","=""1""",,"=""""","=""L17684""",
C,1,"=""508.9632""","=""0.0014""","=""508.9641""","=""0.0008""","=""1100""","=""""",,"=""68856.35208""","=""88498.63""","=""2s2.2p.3p""","=""1P""","=""1""","=""2s2.2p.(2P*<1/2>).7d""","=""2[5/2]*""","=""2""",,"=""""","=""L17684""",
C,2,"=""510.791""","=""0.009""","=""510.7794""","=""0.0016""","=""8h,bl""","=""2.16e+07""",B,"=""202179.86""","=""221752.33""","=""2s.2p.(3P*).3d""","=""2P*""","=""3/2""","=""2s.2p.(3P*).4f""","=""2D""","=""3/2""",,"=""T2440""","=""L1176""",
C,2,"=""511.369""","=""0.005""","=""511.3665""","=""0.0021""","=""17h*""","=""1.07e+08""",B,"=""202179.86""","=""221729.86""","=""2s.2p.(3P*).3d""","=""2P*""","=""3/2""","=""2s.2p.(3P*).4f""","=""2D""","=""5/2""",,"=""T10528""","=""L1176""",
C,2,"=""511.369""","=""0.005""","=""511.3699""","=""0.0016""","=""17h*""","=""2.3e+06""",C,"=""202179.86""","=""221729.73""","=""2s.2p.(3P*).3d""","=""2P*""","=""3/2""","=""2s.2p.(3P*).4f""","=""4D""","=""3/2""",,"=""T10528""","=""L1176""",
C,2,"=""511.426""","=""0.003""","=""511.4248""","=""0.0016""","=""31h""","=""1.16e+08""",B,"=""202204.56""","=""221752.33""","=""2s.2p.(3P*).3d""","=""2P*""","=""1/2""","=""2s.2p.(3P*).4f""","=""2D""","=""3/2""",,"=""T10528""","=""L1176""",
C,2,"=""511.675""","=""0.004""","=""511.6732""","=""0.0016""","=""10h""","=""""",,"=""202204.56""","=""221742.84""","=""2s.2p.(3P*).3d""","=""2P*""","=""1/2""","=""2s.2p.(3P*).4f""","=""4D""","=""1/2""",,"=""""","=""L1176""",
C,2,"=""511.945""","=""0.003""","=""511.9470""","=""0.0016""","=""31h""","=""4.56e+07""",C+,"=""202179.86""","=""221707.69""","=""2s.2p.(3P*).3d""","=""2P*""","=""3/2""","=""2s.2p.(3P*).4f""","=""4D""","=""5/2""",,"=""T10528""","=""L1176""",
C,2,"=""512.010""","=""0.005""","=""512.0084""","=""0.0008""","=""13ql*""","=""8.03e+05""",B,"=""162517.90""","=""182043.39""","=""2s2.4p""","=""2P*""","=""1/2""","=""2s.2p.(3P*).3p""","=""2P""","=""3/2""",,"=""T5109LS""","=""L1176""",
C,2,"=""512.010""","=""0.005""","=""512.0168""","=""0.0016""","=""13ql*""","=""1.14e+07""",C,"=""202204.56""","=""221729.73""","=""2s.2p.(3P*).3d""","=""2P*""","=""1/2""","=""2s.2p.(3P*).4f""","=""4D""","=""3/2""",,"=""T10528""","=""L1176""",
C,2,"=""512.1820""","=""0.0010""","=""512.1831""","=""0.0008""","=""24""","=""4.03e+06""",B,"=""162524.56""","=""182043.39""","=""2s2.4p""","=""2P*""","=""3/2""","=""2s.2p.(3P*).3p""","=""2P""","=""3/2""",,"=""T5109LS""","=""L1176""",
C,2,"=""512.215""","=""0.004""","=""512.212""","=""0.004""","=""10Hql*""","=""1.22e+07""",B,"=""168124.17""","=""187641.88""","=""2s2.4d""","=""2D""","=""3/2""","=""2s2.7f""","=""2F*""","=""5/2""",,"=""T7476""","=""L1176""",
C,2,"=""512.215""","=""0.004""","=""512.217""","=""0.004""","=""10Hql*""","=""1.30e+07""",B,"=""168124.37""","=""187641.90""","=""2s2.4d""","=""2D""","=""5/2""","=""2s2.7f""","=""2F*""","=""7/2""",,"=""T7476""","=""L1176""",
C,2,"=""512.215""","=""0.004""","=""512.218""","=""0.004""","=""10Hql*""","=""8.2e+05""",C,"=""168124.37""","=""187641.88""","=""2s2.4d""","=""2D""","=""5/2""","=""2s2.7f""","=""2F*""","=""5/2""",,"=""T10276""","=""L1176""",
C,2,"=""512.5200""","=""0.0010""","=""512.5202""","=""0.0008""","=""17""","=""3.21e+06""",B,"=""162517.90""","=""182023.89""","=""2s2.4p""","=""2P*""","=""1/2""","=""2s.2p.(3P*).3p""","=""2P""","=""1/2""",,"=""T5109LS""","=""L1176""",
C,2,"=""512.6930""","=""0.0020""","=""512.6953""","=""0.0008""","=""10""","=""1.60e+06""",B,"=""162524.56""","=""182023.89""","=""2s2.4p""","=""2P*""","=""3/2""","=""2s.2p.(3P*).3p""","=""2P""","=""1/2""",,"=""T5109LS""","=""L1176""",
C,2,"=""513.2940""","=""0.0010""","=""513.2949""","=""0.0005""","=""130w*""","=""3.70e+07""",B+,"=""166967.16""","=""186443.71""","=""2s.2p.(3P*).3s""","=""4P*""","=""1/2""","=""2s.2p.(3P*).3p""","=""4P""","=""3/2""",,"=""T2440""","=""L1176""",
C,2,"=""513.3280""","=""0.0010""","=""513.3282""","=""0.0005""","=""130w*""","=""2.70e+07""",B+,"=""166990.74""","=""186466.03""","=""2s.2p.(3P*).3s""","=""4P*""","=""3/2""","=""2s.2p.(3P*).3p""","=""4P""","=""5/2""",,"=""T2440""","=""L1176""",
C,2,"=""513.7260""","=""0.0010""","=""513.7259""","=""0.0006""","=""36""","=""1.55e+07""",B,"=""166967.16""","=""186427.37""","=""2s.2p.(3P*).3s""","=""4P*""","=""1/2""","=""2s.2p.(3P*).3p""","=""4P""","=""1/2""",,"=""T5109LS""","=""L1176""",
C,2,"=""513.9170""","=""0.0010""","=""513.9171""","=""0.0005""","=""60""","=""1.24e+07""",B,"=""166990.74""","=""186443.71""","=""2s.2p.(3P*).3s""","=""4P*""","=""3/2""","=""2s.2p.(3P*).3p""","=""4P""","=""3/2""",,"=""T5109LS""","=""L1176""",
C,2,"=""514.3490""","=""0.0010""","=""514.3492""","=""0.0006""","=""130w,bl(Fe III)""","=""7.55e+07""",B+,"=""166990.74""","=""186427.37""","=""2s.2p.(3P*).3s""","=""4P*""","=""3/2""","=""2s.2p.(3P*).3p""","=""4P""","=""1/2""",,"=""T2440""","=""L1176""",
C,2,"=""514.5160""","=""0.0010""","=""514.5168""","=""0.0005""","=""290""","=""6.35e+07""",B+,"=""167035.73""","=""186466.03""","=""2s.2p.(3P*).3s""","=""4P*""","=""5/2""","=""2s.2p.(3P*).3p""","=""4P""","=""5/2""",,"=""T2440""","=""L1176""",
C,2,"=""515.1090""","=""0.0010""","=""515.1085""","=""0.0005""","=""170""","=""4.18e+07""",B+,"=""167035.73""","=""186443.71""","=""2s.2p.(3P*).3s""","=""4P*""","=""5/2""","=""2s.2p.(3P*).3p""","=""4P""","=""3/2""",,"=""T2440""","=""L1176""",
C,1,"=""515.3571""","=""0.0014""","=""515.3568""","=""0.0008""","=""3200""","=""""",,"=""69744.05213""","=""89142.68""","=""2s2.2p.3p""","=""3D""","=""3""","=""2s2.2p.(2P*<3/2>).8d""","=""2[5/2]*""","=""2""",,"=""""","=""L17684""",
C,1,"=""515.5292""","=""0.0014""","=""515.5291""","=""0.0013""","=""1500""","=""""",,"=""69689.49393""","=""89081.64""","=""2s2.2p.3p""","=""3D""","=""1""","=""2s2.2p.(2P*<1/2>).9s""","=""2[1/2]*""","=""0""",,"=""""","=""L17684""",
C,1,"=""515.530""","=""0.016""","=""515.5189""","=""0.0021""","=""1800w,bl,i""","=""""",,"=""69744.05213""","=""[89136.58]""","=""2s2.2p.3p""","=""3D""","=""3""","=""2s2.2p.(2P*<3/2>).8d""","=""2[7/2]*""","=""4""",,"=""""","=""L2138c153""",
C,3,"=""""","=""""","=""515.852""","=""""","=""""","=""1.40e+07""",B,"=""344232.98""","=""363613""","=""1s2.2s.5p""","=""3P*""","=""2""","=""1s2.2s.7s""","=""3S""","=""1""",,"=""T5633LS""","=""""",
C,3,"=""""","=""""","=""515.940""","=""""","=""""","=""8.40e+06""",B,"=""344236.29""","=""363613""","=""1s2.2s.5p""","=""3P*""","=""1""","=""1s2.2s.7s""","=""3S""","=""1""",,"=""T5633LS""","=""""",
C,1,"=""515.9920""","=""0.0014""","=""515.9932""","=""0.0011""","=""1500""","=""""",,"=""69710.68728""","=""89085.39""","=""2s2.2p.3p""","=""3D""","=""2""","=""2s2.2p.(2P*<1/2>).9s""","=""2[1/2]*""","=""1""",,"=""""","=""L17684""",
C,3,"=""""","=""""","=""516.003""","=""""","=""""","=""2.80e+06""",B,"=""344238.68""","=""363613""","=""1s2.2s.5p""","=""3P*""","=""0""","=""1s2.2s.7s""","=""3S""","=""1""",,"=""T5633LS""","=""""",
C,3,"=""""","=""""","=""517.581""","=""""","=""""","=""4.43e+06""",B,"=""346712.73""","=""366028""","=""1s2.2p.(2P*).3d""","=""1P*""","=""1""","=""1s2.2s.7d""","=""1D""","=""2""",,"=""T5633""","=""""",
C,2,"=""""","=""""","=""520.7977""","=""0.0008""","=""""","=""2.0e+05""",E,"=""196571.82""","=""215767.79""","=""2s.2p.(3P*).3d""","=""4D*""","=""5/2""","=""2s.2p.(3P*).4p""","=""4S""","=""3/2""",,"=""T10528""","=""""",
C,2,"=""""","=""""","=""524.4068""","=""0.0008""","=""""","=""1.41e+05""",B,"=""195765.88""","=""214829.74""","=""2s.2p.(3P*).3d""","=""4F*""","=""5/2""","=""2s.2p.(3P*).4p""","=""4D""","=""7/2""",,"=""T5109LS""","=""""",
C,3,"=""""","=""""","=""524.4665""","=""""","=""""","=""5.30e+06""",B,"=""308216.58""","=""327278.27""","=""1s2.2p.(2P*).3s""","=""3P*""","=""0""","=""1s2.2p.(2P*).3p""","=""3S""","=""1""",,"=""T5633LS""","=""""",
C,3,"=""""","=""""","=""524.9112""","=""""","=""""","=""3.90e+07""",B,"=""324212.49""","=""343258.03""","=""1s2.2s.4d""","=""1D""","=""2""","=""1s2.2s.5p""","=""1P*""","=""1""",,"=""T5633""","=""""",
C,2,"=""524.9510""","=""0.0020""","=""524.9539""","=""0.0008""","=""8""","=""2.76e+06""",B,"=""195785.75""","=""214829.74""","=""2s.2p.(3P*).3d""","=""4F*""","=""7/2""","=""2s.2p.(3P*).4p""","=""4D""","=""7/2""",,"=""T5109LS""","=""L1176""",
C,2,"=""""","=""""","=""524.9906""","=""0.0011""","=""""","=""2.59e+05""",B,"=""195752.62""","=""214795.28""","=""2s.2p.(3P*).3d""","=""4F*""","=""3/2""","=""2s.2p.(3P*).4p""","=""4D""","=""5/2""",,"=""T5109LS""","=""""",
C,2,"=""525.357""","=""0.003""","=""525.3564""","=""0.0008""","=""14bl(C III)""","=""4.70e+06""",B,"=""195765.88""","=""214795.28""","=""2s.2p.(3P*).3d""","=""4F*""","=""5/2""","=""2s.2p.(3P*).4p""","=""4D""","=""5/2""",,"=""T5109LS""","=""L1176""",
C,3,"=""""","=""""","=""525.3575""","=""""","=""""","=""1.58e+07""",B,"=""308248.91""","=""327278.27""","=""1s2.2p.(2P*).3s""","=""3P*""","=""1""","=""1s2.2p.(2P*).3p""","=""3S""","=""1""",,"=""T5633LS""","=""""",
C,2,"=""525.6090""","=""0.0020""","=""525.6103""","=""0.0011""","=""8""","=""5.40e+06""",B,"=""195752.62""","=""214772.83""","=""2s.2p.(3P*).3d""","=""4F*""","=""3/2""","=""2s.2p.(3P*).4p""","=""4D""","=""3/2""",,"=""T5109LS""","=""L1176""",
C,2,"=""525.7240""","=""0.0010""","=""525.7233""","=""0.0008""","=""30""","=""2.40e+07""",B,"=""195813.62""","=""214829.74""","=""2s.2p.(3P*).3d""","=""4F*""","=""9/2""","=""2s.2p.(3P*).4p""","=""4D""","=""7/2""",,"=""T5109LS""","=""L1176""",
C,2,"=""525.9060""","=""0.0010""","=""525.9056""","=""0.0008""","=""29""","=""2.06e+07""",B+,"=""195785.75""","=""214795.28""","=""2s.2p.(3P*).3d""","=""4F*""","=""7/2""","=""2s.2p.(3P*).4p""","=""4D""","=""5/2""",,"=""T2440""","=""L1176""",
C,2,"=""525.971""","=""0.005""","=""525.972""","=""0.003""","=""29*""","=""2.48e+07""",B,"=""195752.62""","=""214759.76""","=""2s.2p.(3P*).3d""","=""4F*""","=""3/2""","=""2s.2p.(3P*).4p""","=""4D""","=""1/2""",,"=""T2440""","=""L1176""",
C,2,"=""525.971""","=""0.005""","=""525.9769""","=""0.0014""","=""29*""","=""2.01e+07""",B,"=""195765.88""","=""214772.83""","=""2s.2p.(3P*).3d""","=""4F*""","=""5/2""","=""2s.2p.(3P*).4p""","=""4D""","=""3/2""",,"=""T2440""","=""L1176""",
C,1,"=""526.8956""","=""0.0014""","=""526.8951""","=""0.0005""","=""7200""","=""1.3e+06""",C,"=""68856.35208""","=""87830.18""","=""2s2.2p.3p""","=""1P""","=""1""","=""2s2.2p.6d""","=""1P*""","=""1""",,"=""T5520""","=""L17684""",
C,2,"=""""","=""""","=""527.062""","=""0.004""","=""""","=""1.8e+05""",E,"=""214772.83""","=""233740.64""","=""2s.2p.(3P*).4p""","=""4D""","=""3/2""","=""2s.2p.(3P*).6s""","=""4P*""","=""5/2""",,"=""T10528""","=""""",
C,3,"=""""","=""""","=""527.2522""","=""""","=""""","=""2.61e+07""",B,"=""308317.29""","=""327278.27""","=""1s2.2p.(2P*).3s""","=""3P*""","=""2""","=""1s2.2p.(2P*).3p""","=""3S""","=""1""",,"=""T5633LS""","=""""",
C,2,"=""""","=""""","=""527.687""","=""0.004""","=""""","=""1.7e+06""",C,"=""214795.28""","=""233740.64""","=""2s.2p.(3P*).4p""","=""4D""","=""5/2""","=""2s.2p.(3P*).6s""","=""4P*""","=""5/2""",,"=""T10528""","=""""",
C,2,"=""""","=""""","=""528.016""","=""0.011""","=""""","=""5.e+05""",E,"=""214759.76""","=""233693.3""","=""2s.2p.(3P*).4p""","=""4D""","=""1/2""","=""2s.2p.(3P*).6s""","=""4P*""","=""3/2""",,"=""T10528""","=""""",
C,1,"=""528.0238""","=""0.0014""","=""528.0232""","=""0.0004""","=""4500""","=""""",,"=""68856.35208""","=""87789.646""","=""2s2.2p.3p""","=""1P""","=""1""","=""2s2.2p.7s""","=""1P*""","=""1""",,"=""""","=""L17684""",
C,2,"=""""","=""""","=""528.381""","=""0.011""","=""""","=""3.2e+06""",C,"=""214772.83""","=""233693.3""","=""2s.2p.(3P*).4p""","=""4D""","=""3/2""","=""2s.2p.(3P*).6s""","=""4P*""","=""3/2""",,"=""T10528""","=""""",
C,2,"=""""","=""""","=""528.642""","=""0.020""","=""""","=""5.1e+06""",C,"=""214759.76""","=""233670.9""","=""2s.2p.(3P*).4p""","=""4D""","=""1/2""","=""2s.2p.(3P*).6s""","=""4P*""","=""1/2""",,"=""T10528""","=""""",
C,2,"=""528.647""","=""0.004""","=""528.648""","=""0.004""","=""6h""","=""8.1e+06""",C,"=""214829.74""","=""233740.64""","=""2s.2p.(3P*).4p""","=""4D""","=""7/2""","=""2s.2p.(3P*).6s""","=""4P*""","=""5/2""",,"=""T10528""","=""L1176""",
C,1,"=""528.8315""","=""0.0014""","=""528.8321""","=""0.0011""","=""1000""","=""""",,"=""69710.68728""","=""88615.02""","=""2s2.2p.3p""","=""3D""","=""2""","=""2s2.2p.(2P*<3/2>).8s""","=""2[3/2]*""","=""1""",,"=""""","=""L17684""",
C,2,"=""529.009""","=""0.010""","=""529.007""","=""0.020""","=""5h*""","=""5.3e+06""",C,"=""214772.83""","=""233670.9""","=""2s.2p.(3P*).4p""","=""4D""","=""3/2""","=""2s.2p.(3P*).6s""","=""4P*""","=""1/2""",,"=""T10528""","=""L1176""",
C,2,"=""529.009""","=""0.010""","=""529.009""","=""0.011""","=""5h*""","=""6.6e+06""",C,"=""214795.28""","=""233693.3""","=""2s.2p.(3P*).4p""","=""4D""","=""5/2""","=""2s.2p.(3P*).6s""","=""4P*""","=""3/2""",,"=""T10528""","=""L1176""",
C,1,"=""""","=""""","=""529.0993""","=""0.0008""","=""""","=""8.e+03""",D,"=""69689.49393""","=""88584.28""","=""2s2.2p.3p""","=""3D""","=""1""","=""2s2.2p.(2P*<3/2>).8s""","=""2[3/2]*""","=""2""",,"=""T5520LS""","=""""",
C,1,"=""529.1224""","=""0.0014""","=""529.1193""","=""0.0006""","=""1600""","=""""",,"=""69710.68728""","=""88604.76""","=""2s2.2p.3p""","=""3D""","=""2""","=""2s2.2p.(2P*<3/2>).7d""","=""2[5/2]*""","=""2""",,"=""""","=""L17684""",
C,1,"=""529.6930""","=""0.0014""","=""529.6934""","=""0.0008""","=""1000""","=""1.1e+05""",D,"=""69710.68728""","=""88584.28""","=""2s2.2p.3p""","=""3D""","=""2""","=""2s2.2p.(2P*<3/2>).8s""","=""2[3/2]*""","=""2""",,"=""T5520LS""","=""L17684""",
C,1,"=""530.0118""","=""0.0014""","=""530.0125""","=""0.0004""","=""1800""","=""""",,"=""68856.35208""","=""87718.583""","=""2s2.2p.3p""","=""1P""","=""1""","=""2s2.2p.7s""","=""3P*""","=""1""",,"=""""","=""L17684""",
C,1,"=""530.0550""","=""0.0014""","=""530.0553""","=""0.0006""","=""4700""","=""""",,"=""69744.05213""","=""88604.76""","=""2s2.2p.3p""","=""3D""","=""3""","=""2s2.2p.(2P*<3/2>).7d""","=""2[5/2]*""","=""2""",,"=""""","=""L17684""",
C,1,"=""530.0845""","=""0.0014""","=""530.0864""","=""0.0005""","=""1600""","=""1.9e+05""",D,"=""69689.49393""","=""88549.095""","=""2s2.2p.3p""","=""3D""","=""1""","=""2s2.2p.(2P*<1/2>).8s""","=""2[1/2]*""","=""1""",,"=""T5520LS""","=""L17684""",
C,1,"=""530.2352""","=""0.0014""","=""530.2359""","=""0.0008""","=""1600""","=""8.e+05""",D,"=""69689.49393""","=""88543.78""","=""2s2.2p.3p""","=""3D""","=""1""","=""2s2.2p.(2P*<1/2>).8s""","=""2[1/2]*""","=""0""",,"=""T5520LS""","=""L17684""",
C,1,"=""530.313""","=""0.016""","=""530.2968""","=""0.0023""","=""1100bl,i""","=""""",,"=""69744.05213""","=""[88596.17]""","=""2s2.2p.3p""","=""3D""","=""3""","=""2s2.2p.(2P*<3/2>).7d""","=""2[7/2]*""","=""4""",,"=""""","=""L2138c153""",
C,1,"=""530.6315""","=""0.0014""","=""530.6315""","=""0.0008""","=""1000""","=""6.e+05""",D,"=""69744.05213""","=""88584.28""","=""2s2.2p.3p""","=""3D""","=""3""","=""2s2.2p.(2P*<3/2>).8s""","=""2[3/2]*""","=""2""",,"=""T5520LS""","=""L17684""",
C,1,"=""530.6837""","=""0.0014""","=""530.6828""","=""0.0005""","=""3500""","=""6.e+05""",D,"=""69710.68728""","=""88549.095""","=""2s2.2p.3p""","=""3D""","=""2""","=""2s2.2p.(2P*<1/2>).8s""","=""2[1/2]*""","=""1""",,"=""T5520LS""","=""L17684""",
C,1,"=""531.7465""","=""0.0014""","=""531.749505""","=""0.000012""","=""5100""","=""""",,"=""61981.83211""","=""80782.44916""","=""2s2.2p.3s""","=""1P*""","=""1""","=""2s2.2p.4p""","=""3D""","=""1""",,"=""""","=""L17684""",
C,1,"=""""","=""""","=""532.4065""","=""0.0009""","=""m""","=""""",,"=""68856.35208""","=""87633.77""","=""2s2.2p.3p""","=""1P""","=""1""","=""2s2.2p.6d""","=""1D*""","=""2""",,"=""""","=""L17684""",
C,2,"=""533.289""","=""0.003""","=""533.2894""","=""0.0023""","=""13ql""","=""6.87e+06""",B,"=""162517.90""","=""181264.23""","=""2s2.4p""","=""2P*""","=""1/2""","=""2s2.6s""","=""2S""","=""1/2""",,"=""T5109LS""","=""L1176""",
C,2,"=""533.479""","=""0.003""","=""533.4789""","=""0.0023""","=""18ql""","=""1.38e+07""",B,"=""162524.56""","=""181264.23""","=""2s2.4p""","=""2P*""","=""3/2""","=""2s2.6s""","=""2S""","=""1/2""",,"=""T5109LS""","=""L1176""",
C,3,"=""""","=""""","=""533.7395""","=""""","=""""","=""6.63e+06""",B,"=""321411.31""","=""340141.83""","=""1s2.2s.4d""","=""3D""","=""1""","=""1s2.2p.(2P*).3d""","=""3P*""","=""0""",,"=""T5633LS""","=""""",
C,2,"=""533.985""","=""0.004""","=""533.964""","=""0.004""","=""6Hqs*""","=""""",,"=""168978.24""","=""[187700.90]""","=""2s2.4f""","=""2F*""","=""5/2""","=""2s2.7h""","=""2H*""","=""11/2""",UT,"=""""","=""L1176""",
C,2,"=""533.985""","=""0.004""","=""533.964""","=""0.004""","=""6Hqs*""","=""""",,"=""168978.24""","=""[187700.90]""","=""2s2.4f""","=""2F*""","=""5/2""","=""2s2.7h""","=""2H*""","=""9/2""",UT,"=""""","=""L1176""",
C,2,"=""533.985""","=""0.004""","=""533.969""","=""0.004""","=""6Hqs*""","=""""",,"=""168978.42""","=""[187700.90]""","=""2s2.4f""","=""2F*""","=""7/2""","=""2s2.7h""","=""2H*""","=""11/2""",UT,"=""""","=""L1176""",
C,2,"=""533.985""","=""0.004""","=""533.969""","=""0.004""","=""6Hqs*""","=""""",,"=""168978.42""","=""[187700.90]""","=""2s2.4f""","=""2F*""","=""7/2""","=""2s2.7h""","=""2H*""","=""9/2""",UT,"=""""","=""L1176""",
C,3,"=""""","=""""","=""534.1474""","=""""","=""""","=""1.65e+06""",B,"=""321411.31""","=""340127.53""","=""1s2.2s.4d""","=""3D""","=""1""","=""1s2.2p.(2P*).3d""","=""3P*""","=""1""",,"=""T5633LS""","=""""",
C,2,"=""534.239""","=""0.004""","=""534.237""","=""0.004""","=""35*""","=""1.04e+07""",B,"=""168978.24""","=""187691.33""","=""2s2.4f""","=""2F*""","=""5/2""","=""2s2.7g""","=""2G""","=""7/2""",,"=""T7476""","=""L21568,L1176""",
C,2,"=""534.239""","=""0.004""","=""534.241""","=""0.003""","=""35*""","=""1.08e+07""",B,"=""168978.42""","=""187691.36""","=""2s2.4f""","=""2F*""","=""7/2""","=""2s2.7g""","=""2G""","=""9/2""",,"=""T7476""","=""L21568,L1176""",
C,2,"=""534.239""","=""0.004""","=""534.242""","=""0.004""","=""35*""","=""3.9e+05""",D+,"=""168978.42""","=""187691.33""","=""2s2.4f""","=""2F*""","=""7/2""","=""2s2.7g""","=""2G""","=""7/2""",,"=""T7476""","=""L21568,L1176""",
C,3,"=""""","=""""","=""534.5881""","=""""","=""""","=""4.95e+06""",B,"=""321426.74""","=""340127.53""","=""1s2.2s.4d""","=""3D""","=""2""","=""1s2.2p.(2P*).3d""","=""3P*""","=""1""",,"=""T5633LS""","=""""",
C,3,"=""""","=""""","=""534.8815""","=""""","=""""","=""6.58e+04""",B,"=""321411.31""","=""340101.84""","=""1s2.2s.4d""","=""3D""","=""1""","=""1s2.2p.(2P*).3d""","=""3P*""","=""2""",,"=""T5633LS""","=""""",
C,3,"=""""","=""""","=""535.3235""","=""""","=""""","=""9.85e+05""",B,"=""321426.74""","=""340101.84""","=""1s2.2s.4d""","=""3D""","=""2""","=""1s2.2p.(2P*).3d""","=""3P*""","=""2""",,"=""T5633LS""","=""""",
C,3,"=""""","=""""","=""535.9925""","=""""","=""""","=""5.50e+06""",B,"=""321450.05""","=""340101.84""","=""1s2.2s.4d""","=""3D""","=""3""","=""1s2.2p.(2P*).3d""","=""3P*""","=""2""",,"=""T5633LS""","=""""",
C,2,"=""536.767""","=""0.004""","=""536.7773""","=""0.0023""","=""6h""","=""3.2e+06""",C,"=""209622.32""","=""228246.84""","=""2s.2p.(3P*).4s""","=""4P*""","=""5/2""","=""2s.2p.(3P*).5p""","=""4D""","=""7/2""",,"=""T10528""","=""L1176""",
C,2,"=""536.858""","=""0.004""","=""536.845""","=""0.005""","=""6wh*""","=""3.11e+05""",B,"=""168124.17""","=""186746.33""","=""2s2.4d""","=""2D""","=""3/2""","=""2s2.7p""","=""2P*""","=""3/2""",,"=""T5109LS""","=""L1176""",
C,2,"=""536.858""","=""0.004""","=""536.851""","=""0.005""","=""6wh*""","=""2.80e+06""",B,"=""168124.37""","=""186746.33""","=""2s2.4d""","=""2D""","=""5/2""","=""2s2.7p""","=""2P*""","=""3/2""",,"=""T5109LS""","=""L1176""",
C,2,"=""536.858""","=""0.004""","=""536.873""","=""0.006""","=""6wh*""","=""3.11e+06""",B,"=""168124.17""","=""186745.36""","=""2s2.4d""","=""2D""","=""3/2""","=""2s2.7p""","=""2P*""","=""1/2""",,"=""T5109LS""","=""L1176""",
C,3,"=""""","=""""","=""537.6194""","=""""","=""""","=""3.29e+06""",B,"=""338514.33""","=""357109.68""","=""1s2.2s.5s""","=""1S""","=""0""","=""1s2.2s.6p""","=""1P*""","=""1""",,"=""T5633""","=""""",
C,1,"=""538.03308""","=""0.00003""","=""538.033014""","=""0.000009""","=""120000""","=""1.86e+06""",B,"=""61981.83211""","=""80562.88550""","=""2s2.2p.3s""","=""1P*""","=""1""","=""2s2.2p.4p""","=""1P""","=""1""",,"=""T6070""","=""L12175c183""",
C,1,"=""540.16""","=""0.03""","=""540.09""","=""0.04""","=""2400d""","=""""",,"=""71385.40992""","=""89895.6""","=""2s2.2p.3p""","=""3P""","=""2""","=""2s2.2p.(2P*<1/2>).11d""","=""2[5/2]*""","=""2""",,"=""""","=""L2138c153""",
C,3,"=""""","=""""","=""540.796""","=""""","=""""","=""3.57e+06""",C+,"=""347151.89""","=""365638""","=""1s2.2s.5f""","=""3F*""","=""2""","=""1s2.2s.7d""","=""3D""","=""1""",,"=""T5633LS""","=""""",
C,3,"=""""","=""""","=""540.796""","=""""","=""""","=""3.98e+05""",C+,"=""347151.89""","=""365638""","=""1s2.2s.5f""","=""3F*""","=""2""","=""1s2.2s.7d""","=""3D""","=""2""",,"=""T5633LS""","=""""",
C,3,"=""""","=""""","=""540.796""","=""""","=""""","=""8.01e+03""",D,"=""347151.89""","=""365638""","=""1s2.2s.5f""","=""3F*""","=""2""","=""1s2.2s.7d""","=""3D""","=""3""",,"=""T5633LS""","=""""",
C,3,"=""""","=""""","=""540.836""","=""""","=""""","=""3.17e+06""",C+,"=""347153.26""","=""365638""","=""1s2.2s.5f""","=""3F*""","=""3""","=""1s2.2s.7d""","=""3D""","=""2""",,"=""T5633LS""","=""""",
C,3,"=""""","=""""","=""540.836""","=""""","=""""","=""2.84e+05""",C+,"=""347153.26""","=""365638""","=""1s2.2s.5f""","=""3F*""","=""3""","=""1s2.2s.7d""","=""3D""","=""3""",,"=""T5633LS""","=""""",
C,3,"=""""","=""""","=""540.899""","=""""","=""""","=""3.27e+06""",C+,"=""347155.41""","=""365638""","=""1s2.2s.5f""","=""3F*""","=""4""","=""1s2.2s.7d""","=""3D""","=""3""",,"=""T5633LS""","=""""",
C,1,"=""543.688""","=""0.016""","=""543.688""","=""0.015""","=""3300w""","=""""",,"=""71385.40992""","=""89773.2""","=""2s2.2p.3p""","=""3P""","=""2""","=""2s2.2p.(2P*<3/2>).10d""","=""2[5/2]*""","=""3""",,"=""""","=""L2138""",
C,2,"=""""","=""""","=""544.062""","=""0.012""","=""""","=""1.3e+04""",D+,"=""168978.24""","=""187353.4""","=""2s2.4f""","=""2F*""","=""5/2""","=""2s2.7d""","=""2D""","=""5/2""",,"=""T10276""","=""""",
C,2,"=""""","=""""","=""544.062""","=""0.012""","=""""","=""4.2e+05""",D+,"=""168978.24""","=""187353.4""","=""2s2.4f""","=""2F*""","=""5/2""","=""2s2.7d""","=""2D""","=""3/2""",,"=""T7476""","=""""",
C,2,"=""""","=""""","=""544.067""","=""0.012""","=""""","=""3.9e+05""",D+,"=""168978.42""","=""187353.4""","=""2s2.4f""","=""2F*""","=""7/2""","=""2s2.7d""","=""2D""","=""5/2""",,"=""T7476""","=""""",
C,2,"=""""","=""""","=""547.5554""","=""0.0009""","=""""","=""6.9e+05""",C,"=""196571.82""","=""214829.74""","=""2s.2p.(3P*).3d""","=""4D*""","=""5/2""","=""2s.2p.(3P*).4p""","=""4D""","=""7/2""",,"=""T10528""","=""""",
C,2,"=""547.8590""","=""0.0010""","=""547.8590""","=""0.0009""","=""11""","=""4.4e+06""",C,"=""196581.94""","=""214829.74""","=""2s.2p.(3P*).3d""","=""4D*""","=""7/2""","=""2s.2p.(3P*).4p""","=""4D""","=""7/2""",,"=""T10528""","=""L1176""",
C,3,"=""""","=""""","=""548.164""","=""""","=""""","=""1.29e+07""",B,"=""346658.34""","=""364896""","=""1s2.2s.5d""","=""1D""","=""2""","=""1s2.2s.7p""","=""1P*""","=""1""",,"=""T5633""","=""""",
C,2,"=""548.3350""","=""0.0020""","=""548.3377""","=""0.0009""","=""5""","=""1.1e+06""",C,"=""196563.41""","=""214795.28""","=""2s.2p.(3P*).3d""","=""4D*""","=""3/2""","=""2s.2p.(3P*).4p""","=""4D""","=""5/2""",,"=""T10528""","=""L1176""",
C,2,"=""548.5900""","=""0.0020""","=""548.5908""","=""0.0009""","=""7""","=""3.32e+06""",C+,"=""196571.82""","=""214795.28""","=""2s.2p.(3P*).3d""","=""4D*""","=""5/2""","=""2s.2p.(3P*).4p""","=""4D""","=""5/2""",,"=""T2440""","=""L1176""",
C,2,"=""""","=""""","=""548.8492""","=""0.0018""","=""""","=""1.2e+06""",C,"=""196557.95""","=""214772.83""","=""2s.2p.(3P*).3d""","=""4D*""","=""1/2""","=""2s.2p.(3P*).4p""","=""4D""","=""3/2""",,"=""T10528""","=""""",
C,2,"=""548.8950""","=""0.0020""","=""548.8956""","=""0.0009""","=""5""","=""8.2e+05""",C,"=""196581.94""","=""214795.28""","=""2s.2p.(3P*).3d""","=""4D*""","=""7/2""","=""2s.2p.(3P*).4p""","=""4D""","=""5/2""",,"=""T10528""","=""L1176""",
C,2,"=""549.0160""","=""0.0020""","=""549.0138""","=""0.0012""","=""5""","=""2.0e+06""",C,"=""196563.41""","=""214772.83""","=""2s.2p.(3P*).3d""","=""4D*""","=""3/2""","=""2s.2p.(3P*).4p""","=""4D""","=""3/2""",,"=""T10528""","=""L1176""",
C,2,"=""""","=""""","=""549.243""","=""0.003""","=""""","=""2.4e+06""",C,"=""196557.95""","=""214759.76""","=""2s.2p.(3P*).3d""","=""4D*""","=""1/2""","=""2s.2p.(3P*).4p""","=""4D""","=""1/2""",,"=""T10528""","=""""",
C,2,"=""""","=""""","=""549.2675""","=""0.0015""","=""""","=""1.5e+06""",C,"=""196571.82""","=""214772.83""","=""2s.2p.(3P*).3d""","=""4D*""","=""5/2""","=""2s.2p.(3P*).4p""","=""4D""","=""3/2""",,"=""T10528""","=""""",
C,2,"=""""","=""""","=""549.408""","=""0.003""","=""""","=""2.3e+06""",C,"=""196563.41""","=""214759.76""","=""2s.2p.(3P*).3d""","=""4D*""","=""3/2""","=""2s.2p.(3P*).4p""","=""4D""","=""1/2""",,"=""T10528""","=""""",
C,1,"=""550.851""","=""0.016""","=""550.819""","=""0.004""","=""3500bl(Cr II)""","=""""",,"=""71364.93596""","=""89514.69""","=""2s2.2p.3p""","=""3P""","=""1""","=""2s2.2p.(2P*<3/2>).10s""","=""2[3/2]*""","=""1""",,"=""""","=""L2138""",
C,1,"=""551.069""","=""0.016""","=""551.063""","=""0.012""","=""2600bl(Cr II)""","=""""",,"=""71385.40992""","=""89527.1""","=""2s2.2p.3p""","=""3P""","=""2""","=""2s2.2p.(2P*<3/2>).9d""","=""2[1/2]*""","=""1""",,"=""""","=""L2138""",
C,1,"=""551.48""","=""0.03""","=""551.480""","=""0.024""","=""1700d,l""","=""""",,"=""71385.40992""","=""89513.4""","=""2s2.2p.3p""","=""3P""","=""2""","=""2s2.2p.(2P*<3/2>).9d""","=""2[5/2]*""","=""3""",,"=""""","=""L2138""",
C,1,"=""551.5691""","=""0.0014""","=""551.5694""","=""0.0012""","=""880""","=""""",,"=""71385.40992""","=""89510.46""","=""2s2.2p.3p""","=""3P""","=""2""","=""2s2.2p.(2P*<3/2>).9d""","=""2[5/2]*""","=""2""",,"=""""","=""L17684""",
C,1,"=""551.6643""","=""0.0014""","=""551.6659""","=""0.0005""","=""1100""","=""""",,"=""69710.68728""","=""87832.568""","=""2s2.2p.3p""","=""3D""","=""2""","=""2s2.2p.6d""","=""3P*""","=""2""",,"=""""","=""L17684""",
C,1,"=""552.35""","=""0.03""","=""552.3539""","=""0.0015""","=""2700w""","=""""",,"=""71352.54344""","=""89451.85""","=""2s2.2p.3p""","=""3P""","=""0""","=""2s2.2p.(2P*<1/2>).10s""","=""2[1/2]*""","=""1""",,"=""""","=""L2138""",
C,1,"=""552.6833""","=""0.0014""","=""552.6834""","=""0.0006""","=""2500""","=""""",,"=""69744.05213""","=""87832.568""","=""2s2.2p.3p""","=""3D""","=""3""","=""2s2.2p.6d""","=""3P*""","=""2""",,"=""""","=""L17684""",
C,1,"=""552.9781""","=""0.0014""","=""552.9756""","=""0.0005""","=""1700""","=""""",,"=""69710.68728""","=""87789.646""","=""2s2.2p.3p""","=""3D""","=""2""","=""2s2.2p.7s""","=""1P*""","=""1""",,"=""""","=""L17684""",
C,1,"=""553.204""","=""0.016""","=""553.227""","=""0.004""","=""1800bl?""","=""""",,"=""71385.40992""","=""89456.15""","=""2s2.2p.3p""","=""3P""","=""2""","=""2s2.2p.(2P*<1/2>).9d""","=""2[3/2]*""","=""1""",,"=""""","=""L2138c153""",
C,1,"=""""","=""""","=""553.4253""","=""0.0006""","=""""","=""1.2e+04""",D,"=""69689.49393""","=""87753.763""","=""2s2.2p.3p""","=""3D""","=""1""","=""2s2.2p.7s""","=""3P*""","=""2""",,"=""T5520LS""","=""""",
C,1,"=""553.4807""","=""0.0014""","=""553.4818""","=""0.0006""","=""1700""","=""""",,"=""69710.68728""","=""87773.113""","=""2s2.2p.3p""","=""3D""","=""2""","=""2s2.2p.6d""","=""3D*""","=""2""",,"=""""","=""L17684""",
C,2,"=""553.5350""","=""0.0010""","=""553.5350""","=""0.0009""","=""15""","=""1.75e+06""",B,"=""157234.05""","=""175294.74""","=""2s2.4s""","=""2S""","=""1/2""","=""2s2.5p""","=""2P*""","=""3/2""",,"=""T5109LS""","=""L1176""",
C,2,"=""553.7610""","=""0.0010""","=""553.7612""","=""0.0009""","=""9""","=""1.75e+06""",B,"=""157234.05""","=""175287.36""","=""2s2.4s""","=""2S""","=""1/2""","=""2s2.5p""","=""2P*""","=""1/2""",,"=""T5109LS""","=""L1176""",
C,1,"=""554.0756""","=""0.0014""","=""554.0753""","=""0.0006""","=""3700""","=""1.8e+05""",D,"=""69710.68728""","=""87753.763""","=""2s2.2p.3p""","=""3D""","=""2""","=""2s2.2p.7s""","=""3P*""","=""2""",,"=""T5520LS""","=""L17684""",
C,1,"=""554.3817""","=""0.0014""","=""554.3810""","=""0.0009""","=""1100""","=""""",,"=""69744.05213""","=""87777.18""","=""2s2.2p.3p""","=""3D""","=""3""","=""2s2.2p.6d""","=""3D*""","=""3""",,"=""""","=""L17684""",
C,1,"=""554.507""","=""0.003""","=""554.5052""","=""0.0005""","=""13000*""","=""3.0e+05""",D,"=""69689.49393""","=""87718.583""","=""2s2.2p.3p""","=""3D""","=""1""","=""2s2.2p.7s""","=""3P*""","=""1""",,"=""T5520LS""","=""L17684""",
C,1,"=""554.507""","=""0.003""","=""554.5061""","=""0.0006""","=""13000*""","=""""",,"=""69744.05213""","=""87773.113""","=""2s2.2p.3p""","=""3D""","=""3""","=""2s2.2p.6d""","=""3D*""","=""2""",,"=""""","=""L17684""",
C,1,"=""554.7271""","=""0.0014""","=""554.7265""","=""0.0007""","=""3900""","=""1.2e+06""",D,"=""69689.49393""","=""87711.39""","=""2s2.2p.3p""","=""3D""","=""1""","=""2s2.2p.7s""","=""3P*""","=""0""",,"=""T5520LS""","=""L17684""",
C,1,"=""554.8239""","=""0.0014""","=""554.8241""","=""0.0015""","=""1700""","=""""",,"=""69689.49393""","=""87708.22""","=""2s2.2p.3p""","=""3D""","=""1""","=""2s2.2p.6d""","=""3F*""","=""2""",,"=""""","=""L17684""",
C,1,"=""554.8902""","=""0.0014""","=""554.8903""","=""0.0015""","=""2100""","=""""",,"=""69744.05213""","=""87760.63""","=""2s2.2p.3p""","=""3D""","=""3""","=""2s2.2p.6d""","=""3F*""","=""4""",,"=""""","=""L17684""",
C,1,"=""555.1032""","=""0.0014""","=""555.1018""","=""0.0006""","=""2500""","=""1.0e+06""",D,"=""69744.05213""","=""87753.763""","=""2s2.2p.3p""","=""3D""","=""3""","=""2s2.2p.7s""","=""3P*""","=""2""",,"=""T5520LS""","=""L17684""",
C,1,"=""555.1589""","=""0.0014""","=""555.1578""","=""0.0005""","=""9600""","=""9.e+05""",D,"=""69710.68728""","=""87718.583""","=""2s2.2p.3p""","=""3D""","=""2""","=""2s2.2p.7s""","=""3P*""","=""1""",,"=""T5520LS""","=""L17684""",
C,1,"=""555.3174""","=""0.0014""","=""555.3170""","=""0.0012""","=""2100""","=""""",,"=""69710.68728""","=""87713.42""","=""2s2.2p.3p""","=""3D""","=""2""","=""2s2.2p.6d""","=""3F*""","=""3""",,"=""""","=""L17684""",
C,2,"=""""","=""""","=""556.240""","=""0.005""","=""""","=""1.00e+06""",C,"=""215767.79""","=""233740.64""","=""2s.2p.(3P*).4p""","=""4S""","=""3/2""","=""2s.2p.(3P*).6s""","=""4P*""","=""5/2""",,"=""T10528""","=""""",
C,2,"=""""","=""""","=""557.709""","=""0.012""","=""""","=""1.7e+06""",C,"=""215767.79""","=""233693.3""","=""2s.2p.(3P*).4p""","=""4S""","=""3/2""","=""2s.2p.(3P*).6s""","=""4P*""","=""3/2""",,"=""T10528""","=""""",
C,1,"=""557.73""","=""0.03""","=""557.7849""","=""0.0009""","=""2700""","=""""",,"=""69710.68728""","=""87633.77""","=""2s2.2p.3p""","=""3D""","=""2""","=""2s2.2p.6d""","=""1D*""","=""2""",,"=""""","=""L2138c153""",
C,2,"=""""","=""""","=""558.407""","=""0.022""","=""""","=""2.2e+06""",C,"=""215767.79""","=""233670.9""","=""2s.2p.(3P*).4p""","=""4S""","=""3/2""","=""2s.2p.(3P*).6s""","=""4P*""","=""1/2""",,"=""T10528""","=""""",
C,1,"=""559.7300""","=""0.0014""","=""559.7303""","=""0.0007""","=""2200""","=""""",,"=""70743.97227""","=""88604.76""","=""2s2.2p.3p""","=""3S""","=""1""","=""2s2.2p.(2P*<3/2>).7d""","=""2[5/2]*""","=""2""",,"=""""","=""L17684""",
C,1,"=""560.3733""","=""0.0014""","=""560.3729""","=""0.0009""","=""1500""","=""1.6e+05""",D,"=""70743.97227""","=""88584.28""","=""2s2.2p.3p""","=""3S""","=""1""","=""2s2.2p.(2P*<3/2>).8s""","=""2[3/2]*""","=""2""",,"=""T5520LS""","=""L17684""",
C,1,"=""561.24""","=""0.03""","=""561.2573""","=""0.0009""","=""960""","=""""",,"=""71352.54344""","=""89164.74""","=""2s2.2p.3p""","=""3P""","=""0""","=""2s2.2p.(2P*<3/2>).8d""","=""2[3/2]*""","=""1""",,"=""""","=""L2138""",
C,1,"=""561.4809""","=""0.0014""","=""561.4802""","=""0.0005""","=""1000""","=""1.6e+05""",D,"=""70743.97227""","=""88549.095""","=""2s2.2p.3p""","=""3S""","=""1""","=""2s2.2p.(2P*<1/2>).8s""","=""2[1/2]*""","=""1""",,"=""T5520LS""","=""L17684""",
C,1,"=""561.6490""","=""0.0014""","=""561.6479""","=""0.0009""","=""1000""","=""1.6e+05""",D,"=""70743.97227""","=""88543.78""","=""2s2.2p.3p""","=""3S""","=""1""","=""2s2.2p.(2P*<1/2>).8s""","=""2[1/2]*""","=""0""",,"=""T5520LS""","=""L17684""",
C,1,"=""562.304""","=""0.016""","=""562.2948""","=""0.0009""","=""1900bl?""","=""""",,"=""71385.40992""","=""89164.74""","=""2s2.2p.3p""","=""3P""","=""2""","=""2s2.2p.(2P*<3/2>).8d""","=""2[3/2]*""","=""1""",,"=""""","=""L2138""",
C,1,"=""562.556""","=""0.016""","=""562.5805""","=""0.0013""","=""1900bl?""","=""""",,"=""71385.40992""","=""89155.71""","=""2s2.2p.3p""","=""3P""","=""2""","=""2s2.2p.(2P*<3/2>).8d""","=""2[7/2]*""","=""3""",,"=""""","=""L2138c153""",
C,1,"=""562.9930""","=""0.0014""","=""562.9934""","=""0.0010""","=""1400""","=""""",,"=""71385.40992""","=""89142.68""","=""2s2.2p.3p""","=""3P""","=""2""","=""2s2.2p.(2P*<3/2>).8d""","=""2[5/2]*""","=""2""",,"=""""","=""L17684""",
C,2,"=""564.0550""","=""0.0010""","=""564.0553""","=""0.0006""","=""29""","=""9.90e+06""",B,"=""166967.16""","=""184691.00""","=""2s.2p.(3P*).3s""","=""4P*""","=""1/2""","=""2s.2p.(3P*).3p""","=""4S""","=""3/2""",,"=""T5109LS""","=""L1176""",
C,1,"=""564.277""","=""0.016""","=""564.2825""","=""0.0016""","=""2000bl?""","=""""",,"=""71364.93596""","=""89081.64""","=""2s2.2p.3p""","=""3P""","=""1""","=""2s2.2p.(2P*<1/2>).9s""","=""2[1/2]*""","=""0""",,"=""""","=""L2138""",
C,2,"=""564.8070""","=""0.0010""","=""564.8067""","=""0.0006""","=""19""","=""1.95e+07""",B+,"=""166990.74""","=""184691.00""","=""2s.2p.(3P*).3s""","=""4P*""","=""3/2""","=""2s.2p.(3P*).3p""","=""4S""","=""3/2""",,"=""T2440""","=""L1176""",
C,1,"=""564.81""","=""0.03""","=""564.8156""","=""0.0013""","=""980""","=""""",,"=""71385.40992""","=""89085.39""","=""2s2.2p.3p""","=""3P""","=""2""","=""2s2.2p.(2P*<1/2>).9s""","=""2[1/2]*""","=""1""",,"=""""","=""L2138""",
C,2,"=""566.2470""","=""0.0010""","=""566.2460""","=""0.0006""","=""33""","=""2.93e+07""",B,"=""167035.73""","=""184691.00""","=""2s.2p.(3P*).3s""","=""4P*""","=""5/2""","=""2s.2p.(3P*).3p""","=""4S""","=""3/2""",,"=""T5109LS""","=""L1176""",
C,1,"=""566.8951""","=""0.0014""","=""566.8940""","=""0.0004""","=""18000""","=""2.4e+06""",C,"=""68856.35208""","=""86491.441""","=""2s2.2p.3p""","=""1P""","=""1""","=""2s2.2p.5d""","=""1P*""","=""1""",,"=""T5520""","=""L17684""",
C,1,"=""569.3110""","=""0.0014""","=""569.3109""","=""0.0006""","=""5800""","=""""",,"=""68856.35208""","=""86416.575""","=""2s2.2p.3p""","=""1P""","=""1""","=""2s2.2p.6s""","=""1P*""","=""1""",,"=""""","=""L17684""",
C,2,"=""569.4300""","=""0.0020""","=""569.4293""","=""0.0013""","=""6""","=""1.7e+06""",C,"=""198844.00""","=""216400.57""","=""2s.2p.(3P*).3d""","=""4P*""","=""5/2""","=""2s.2p.(3P*).4p""","=""4P""","=""5/2""",,"=""T10528""","=""L1176""",
C,3,"=""569.592""","=""""","=""569.592""","=""""","=""450""","=""4.27e+07""",B,"=""258931.29""","=""276482.86""","=""1s2.2s.3p""","=""1P*""","=""1""","=""1s2.2s.3d""","=""1D""","=""2""",,"=""T5633""","=""L1113""",
C,2,"=""570.116""","=""0.019""","=""570.1103""","=""0.0010""","=""6w*""","=""""",,"=""198844.00""","=""216379.60""","=""2s.2p.(3P*).3d""","=""4P*""","=""5/2""","=""2s.2p.(3P*).4p""","=""4P""","=""3/2""",,"=""""","=""L1176""",
C,2,"=""570.116""","=""0.019""","=""570.1201""","=""0.0013""","=""6w*""","=""7.7e+05""",C,"=""198865.27""","=""216400.57""","=""2s.2p.(3P*).3d""","=""4P*""","=""3/2""","=""2s.2p.(3P*).4p""","=""4P""","=""5/2""",,"=""T10528""","=""L1176""",
C,2,"=""570.8030""","=""0.0020""","=""570.8027""","=""0.0010""","=""3""","=""9.8e+05""",C,"=""198865.27""","=""216379.60""","=""2s.2p.(3P*).3d""","=""4P*""","=""3/2""","=""2s.2p.(3P*).4p""","=""4P""","=""3/2""",,"=""T10528""","=""L1176""",
C,2,"=""571.2510""","=""0.0020""","=""571.2515""","=""0.0010""","=""5""","=""1.7e+06""",C,"=""198879.03""","=""216379.60""","=""2s.2p.(3P*).3d""","=""4P*""","=""1/2""","=""2s.2p.(3P*).4p""","=""4P""","=""3/2""",,"=""T10528""","=""L1176""",
C,2,"=""571.3560""","=""0.0020""","=""571.3533""","=""0.0016""","=""3""","=""1.9e+06""",C,"=""198865.27""","=""216362.72""","=""2s.2p.(3P*).3d""","=""4P*""","=""3/2""","=""2s.2p.(3P*).4p""","=""4P""","=""1/2""",,"=""T10528""","=""L1176""",
C,2,"=""""","=""""","=""571.8030""","=""0.0016""","=""""","=""4.0e+05""",E,"=""198879.03""","=""216362.72""","=""2s.2p.(3P*).3d""","=""4P*""","=""1/2""","=""2s.2p.(3P*).4p""","=""4P""","=""1/2""",,"=""T10528""","=""""",
C,1,"=""572.0779""","=""0.0014""","=""572.0776""","=""0.0004""","=""4800""","=""""",,"=""68856.35208""","=""86331.651""","=""2s2.2p.3p""","=""1P""","=""1""","=""2s2.2p.6s""","=""3P*""","=""1""",,"=""""","=""L17684""",
C,3,"=""""","=""""","=""575.811""","=""""","=""""","=""3.98e+05""",B,"=""341370.94""","=""358732.93""","=""1s2.2p.(2P*).3d""","=""1F*""","=""3""","=""1s2.2s.6d""","=""1D""","=""2""",,"=""T5633""","=""""",
C,2,"=""""","=""""","=""575.843""","=""0.005""","=""""","=""2.9e+06""",C,"=""216379.60""","=""233740.64""","=""2s.2p.(3P*).4p""","=""4P""","=""3/2""","=""2s.2p.(3P*).6s""","=""4P*""","=""5/2""",,"=""T10528""","=""""",
C,2,"=""""","=""""","=""576.539""","=""0.005""","=""""","=""5.9e+06""",C,"=""216400.57""","=""233740.64""","=""2s.2p.(3P*).4p""","=""4P""","=""5/2""","=""2s.2p.(3P*).6s""","=""4P*""","=""5/2""",,"=""T10528""","=""""",
C,2,"=""""","=""""","=""576.855""","=""0.013""","=""""","=""3.5e+06""",C,"=""216362.72""","=""233693.3""","=""2s.2p.(3P*).4p""","=""4P""","=""1/2""","=""2s.2p.(3P*).6s""","=""4P*""","=""3/2""",,"=""T10528""","=""""",
C,1,"=""""","=""""","=""576.91131""","=""0.00003""","=""m""","=""""",,"=""68856.35208""","=""86185.2332""","=""2s2.2p.3p""","=""1P""","=""1""","=""2s2.2p.5d""","=""1D*""","=""2""",,"=""""","=""L17684""",
C,2,"=""""","=""""","=""577.417""","=""0.013""","=""""","=""8.6e+05""",C,"=""216379.60""","=""233693.3""","=""2s.2p.(3P*).4p""","=""4P""","=""3/2""","=""2s.2p.(3P*).6s""","=""4P*""","=""3/2""",,"=""T10528""","=""""",
C,2,"=""""","=""""","=""577.601""","=""0.023""","=""""","=""1.3e+06""",E,"=""216362.72""","=""233670.9""","=""2s.2p.(3P*).4p""","=""4P""","=""1/2""","=""2s.2p.(3P*).6s""","=""4P*""","=""1/2""",,"=""T10528""","=""""",
C,1,"=""""","=""""","=""578.063""","=""0.005""","=""""","=""4.5e+04""",D,"=""71352.54344""","=""88646.9""","=""2s2.2p.3p""","=""3P""","=""0""","=""2s2.2p.(2P*<3/2>).7d""","=""2[1/2]*""","=""1""",,"=""T5520LS""","=""""",
C,2,"=""""","=""""","=""578.117""","=""0.013""","=""""","=""3.6e+06""",C,"=""216400.57""","=""233693.3""","=""2s.2p.(3P*).4p""","=""4P""","=""5/2""","=""2s.2p.(3P*).6s""","=""4P*""","=""3/2""",,"=""T10528""","=""""",
C,2,"=""""","=""""","=""578.165""","=""0.023""","=""""","=""5.9e+06""",C,"=""216379.60""","=""233670.9""","=""2s.2p.(3P*).4p""","=""4P""","=""3/2""","=""2s.2p.(3P*).6s""","=""4P*""","=""1/2""",,"=""T10528""","=""""",
C,1,"=""""","=""""","=""578.43""","=""0.06""","=""""","=""1.4e+05""",D,"=""71364.93596""","=""88648.4""","=""2s2.2p.3p""","=""3P""","=""1""","=""2s2.2p.(2P*<3/2>).7d""","=""2[1/2]*""","=""0""",,"=""T5520LS""","=""""",
C,1,"=""""","=""""","=""578.478""","=""0.005""","=""""","=""3.4e+04""",D,"=""71364.93596""","=""88646.9""","=""2s2.2p.3p""","=""3P""","=""1""","=""2s2.2p.(2P*<3/2>).7d""","=""2[1/2]*""","=""1""",,"=""T5520LS""","=""""",
C,1,"=""""","=""""","=""578.739""","=""0.013""","=""""","=""3.4e+04""",D,"=""71364.93596""","=""88639.1""","=""2s2.2p.3p""","=""3P""","=""1""","=""2s2.2p.(2P*<3/2>).7d""","=""2[3/2]*""","=""2""",,"=""T5520LS""","=""""",
C,1,"=""578.784""","=""0.016""","=""578.7424""","=""0.0010""","=""2200bl(Cr)""","=""""",,"=""71364.93596""","=""88638.99""","=""2s2.2p.3p""","=""3P""","=""1""","=""2s2.2p.(2P*<3/2>).7d""","=""2[3/2]*""","=""1""",,"=""""","=""L2138""",
C,1,"=""""","=""""","=""579.164""","=""0.005""","=""""","=""6.e+04""",D,"=""71385.40992""","=""88646.9""","=""2s2.2p.3p""","=""3P""","=""2""","=""2s2.2p.(2P*<3/2>).7d""","=""2[1/2]*""","=""1""",,"=""T5520LS""","=""""",
C,2,"=""579.177""","=""0.009""","=""579.172""","=""0.010""","=""4H""","=""2.27e+07""",C+,"=""219619.86""","=""236881.1""","=""2s.2p.(3P*).4d""","=""4F*""","=""9/2""","=""2s.2p.(3P*).6f""","=""4G""","=""11/2""",,"=""T10528""","=""L1176""",
C,1,"=""579.3116""","=""0.0014""","=""579.311495""","=""0.000006""","=""38000""","=""3.4e+05""",B,"=""64086.96961""","=""81344.05485""","=""2s.2p3""","=""3D*""","=""3""","=""2s2.2p.4p""","=""3P""","=""2""",,"=""T6070n""","=""L17684""",
C,2,"=""579.320""","=""0.008""","=""579.321""","=""0.008""","=""39""","=""1.70e+07""",C+,"=""219557.50""","=""236814.3""","=""2s.2p.(3P*).4d""","=""4F*""","=""3/2""","=""2s.2p.(3P*).6f""","=""4G""","=""5/2""",,"=""T10528""","=""L21568""",
C,1,"=""""","=""""","=""579.409851""","=""0.000017""","=""""","=""4.4e+03""",D,"=""64089.8990""","=""81344.05485""","=""2s.2p3""","=""3D*""","=""1""","=""2s2.2p.4p""","=""3P""","=""2""",,"=""T6070n""","=""""",
C,1,"=""""","=""""","=""579.425""","=""0.013""","=""""","=""1.0e+05""",D,"=""71385.40992""","=""88639.1""","=""2s2.2p.3p""","=""3P""","=""2""","=""2s2.2p.(2P*<3/2>).7d""","=""2[3/2]*""","=""2""",,"=""T5520LS""","=""""",
C,1,"=""579.4459""","=""0.0014""","=""579.446608""","=""0.000010""","=""15000""","=""6.4e+04""",C+,"=""64090.99351""","=""81344.05485""","=""2s.2p3""","=""3D*""","=""2""","=""2s2.2p.4p""","=""3P""","=""2""",,"=""T6070n""","=""L17684""",
C,1,"=""579.8895""","=""0.0014""","=""579.8915""","=""0.0008""","=""1100""","=""""",,"=""71364.93596""","=""88604.76""","=""2s2.2p.3p""","=""3P""","=""1""","=""2s2.2p.(2P*<3/2>).7d""","=""2[5/2]*""","=""2""",,"=""""","=""L17684""",
C,1,"=""580.0232""","=""0.0014""","=""580.023158""","=""0.000017""","=""9400""","=""1.04e+05""",C+,"=""64089.8990""","=""81325.81077""","=""2s.2p3""","=""3D*""","=""1""","=""2s2.2p.4p""","=""3P""","=""1""",,"=""T6070n""","=""L17684""",
C,1,"=""580.0594""","=""0.0014""","=""580.059993""","=""0.000011""","=""35000""","=""3.0e+05""",B,"=""64090.99351""","=""81325.81077""","=""2s.2p3""","=""3D*""","=""2""","=""2s2.2p.4p""","=""3P""","=""1""",,"=""T6070n""","=""L17684""",
C,4,"=""580.133""","=""0.005""","=""580.131""","=""""","=""250""","=""3.17e+07""",A,"=""302849.0""","=""320081.7""","=""1s2.3s""","=""2S""","=""1/2""","=""1s2.3p""","=""2P*""","=""3/2""",,"=""T5118LS""","=""L7288,L3492""",
C,1,"=""580.5192""","=""0.0014""","=""580.520170""","=""0.000020""","=""14000""","=""4.1e+05""",C+,"=""64089.8990""","=""81311.0544""","=""2s.2p3""","=""3D*""","=""1""","=""2s2.2p.4p""","=""3P""","=""0""",,"=""T6070n""","=""L17684""",
C,1,"=""580.580""","=""0.003""","=""580.5810""","=""0.0008""","=""5100*""","=""""",,"=""71385.40992""","=""88604.76""","=""2s2.2p.3p""","=""3P""","=""2""","=""2s2.2p.(2P*<3/2>).7d""","=""2[5/2]*""","=""2""",,"=""""","=""L17684""",
C,1,"=""580.580""","=""0.003""","=""580.5812""","=""0.0010""","=""5100*""","=""9.e+04""",D,"=""71364.93596""","=""88584.28""","=""2s2.2p.3p""","=""3P""","=""1""","=""2s2.2p.(2P*<3/2>).8s""","=""2[3/2]*""","=""2""",,"=""T5520LS""","=""L17684""",
C,4,"=""581.198""","=""0.005""","=""581.197""","=""""","=""200""","=""3.16e+07""",A,"=""302849.0""","=""320050.1""","=""1s2.3s""","=""2S""","=""1/2""","=""1s2.3p""","=""2P*""","=""1/2""",,"=""T5118LS""","=""L7288,L3492""",
C,1,"=""""","=""""","=""581.2724""","=""0.0010""","=""""","=""2.7e+05""",D,"=""71385.40992""","=""88584.28""","=""2s2.2p.3p""","=""3P""","=""2""","=""2s2.2p.(2P*<3/2>).8s""","=""2[3/2]*""","=""2""",,"=""T5520LS""","=""""",
C,1,"=""581.3510""","=""0.0014""","=""581.3508""","=""0.0006""","=""2300""","=""1.2e+05""",D,"=""71352.54344""","=""88549.095""","=""2s2.2p.3p""","=""3P""","=""0""","=""2s2.2p.(2P*<1/2>).8s""","=""2[1/2]*""","=""1""",,"=""T5520LS""","=""L17684""",
C,1,"=""581.7701""","=""0.0014""","=""581.7700""","=""0.0006""","=""1500""","=""9.e+04""",D,"=""71364.93596""","=""88549.095""","=""2s2.2p.3p""","=""3P""","=""1""","=""2s2.2p.(2P*<1/2>).8s""","=""2[1/2]*""","=""1""",,"=""T5520LS""","=""L17684""",
C,2,"=""581.8300""","=""0.0020""","=""581.8316""","=""0.0010""","=""6""","=""3.38e+06""",B,"=""181696.69""","=""198879.03""","=""2s.2p.(3P*).3p""","=""4D""","=""1/2""","=""2s.2p.(3P*).3d""","=""4P*""","=""1/2""",,"=""T5109LS""","=""L1176""",
C,1,"=""581.9499""","=""0.0014""","=""581.9500""","=""0.0010""","=""1500""","=""3.6e+05""",D,"=""71364.93596""","=""88543.78""","=""2s2.2p.3p""","=""3P""","=""1""","=""2s2.2p.(2P*<1/2>).8s""","=""2[1/2]*""","=""0""",,"=""T5520LS""","=""L17684""",
C,1,"=""582.16""","=""0.03""","=""582.159""","=""0.020""","=""1700d""","=""""",,"=""72610.73530""","=""89783.4""","=""2s2.2p.3p""","=""1D""","=""2""","=""2s2.2p.(2P*<3/2>).10d""","=""2[1/2]*""","=""1""",,"=""""","=""L2138""",
C,2,"=""582.314""","=""0.010""","=""582.2979""","=""0.0008""","=""6*""","=""3.38e+05""",B,"=""181696.69""","=""198865.27""","=""2s.2p.(3P*).3p""","=""4D""","=""1/2""","=""2s.2p.(3P*).3d""","=""4P*""","=""3/2""",,"=""T5109LS""","=""L1176""",
C,2,"=""582.314""","=""0.010""","=""582.3183""","=""0.0008""","=""6*""","=""3.38e+06""",B,"=""181711.05""","=""198879.03""","=""2s.2p.(3P*).3p""","=""4D""","=""3/2""","=""2s.2p.(3P*).3d""","=""4P*""","=""1/2""",,"=""T5109LS""","=""L1176""",
C,3,"=""""","=""""","=""582.317""","=""""","=""""","=""2.86e+06""",B,"=""348859.99""","=""366028""","=""1s2.2s.5f""","=""1F*""","=""3""","=""1s2.2s.7d""","=""1D""","=""2""",,"=""T5633""","=""""",
C,1,"=""582.4643""","=""0.0014""","=""582.4640""","=""0.0006""","=""1500""","=""1.5e+05""",D,"=""71385.40992""","=""88549.095""","=""2s2.2p.3p""","=""3P""","=""2""","=""2s2.2p.(2P*<1/2>).8s""","=""2[1/2]*""","=""1""",,"=""T5520LS""","=""L17684""",
C,3,"=""582.642""","=""""","=""582.642""","=""""","=""150""","=""7.32e+07""",B,"=""324212.49""","=""341370.94""","=""1s2.2s.4d""","=""1D""","=""2""","=""1s2.2p.(2P*).3d""","=""1F*""","=""3""",,"=""T5633""","=""L4827""",
C,2,"=""582.7850""","=""0.0020""","=""582.7854""","=""0.0007""","=""6""","=""2.16e+06""",B,"=""181711.05""","=""198865.27""","=""2s.2p.(3P*).3p""","=""4D""","=""3/2""","=""2s.2p.(3P*).3d""","=""4P*""","=""3/2""",,"=""T5109LS""","=""L1176""",
C,2,"=""""","=""""","=""583.5089""","=""0.0007""","=""""","=""1.34e+05""",B,"=""181711.05""","=""198844.00""","=""2s.2p.(3P*).3p""","=""4D""","=""3/2""","=""2s.2p.(3P*).3d""","=""4P*""","=""5/2""",,"=""T5109LS""","=""""",
C,2,"=""583.6350""","=""0.0010""","=""583.6363""","=""0.0006""","=""10""","=""4.23e+06""",B,"=""181736.06""","=""198865.27""","=""2s.2p.(3P*).3p""","=""4D""","=""5/2""","=""2s.2p.(3P*).3d""","=""4P*""","=""3/2""",,"=""T5109LS""","=""L1176""",
C,3,"=""""","=""""","=""584.069""","=""""","=""""","=""4.57e+06""",B,"=""339934.72""","=""357051.23""","=""1s2.2s.5s""","=""3S""","=""1""","=""1s2.2s.6p""","=""3P*""","=""2""",,"=""T5633LS""","=""""",
C,3,"=""""","=""""","=""584.106""","=""""","=""""","=""4.57e+06""",B,"=""339934.72""","=""357050.17""","=""1s2.2s.5s""","=""3S""","=""1""","=""1s2.2s.6p""","=""3P*""","=""1""",,"=""T5633LS""","=""""",
C,3,"=""""","=""""","=""584.132""","=""""","=""""","=""4.57e+06""",B,"=""339934.72""","=""357049.38""","=""1s2.2s.5s""","=""3S""","=""1""","=""1s2.2s.6p""","=""3P*""","=""0""",,"=""T5633LS""","=""""",
C,2,"=""584.3610""","=""0.0020""","=""584.3619""","=""0.0006""","=""6""","=""1.20e+06""",B,"=""181736.06""","=""198844.00""","=""2s.2p.(3P*).3p""","=""4D""","=""5/2""","=""2s.2p.(3P*).3d""","=""4P*""","=""5/2""",,"=""T5109LS""","=""L1176""",
C,1,"=""584.6346""","=""0.0014""","=""584.6347""","=""0.0010""","=""1100""","=""""",,"=""70743.97227""","=""87843.93""","=""2s2.2p.3p""","=""3S""","=""1""","=""2s2.2p.6d""","=""3P*""","=""1""",,"=""""","=""L17684""",
C,1,"=""585.0254""","=""0.0014""","=""585.0234""","=""0.0006""","=""1700""","=""""",,"=""70743.97227""","=""87832.568""","=""2s2.2p.3p""","=""3S""","=""1""","=""2s2.2p.6d""","=""3P*""","=""2""",,"=""""","=""L17684""",
C,2,"=""585.6040""","=""0.0010""","=""585.6059""","=""0.0007""","=""12""","=""5.31e+06""",B,"=""181772.40""","=""198844.00""","=""2s.2p.(3P*).3p""","=""4D""","=""7/2""","=""2s.2p.(3P*).3d""","=""4P*""","=""5/2""",,"=""T5109LS""","=""L1176""",
C,3,"=""""","=""""","=""585.834""","=""""","=""""","=""1.34e+07""",B,"=""323076.88""","=""340141.83""","=""1s2.2p.(2P*).3p""","=""3D""","=""1""","=""1s2.2p.(2P*).3d""","=""3P*""","=""0""",,"=""T5633LS""","=""""",
C,3,"=""""","=""""","=""586.325""","=""""","=""""","=""3.35e+06""",B,"=""323076.88""","=""340127.53""","=""1s2.2p.(2P*).3p""","=""3D""","=""1""","=""1s2.2p.(2P*).3d""","=""3P*""","=""1""",,"=""T5633LS""","=""""",
C,1,"=""586.4948""","=""0.0014""","=""586.4966""","=""0.0006""","=""1700""","=""""",,"=""70743.97227""","=""87789.646""","=""2s2.2p.3p""","=""3S""","=""1""","=""2s2.2p.7s""","=""1P*""","=""1""",,"=""""","=""L17684""",
C,1,"=""587.0655""","=""0.0014""","=""587.0660""","=""0.0007""","=""4600""","=""""",,"=""70743.97227""","=""87773.113""","=""2s2.2p.3p""","=""3S""","=""1""","=""2s2.2p.6d""","=""3D*""","=""2""",,"=""""","=""L17684""",
C,3,"=""""","=""""","=""587.168""","=""""","=""""","=""1.00e+07""",B,"=""323101.36""","=""340127.53""","=""1s2.2p.(2P*).3p""","=""3D""","=""2""","=""1s2.2p.(2P*).3d""","=""3P*""","=""1""",,"=""T5633LS""","=""""",
C,3,"=""""","=""""","=""587.210""","=""""","=""""","=""1.33e+05""",B,"=""323076.88""","=""340101.84""","=""1s2.2p.(2P*).3p""","=""3D""","=""1""","=""1s2.2p.(2P*).3d""","=""3P*""","=""2""",,"=""T5633LS""","=""""",
C,1,"=""587.731""","=""0.003""","=""587.7338""","=""0.0007""","=""3700p(He I)""","=""2.8e+05""",D,"=""70743.97227""","=""87753.763""","=""2s2.2p.3p""","=""3S""","=""1""","=""2s2.2p.7s""","=""3P*""","=""2""",,"=""T5520LS""","=""L17684""",
C,2,"=""""","=""""","=""587.954""","=""0.006""","=""""","=""7.82e+04""",B,"=""168729.51""","=""185732.93""","=""2p3""","=""2P*""","=""1/2""","=""2s2.7s""","=""2S""","=""1/2""",,"=""T5109LS""","=""""",
C,3,"=""""","=""""","=""588.056""","=""""","=""""","=""1.99e+06""",B,"=""323101.36""","=""340101.84""","=""1s2.2p.(2P*).3p""","=""3D""","=""2""","=""1s2.2p.(2P*).3d""","=""3P*""","=""2""",,"=""T5633LS""","=""""",
C,2,"=""""","=""""","=""588.603""","=""0.006""","=""""","=""1.56e+05""",B,"=""168748.26""","=""185732.93""","=""2p3""","=""2P*""","=""3/2""","=""2s2.7s""","=""2S""","=""1/2""",,"=""T5109LS""","=""""",
C,2,"=""588.9270""","=""0.0010""","=""588.9276""","=""0.0007""","=""16""","=""3.49e+06""",B,"=""145549.25""","=""162524.56""","=""2s2.3d""","=""2D""","=""3/2""","=""2s2.4p""","=""2P*""","=""3/2""",,"=""T5109LS""","=""L1176""",
C,1,"=""588.9515""","=""0.0014""","=""588.9519""","=""0.0005""","=""2500""","=""2.8e+05""",D,"=""70743.97227""","=""87718.583""","=""2s2.2p.3p""","=""3S""","=""1""","=""2s2.2p.7s""","=""3P*""","=""1""",,"=""T5520LS""","=""L17684""",
C,2,"=""588.9770""","=""0.0010""","=""588.9780""","=""0.0008""","=""120""","=""3.15e+07""",B,"=""145550.70""","=""162524.56""","=""2s2.3d""","=""2D""","=""5/2""","=""2s2.4p""","=""2P*""","=""3/2""",,"=""T5109LS""","=""L1176""",
C,2,"=""589.1590""","=""0.0010""","=""589.1588""","=""0.0008""","=""59""","=""3.49e+07""",B,"=""145549.25""","=""162517.90""","=""2s2.3d""","=""2D""","=""3/2""","=""2s2.4p""","=""2P*""","=""1/2""",,"=""T5109LS""","=""L1176""",
C,1,"=""589.2000""","=""0.0014""","=""589.2016""","=""0.0008""","=""1700""","=""2.8e+05""",D,"=""70743.97227""","=""87711.39""","=""2s2.2p.3p""","=""3S""","=""1""","=""2s2.2p.7s""","=""3P*""","=""0""",,"=""T5520LS""","=""L17684""",
C,3,"=""""","=""""","=""589.407""","=""""","=""""","=""1.11e+07""",B,"=""323140.33""","=""340101.84""","=""1s2.2p.(2P*).3p""","=""3D""","=""3""","=""1s2.2p.(2P*).3d""","=""3P*""","=""2""",,"=""T5633LS""","=""""",
C,3,"=""""","=""""","=""589.445""","=""""","=""""","=""1.86e+05""",C,"=""327278.27""","=""344238.68""","=""1s2.2p.(2P*).3p""","=""3S""","=""1""","=""1s2.2s.5p""","=""3P*""","=""0""",,"=""T5633LS""","=""""",
C,3,"=""""","=""""","=""589.528""","=""""","=""""","=""1.86e+05""",C+,"=""327278.27""","=""344236.29""","=""1s2.2p.(2P*).3p""","=""3S""","=""1""","=""1s2.2s.5p""","=""3P*""","=""1""",,"=""T5633LS""","=""""",
C,3,"=""""","=""""","=""589.643""","=""""","=""""","=""1.86e+05""",C+,"=""327278.27""","=""344232.98""","=""1s2.2p.(2P*).3p""","=""3S""","=""1""","=""1s2.2s.5p""","=""3P*""","=""2""",,"=""T5633LS""","=""""",
C,2,"=""590.7210""","=""0.0010""","=""590.7205""","=""0.0007""","=""16""","=""2.00e+07""",C+,"=""198844.00""","=""215767.79""","=""2s.2p.(3P*).3d""","=""4P*""","=""5/2""","=""2s.2p.(3P*).4p""","=""4S""","=""3/2""",,"=""T10528""","=""L1176""",
C,1,"=""591.2577""","=""0.0014""","=""591.2577""","=""0.0014""","=""870""","=""""",,"=""72610.73530""","=""89519.15""","=""2s2.2p.3p""","=""1D""","=""2""","=""2s2.2p.(2P*<3/2>).9d""","=""2[7/2]*""","=""3""",,"=""""","=""L17684""",
C,2,"=""591.4640""","=""0.0010""","=""591.4639""","=""0.0007""","=""9""","=""1.22e+07""",C+,"=""198865.27""","=""215767.79""","=""2s.2p.(3P*).3d""","=""4P*""","=""3/2""","=""2s.2p.(3P*).4p""","=""4S""","=""3/2""",,"=""T10528""","=""L1176""",
C,2,"=""591.9450""","=""0.0010""","=""591.9458""","=""0.0007""","=""7""","=""5.8e+06""",C,"=""198879.03""","=""215767.79""","=""2s.2p.(3P*).3d""","=""4P*""","=""1/2""","=""2s.2p.(3P*).4p""","=""4S""","=""3/2""",,"=""T10528""","=""L1176""",
C,1,"=""594.0100""","=""0.0014""","=""594.0121""","=""0.0005""","=""1100""","=""""",,"=""69689.49393""","=""86519.506""","=""2s2.2p.3p""","=""3D""","=""1""","=""2s2.2p.5d""","=""3P*""","=""1""",,"=""""","=""L17684""",
C,1,"=""594.3389""","=""0.0014""","=""594.3390""","=""0.0014""","=""880""","=""""",,"=""72610.73530""","=""89431.49""","=""2s2.2p.3p""","=""1D""","=""2""","=""2s2.2p.(2P*<1/2>).9d""","=""2[5/2]*""","=""2""",,"=""""","=""L17684""",
C,1,"=""594.7607""","=""0.0014""","=""594.7610""","=""0.0005""","=""1900""","=""""",,"=""69710.68728""","=""86519.506""","=""2s2.2p.3p""","=""3D""","=""2""","=""2s2.2p.5d""","=""3P*""","=""1""",,"=""""","=""L17684""",
C,1,"=""595.0040""","=""0.0014""","=""595.0043""","=""0.0005""","=""2000""","=""""",,"=""69689.49393""","=""86491.441""","=""2s2.2p.3p""","=""3D""","=""1""","=""2s2.2p.5d""","=""1P*""","=""1""",,"=""""","=""L17684""",
C,1,"=""595.2133""","=""0.0014""","=""595.21402""","=""0.00007""","=""5300""","=""""",,"=""69710.68728""","=""86506.7138""","=""2s2.2p.3p""","=""3D""","=""2""","=""2s2.2p.5d""","=""3P*""","=""2""",,"=""""","=""L17684""",
C,1,"=""596.3989""","=""0.0014""","=""596.39876""","=""0.00007""","=""7200""","=""""",,"=""69744.05213""","=""86506.7138""","=""2s2.2p.3p""","=""3D""","=""3""","=""2s2.2p.5d""","=""3P*""","=""2""",,"=""""","=""L17684""",
C,1,"=""596.9326""","=""0.0014""","=""596.933151""","=""0.000006""","=""18000""","=""2.5e+04""",C,"=""64086.96961""","=""80834.62491""","=""2s.2p3""","=""3D*""","=""3""","=""2s2.2p.4p""","=""3D""","=""3""",,"=""T6070""","=""L17684""",
C,1,"=""597.0726""","=""0.0014""","=""597.076610""","=""0.000011""","=""3000""","=""""",,"=""64090.99351""","=""80834.62491""","=""2s.2p3""","=""3D*""","=""2""","=""2s2.2p.4p""","=""3D""","=""3""",,"=""""","=""L17684""",
C,1,"=""597.2588""","=""0.0014""","=""597.2589""","=""0.0008""","=""1400""","=""""",,"=""69710.68728""","=""86449.208""","=""2s2.2p.3p""","=""3D""","=""2""","=""2s2.2p.5d""","=""1F*""","=""3""",,"=""""","=""L17684""",
C,1,"=""598.1221""","=""0.0014""","=""598.123721""","=""0.000007""","=""5700""","=""""",,"=""64086.96961""","=""80801.28887""","=""2s.2p3""","=""3D*""","=""3""","=""2s2.2p.4p""","=""3D""","=""2""",,"=""""","=""L17684""",
C,1,"=""598.2275""","=""0.0014""","=""598.228569""","=""0.000018""","=""3000""","=""""",,"=""64089.8990""","=""80801.28887""","=""2s.2p3""","=""3D*""","=""1""","=""2s2.2p.4p""","=""3D""","=""2""",,"=""""","=""L17684""",
C,1,"=""598.2671""","=""0.0014""","=""598.267752""","=""0.000011""","=""6800""","=""""",,"=""64090.99351""","=""80801.28887""","=""2s.2p3""","=""3D*""","=""2""","=""2s2.2p.4p""","=""3D""","=""2""",,"=""""","=""L17684""",
C,1,"=""598.4260""","=""0.0014""","=""598.4256""","=""0.0006""","=""6000""","=""""",,"=""69710.68728""","=""86416.575""","=""2s2.2p.3p""","=""3D""","=""2""","=""2s2.2p.6s""","=""1P*""","=""1""",,"=""""","=""L17684""",
C,1,"=""""","=""""","=""598.6391""","=""0.0006""","=""""","=""3.1e+04""",D,"=""69689.49393""","=""86389.425""","=""2s2.2p.3p""","=""3D""","=""1""","=""2s2.2p.5d""","=""3D*""","=""2""",,"=""T5520LS""","=""""",
C,1,"=""598.9014""","=""0.0014""","=""598.903753""","=""0.000018""","=""10000""","=""""",,"=""64089.8990""","=""80782.44916""","=""2s.2p3""","=""3D*""","=""1""","=""2s2.2p.4p""","=""3D""","=""1""",,"=""""","=""L17684""",
C,1,"=""598.9401""","=""0.0014""","=""598.943026""","=""0.000011""","=""4600""","=""""",,"=""64090.99351""","=""80782.44916""","=""2s.2p3""","=""3D*""","=""2""","=""2s2.2p.4p""","=""3D""","=""1""",,"=""""","=""L17684""",
C,1,"=""""","=""""","=""599.0978""","=""0.0014""","=""""","=""2.3e+04""",D,"=""69710.68728""","=""86397.83""","=""2s2.2p.3p""","=""3D""","=""2""","=""2s2.2p.5d""","=""3D*""","=""3""",,"=""T5520LS""","=""""",
C,1,"=""""","=""""","=""599.3498""","=""0.0006""","=""""","=""2.2e+04""",D,"=""69689.49393""","=""86369.622""","=""2s2.2p.3p""","=""3D""","=""1""","=""2s2.2p.6s""","=""3P*""","=""2""",,"=""T5520LS""","=""""",
C,1,"=""""","=""""","=""599.3997""","=""0.0006""","=""""","=""1.4e+05""",D,"=""69710.68728""","=""86389.425""","=""2s2.2p.3p""","=""3D""","=""2""","=""2s2.2p.5d""","=""3D*""","=""2""",,"=""T5520LS""","=""""",
C,1,"=""599.6057""","=""0.0014""","=""599.6044""","=""0.0011""","=""1700""","=""1.5e+05""",D,"=""69689.49393""","=""86362.54""","=""2s2.2p.3p""","=""3D""","=""1""","=""2s2.2p.5d""","=""3D*""","=""1""",,"=""T5520LS""","=""L17684""",
C,1,"=""600.1126""","=""0.0014""","=""600.1123""","=""0.0006""","=""35000""","=""3.2e+05""",D,"=""69710.68728""","=""86369.622""","=""2s2.2p.3p""","=""3D""","=""2""","=""2s2.2p.6s""","=""3P*""","=""2""",,"=""T5520LS""","=""L17684""",
C,1,"=""600.2982""","=""0.0014""","=""600.2981""","=""0.0014""","=""6300""","=""1.8e+05""",D,"=""69744.05213""","=""86397.83""","=""2s2.2p.3p""","=""3D""","=""3""","=""2s2.2p.5d""","=""3D*""","=""3""",,"=""T5520LS""","=""L17684""",
C,1,"=""600.3666""","=""0.0014""","=""600.3675""","=""0.0011""","=""2100""","=""5.e+04""",D,"=""69710.68728""","=""86362.54""","=""2s2.2p.3p""","=""3D""","=""2""","=""2s2.2p.5d""","=""3D*""","=""1""",,"=""T5520LS""","=""L17684""",
C,1,"=""600.6028""","=""0.0014""","=""600.6012""","=""0.0006""","=""23000""","=""3.1e+04""",D,"=""69744.05213""","=""86389.425""","=""2s2.2p.3p""","=""3D""","=""3""","=""2s2.2p.5d""","=""3D*""","=""2""",,"=""T5520LS""","=""L17684""",
C,1,"=""600.7178""","=""0.0014""","=""600.7173""","=""0.0004""","=""9600""","=""5.e+05""",D,"=""69689.49393""","=""86331.651""","=""2s2.2p.3p""","=""3D""","=""1""","=""2s2.2p.6s""","=""3P*""","=""1""",,"=""T5520LS""","=""L17684""",
C,1,"=""601.0679""","=""0.0014""","=""601.0669""","=""0.0007""","=""12000""","=""2.1e+06""",D,"=""69689.49393""","=""86321.97""","=""2s2.2p.3p""","=""3D""","=""1""","=""2s2.2p.6s""","=""3P*""","=""0""",,"=""T5520LS""","=""L17684""",
C,1,"=""601.2236""","=""0.0014""","=""601.2216""","=""0.0011""","=""6400""","=""3.7e+05""",D,"=""69689.49393""","=""86317.69""","=""2s2.2p.3p""","=""3D""","=""1""","=""2s2.2p.5d""","=""3F*""","=""2""",,"=""T5520LS""","=""L17684""",
C,1,"=""601.322""","=""0.003""","=""601.3166""","=""0.0006""","=""79000*""","=""1.8e+06""",D,"=""69744.05213""","=""86369.622""","=""2s2.2p.3p""","=""3D""","=""3""","=""2s2.2p.6s""","=""3P*""","=""2""",,"=""T5520LS""","=""L17684""",
C,1,"=""601.322""","=""0.003""","=""601.32518""","=""0.00018""","=""79000*""","=""4.4e+05""",D,"=""69744.05213""","=""86369.385""","=""2s2.2p.3p""","=""3D""","=""3""","=""2s2.2p.5d""","=""3F*""","=""4""",,"=""T5520LS""","=""L17684""",
C,1,"=""601.4845""","=""0.0014""","=""601.4833""","=""0.0004""","=""14000""","=""1.6e+06""",D,"=""69710.68728""","=""86331.651""","=""2s2.2p.3p""","=""3D""","=""2""","=""2s2.2p.6s""","=""3P*""","=""1""",,"=""T5520LS""","=""L17684""",
C,1,"=""601.6449""","=""0.0014""","=""601.64487""","=""0.00005""","=""16000""","=""3.9e+05""",D,"=""69710.68728""","=""86327.1863""","=""2s2.2p.3p""","=""3D""","=""2""","=""2s2.2p.5d""","=""3F*""","=""3""",,"=""T5520LS""","=""L17684""",
C,1,"=""601.9866""","=""0.0014""","=""601.9889""","=""0.0011""","=""1700""","=""7.e+04""",D,"=""69710.68728""","=""86317.69""","=""2s2.2p.3p""","=""3D""","=""2""","=""2s2.2p.5d""","=""3F*""","=""2""",,"=""T5520LS""","=""L17684""",
C,1,"=""""","=""""","=""602.85537""","=""0.00005""","=""""","=""5.e+04""",D,"=""69744.05213""","=""86327.1863""","=""2s2.2p.3p""","=""3D""","=""3""","=""2s2.2p.5d""","=""3F*""","=""3""",,"=""T5520LS""","=""""",
C,1,"=""""","=""""","=""603.2008""","=""0.0011""","=""""","=""1.9e+03""",D,"=""69744.05213""","=""86317.69""","=""2s2.2p.3p""","=""3D""","=""3""","=""2s2.2p.5d""","=""3F*""","=""2""",,"=""T5520LS""","=""""",
C,2,"=""603.796""","=""0.004""","=""603.795""","=""0.004""","=""3h""","=""1.77e+07""",C+,"=""220150.51""","=""236707.83""","=""2s.2p.(3P*).4d""","=""4D*""","=""7/2""","=""2s.2p.(3P*).6f""","=""4F""","=""9/2""",,"=""T10528""","=""L1176""",
C,1,"=""603.9171""","=""0.0014""","=""603.9162""","=""0.0011""","=""1400""","=""""",,"=""72610.73530""","=""89164.74""","=""2s2.2p.3p""","=""1D""","=""2""","=""2s2.2p.(2P*<3/2>).8d""","=""2[3/2]*""","=""1""",,"=""""","=""L17684""",
C,1,"=""604.2457""","=""0.0014""","=""604.2458""","=""0.0015""","=""1400""","=""""",,"=""72610.73530""","=""89155.71""","=""2s2.2p.3p""","=""1D""","=""2""","=""2s2.2p.(2P*<3/2>).8d""","=""2[7/2]*""","=""3""",,"=""""","=""L17684""",
C,1,"=""604.4793""","=""0.0014""","=""604.4782""","=""0.0011""","=""930""","=""""",,"=""72610.73530""","=""89149.35""","=""2s2.2p.3p""","=""1D""","=""2""","=""2s2.2p.(2P*<3/2>).9s""","=""2[3/2]*""","=""1""",,"=""""","=""L17684""",
C,1,"=""606.2089""","=""0.0014""","=""606.2093""","=""0.0011""","=""1100""","=""9.e+04""",D,"=""71352.54344""","=""87843.93""","=""2s2.2p.3p""","=""3P""","=""0""","=""2s2.2p.6d""","=""3P*""","=""1""",,"=""T5520LS""","=""L17684""",
C,1,"=""""","=""""","=""606.62""","=""0.06""","=""""","=""2.6e+05""",D,"=""71364.93596""","=""87845.1""","=""2s2.2p.3p""","=""3P""","=""1""","=""2s2.2p.6d""","=""3P*""","=""0""",,"=""T5520LS""","=""""",
C,1,"=""""","=""""","=""606.6652""","=""0.0011""","=""""","=""6.e+04""",D,"=""71364.93596""","=""87843.93""","=""2s2.2p.3p""","=""3P""","=""1""","=""2s2.2p.6d""","=""3P*""","=""1""",,"=""T5520LS""","=""""",
C,1,"=""606.8267""","=""0.0014""","=""606.82899""","=""0.00003""","=""1700""","=""""",,"=""69710.68728""","=""86185.2332""","=""2s2.2p.3p""","=""3D""","=""2""","=""2s2.2p.5d""","=""1D*""","=""2""",,"=""""","=""L17684""",
C,1,"=""607.0833""","=""0.0014""","=""607.0838""","=""0.0007""","=""2200""","=""6.e+04""",D,"=""71364.93596""","=""87832.568""","=""2s2.2p.3p""","=""3P""","=""1""","=""2s2.2p.6d""","=""3P*""","=""2""",,"=""T5520LS""","=""L17684""",
C,1,"=""""","=""""","=""607.4199""","=""0.0011""","=""""","=""1.1e+05""",D,"=""71385.40992""","=""87843.93""","=""2s2.2p.3p""","=""3P""","=""2""","=""2s2.2p.6d""","=""3P*""","=""1""",,"=""T5520LS""","=""""",
C,1,"=""607.8395""","=""0.0014""","=""607.8395""","=""0.0007""","=""3800""","=""1.9e+05""",D,"=""71385.40992""","=""87832.568""","=""2s2.2p.3p""","=""3P""","=""2""","=""2s2.2p.6d""","=""3P*""","=""2""",,"=""T5520LS""","=""L17684""",
C,1,"=""607.9771""","=""0.0014""","=""607.9771""","=""0.0015""","=""1400""","=""""",,"=""72610.73530""","=""89054.17""","=""2s2.2p.3p""","=""1D""","=""2""","=""2s2.2p.(2P*<1/2>).8d""","=""2[5/2]*""","=""2""",,"=""""","=""L17684""",
C,1,"=""608.6686""","=""0.0014""","=""608.6703""","=""0.0006""","=""1100""","=""""",,"=""71364.93596""","=""87789.646""","=""2s2.2p.3p""","=""3P""","=""1""","=""2s2.2p.7s""","=""1P*""","=""1""",,"=""""","=""L17684""",
C,1,"=""609.2837""","=""0.0014""","=""609.2836""","=""0.0007""","=""2200""","=""""",,"=""71364.93596""","=""87773.113""","=""2s2.2p.3p""","=""3P""","=""1""","=""2s2.2p.6d""","=""3D*""","=""2""",,"=""""","=""L17684""",
C,1,"=""609.4298""","=""0.0014""","=""609.4299""","=""0.0006""","=""1300""","=""""",,"=""71385.40992""","=""87789.646""","=""2s2.2p.3p""","=""3P""","=""2""","=""2s2.2p.7s""","=""1P*""","=""1""",,"=""""","=""L17684""",
C,2,"=""609.5290""","=""0.0020""","=""609.5283""","=""0.0011""","=""33""","=""4.20e+07""",B,"=""182023.89""","=""198425.48""","=""2s.2p.(3P*).3p""","=""2P""","=""1/2""","=""2s.2p.(3P*).3d""","=""2D*""","=""3/2""",,"=""T5109LS""","=""L1176""",
C,2,"=""609.8510""","=""0.0020""","=""609.8525""","=""0.0011""","=""30""","=""5.03e+07""",B+,"=""182043.39""","=""198436.26""","=""2s.2p.(3P*).3p""","=""2P""","=""3/2""","=""2s.2p.(3P*).3d""","=""2D*""","=""5/2""",,"=""T2440""","=""L1176""",
C,1,"=""609.8923""","=""0.0014""","=""609.8934""","=""0.0011""","=""1600""","=""""",,"=""71385.40992""","=""87777.18""","=""2s2.2p.3p""","=""3P""","=""2""","=""2s2.2p.6d""","=""3D*""","=""3""",,"=""""","=""L17684""",
C,1,"=""610.0028""","=""0.0014""","=""610.0029""","=""0.0007""","=""2600""","=""1.4e+05""",D,"=""71364.93596""","=""87753.763""","=""2s2.2p.3p""","=""3P""","=""1""","=""2s2.2p.7s""","=""3P*""","=""2""",,"=""T5520LS""","=""L17684""",
C,1,"=""610.0459""","=""0.0014""","=""610.0448""","=""0.0007""","=""7600""","=""""",,"=""71385.40992""","=""87773.113""","=""2s2.2p.3p""","=""3P""","=""2""","=""2s2.2p.6d""","=""3D*""","=""2""",,"=""""","=""L17684""",
C,2,"=""610.2560""","=""0.0020""","=""610.2538""","=""0.0011""","=""14""","=""8.37e+06""",B,"=""182043.39""","=""198425.48""","=""2s.2p.(3P*).3p""","=""2P""","=""3/2""","=""2s.2p.(3P*).3d""","=""2D*""","=""3/2""",,"=""T5109LS""","=""L1176""",
C,1,"=""610.7653""","=""0.0014""","=""610.7659""","=""0.0007""","=""2200""","=""4.2e+05""",D,"=""71385.40992""","=""87753.763""","=""2s2.2p.3p""","=""3P""","=""2""","=""2s2.2p.7s""","=""3P*""","=""2""",,"=""T5520LS""","=""L17684""",
C,1,"=""610.8526""","=""0.0014""","=""610.8523""","=""0.0006""","=""3300""","=""1.9e+05""",D,"=""71352.54344""","=""87718.583""","=""2s2.2p.3p""","=""3P""","=""0""","=""2s2.2p.7s""","=""3P*""","=""1""",,"=""T5520LS""","=""L17684""",
C,1,"=""611.3150""","=""0.0014""","=""611.3152""","=""0.0006""","=""1700""","=""1.4e+05""",D,"=""71364.93596""","=""87718.583""","=""2s2.2p.3p""","=""3P""","=""1""","=""2s2.2p.7s""","=""3P*""","=""1""",,"=""T5520LS""","=""L17684""",
C,1,"=""611.5850""","=""0.0014""","=""611.5842""","=""0.0009""","=""3900""","=""6.e+05""",D,"=""71364.93596""","=""87711.39""","=""2s2.2p.3p""","=""3P""","=""1""","=""2s2.2p.7s""","=""3P*""","=""0""",,"=""T5520LS""","=""L17684""",
C,1,"=""612.0818""","=""0.0014""","=""612.0815""","=""0.0006""","=""3900""","=""2.3e+05""",D,"=""71385.40992""","=""87718.583""","=""2s2.2p.3p""","=""3P""","=""2""","=""2s2.2p.7s""","=""3P*""","=""1""",,"=""T5520LS""","=""L17684""",
C,3,"=""""","=""""","=""614.787""","=""""","=""""","=""1.64e+05""",B,"=""321426.74""","=""337688.04""","=""1s2.2s.4d""","=""3D""","=""2""","=""1s2.2p.(2P*).3d""","=""3D*""","=""3""",,"=""T5633LS""","=""""",
C,3,"=""""","=""""","=""614.928""","=""""","=""""","=""2.21e+05""",B,"=""321411.31""","=""337668.89""","=""1s2.2s.4d""","=""3D""","=""1""","=""1s2.2p.(2P*).3d""","=""3D*""","=""2""",,"=""T5633LS""","=""""",
C,2,"=""615.143""","=""0.003""","=""615.139""","=""0.004""","=""36Hql*""","=""2.07e+07""",B,"=""168124.17""","=""184376.15""","=""2s2.4d""","=""2D""","=""3/2""","=""2s2.6f""","=""2F*""","=""5/2""",,"=""T7476""","=""L1176""",
C,2,"=""615.143""","=""0.003""","=""615.145""","=""0.003""","=""36Hql*""","=""2.21e+07""",B,"=""168124.37""","=""184376.19""","=""2s2.4d""","=""2D""","=""5/2""","=""2s2.6f""","=""2F*""","=""7/2""",,"=""T7476""","=""L1176""",
C,2,"=""615.143""","=""0.003""","=""615.147""","=""0.003""","=""36Hql*""","=""1.4e+06""",C,"=""168124.37""","=""184376.15""","=""2s2.4d""","=""2D""","=""5/2""","=""2s2.6f""","=""2F*""","=""5/2""",,"=""T10276""","=""L1176""",
C,3,"=""""","=""""","=""615.416""","=""""","=""""","=""1.10e+06""",B,"=""321411.31""","=""337655.98""","=""1s2.2s.4d""","=""3D""","=""1""","=""1s2.2p.(2P*).3d""","=""3D*""","=""1""",,"=""T5633LS""","=""""",
C,3,"=""""","=""""","=""615.512""","=""""","=""""","=""1.02e+06""",B,"=""321426.74""","=""337668.89""","=""1s2.2s.4d""","=""3D""","=""2""","=""1s2.2p.(2P*).3d""","=""3D*""","=""2""",,"=""T5633LS""","=""""",
C,3,"=""""","=""""","=""615.669""","=""""","=""""","=""1.31e+06""",B,"=""321450.05""","=""337688.04""","=""1s2.2s.4d""","=""3D""","=""3""","=""1s2.2p.(2P*).3d""","=""3D*""","=""3""",,"=""T5633LS""","=""""",
C,3,"=""""","=""""","=""616.001""","=""""","=""""","=""3.67e+05""",B,"=""321426.74""","=""337655.98""","=""1s2.2s.4d""","=""3D""","=""2""","=""1s2.2p.(2P*).3d""","=""3D*""","=""1""",,"=""T5633LS""","=""""",
C,3,"=""""","=""""","=""616.396""","=""""","=""""","=""2.28e+05""",B,"=""321450.05""","=""337668.89""","=""1s2.2s.4d""","=""3D""","=""3""","=""1s2.2p.(2P*).3d""","=""3D*""","=""2""",,"=""T5633LS""","=""""",
C,3,"=""""","=""""","=""616.755""","=""""","=""""","=""1.17e+06""",B,"=""364896""","=""381105.4""","=""1s2.2s.7p""","=""1P*""","=""1""","=""1s2.2p.(2P*).4p""","=""1P""","=""1""",,"=""T5633""","=""""",
C,3,"=""""","=""""","=""620.556""","=""""","=""""","=""1.03e+05""",D,"=""322404.20""","=""338514.33""","=""1s2.2s.4p""","=""1P*""","=""1""","=""1s2.2s.5s""","=""1S""","=""0""",,"=""T5633""","=""""",
C,1,"=""623.7265""","=""0.0014""","=""623.7257""","=""0.0012""","=""1500""","=""""",,"=""72610.73530""","=""88638.99""","=""2s2.2p.3p""","=""1D""","=""2""","=""2s2.2p.(2P*<3/2>).7d""","=""2[3/2]*""","=""1""",,"=""""","=""L17684""",
C,1,"=""624.2699""","=""0.0014""","=""624.2698""","=""0.0016""","=""2300""","=""""",,"=""72610.73530""","=""88625.02""","=""2s2.2p.3p""","=""1D""","=""2""","=""2s2.2p.(2P*<3/2>).7d""","=""2[7/2]*""","=""3""",,"=""""","=""L17684""",
C,2,"=""624.657""","=""0.004""","=""624.6530""","=""0.0020""","=""4bl(Ne)""","=""2.8e+06""",C,"=""198425.48""","=""214429.94""","=""2s.2p.(3P*).3d""","=""2D*""","=""3/2""","=""2s.2p.(3P*).4p""","=""2P""","=""3/2""",,"=""T10528""","=""L1176""",
C,1,"=""""","=""""","=""624.6599""","=""0.0016""","=""m(Ne I)""","=""""",,"=""72610.73530""","=""88615.02""","=""2s2.2p.3p""","=""1D""","=""2""","=""2s2.2p.(2P*<3/2>).8s""","=""2[3/2]*""","=""1""",,"=""""","=""L17684""",
C,2,"=""625.0740""","=""0.0020""","=""625.0741""","=""0.0016""","=""15""","=""2.59e+07""",C+,"=""198436.26""","=""214429.94""","=""2s.2p.(3P*).3d""","=""2D*""","=""5/2""","=""2s.2p.(3P*).4p""","=""2P""","=""3/2""",,"=""T10528""","=""L1176""",
C,2,"=""625.384""","=""0.004""","=""625.3845""","=""0.0012""","=""6""","=""1.7e+06""",C,"=""198844.00""","=""214829.74""","=""2s.2p.(3P*).3d""","=""4P*""","=""5/2""","=""2s.2p.(3P*).4p""","=""4D""","=""7/2""",,"=""T10528""","=""L1176""",
C,2,"=""625.654""","=""0.004""","=""625.654""","=""0.003""","=""6""","=""2.87e+07""",C+,"=""198425.48""","=""214404.34""","=""2s.2p.(3P*).3d""","=""2D*""","=""3/2""","=""2s.2p.(3P*).4p""","=""2P""","=""1/2""",,"=""T10528""","=""L1176""",
C,2,"=""625.7117""","=""0.0018""","=""625.7114""","=""0.0016""","=""11""","=""2.93e+06""",B,"=""162517.90""","=""178495.29""","=""2s2.4p""","=""2P*""","=""1/2""","=""2s2.5d""","=""2D""","=""3/2""",,"=""T5109LS""","=""L21568,L1176""",
C,2,"=""625.959""","=""0.003""","=""625.963""","=""0.003""","=""19h*""","=""3.51e+06""",B,"=""162524.56""","=""178495.54""","=""2s2.4p""","=""2P*""","=""3/2""","=""2s2.5d""","=""2D""","=""5/2""",,"=""T5109LS""","=""L1176""",
C,2,"=""625.959""","=""0.003""","=""625.9723""","=""0.0020""","=""19h*""","=""5.86e+05""",B,"=""162524.56""","=""178495.29""","=""2s2.4p""","=""2P*""","=""3/2""","=""2s2.5d""","=""2D""","=""3/2""",,"=""T5109LS""","=""L1176""",
C,2,"=""""","=""""","=""626.7356""","=""0.0012""","=""""","=""4.9e+05""",C,"=""198844.00""","=""214795.28""","=""2s.2p.(3P*).3d""","=""4P*""","=""5/2""","=""2s.2p.(3P*).4p""","=""4D""","=""5/2""",,"=""T10528""","=""""",
C,2,"=""627.579""","=""0.004""","=""627.5724""","=""0.0012""","=""4""","=""1.1e+06""",C,"=""198865.27""","=""214795.28""","=""2s.2p.(3P*).3d""","=""4P*""","=""3/2""","=""2s.2p.(3P*).4p""","=""4D""","=""5/2""",,"=""T10528""","=""L1176""",
C,2,"=""628.456""","=""0.004""","=""628.4581""","=""0.0016""","=""3""","=""8.6e+05""",C,"=""198865.27""","=""214772.83""","=""2s.2p.(3P*).3d""","=""4P*""","=""3/2""","=""2s.2p.(3P*).4p""","=""4D""","=""3/2""",,"=""T10528""","=""L1176""",
C,2,"=""629.001""","=""0.004""","=""629.0022""","=""0.0016""","=""4""","=""6.8e+05""",C,"=""198879.03""","=""214772.83""","=""2s.2p.(3P*).3d""","=""4P*""","=""1/2""","=""2s.2p.(3P*).4p""","=""4D""","=""3/2""",,"=""T10528""","=""L1176""",
C,1,"=""629.2366""","=""0.0014""","=""629.2360""","=""0.0012""","=""3400""","=""2.1e+05""",D,"=""72610.73530""","=""88498.63""","=""2s2.2p.3p""","=""1D""","=""2""","=""2s2.2p.(2P*<1/2>).7d""","=""2[5/2]*""","=""2""",,"=""T5520""","=""L17684""",
C,2,"=""629.520""","=""0.004""","=""629.520""","=""0.004""","=""3""","=""1.3e+06""",C,"=""198879.03""","=""214759.76""","=""2s.2p.(3P*).3d""","=""4P*""","=""1/2""","=""2s.2p.(3P*).4p""","=""4D""","=""1/2""",,"=""T10528""","=""L1176""",
C,1,"=""633.5704""","=""0.0014""","=""633.5698""","=""0.0010""","=""1400""","=""""",,"=""70743.97227""","=""86523.19""","=""2s2.2p.3p""","=""3S""","=""1""","=""2s2.2p.5d""","=""3P*""","=""0""",,"=""""","=""L17684""",
C,1,"=""633.7196""","=""0.0014""","=""633.7177""","=""0.0006""","=""2100""","=""""",,"=""70743.97227""","=""86519.506""","=""2s2.2p.3p""","=""3S""","=""1""","=""2s2.2p.5d""","=""3P*""","=""1""",,"=""""","=""L17684""",
C,1,"=""634.2315""","=""0.0014""","=""634.23204""","=""0.00008""","=""5000""","=""""",,"=""70743.97227""","=""86506.7138""","=""2s2.2p.3p""","=""3S""","=""1""","=""2s2.2p.5d""","=""3P*""","=""2""",,"=""""","=""L17684""",
C,3,"=""""","=""""","=""635.077""","=""""","=""""","=""3.10e+06""",B,"=""333118.21""","=""348859.99""","=""1s2.2p.(2P*).3p""","=""1D""","=""2""","=""1s2.2s.5f""","=""1F*""","=""3""",,"=""T5633""","=""""",
C,1,"=""637.8791""","=""0.0014""","=""637.8798""","=""0.0007""","=""1700""","=""""",,"=""70743.97227""","=""86416.575""","=""2s2.2p.3p""","=""3S""","=""1""","=""2s2.2p.6s""","=""1P*""","=""1""",,"=""""","=""L17684""",
C,2,"=""638.572""","=""0.004""","=""638.572""","=""0.004""","=""5h""","=""4.35e+06""",C+,"=""214829.74""","=""230485.36""","=""2s.2p.(3P*).4p""","=""4D""","=""7/2""","=""2s.2p.(3P*).5d""","=""4F*""","=""9/2""",,"=""T10528""","=""L1176""",
C,1,"=""638.9871""","=""0.0014""","=""638.9867""","=""0.0007""","=""5200""","=""""",,"=""70743.97227""","=""86389.425""","=""2s2.2p.3p""","=""3S""","=""1""","=""2s2.2p.5d""","=""3D*""","=""2""",,"=""""","=""L17684""",
C,2,"=""""","=""""","=""639.30""","=""0.12""","=""m(Fe II)""","=""9.7e+05""",C,"=""214795.28""","=""230433""","=""2s.2p.(3P*).4p""","=""4D""","=""5/2""","=""2s.2p.(3P*).5d""","=""4F*""","=""5/2""",,"=""T10528""","=""L21568""",
C,1,"=""639.7979""","=""0.0014""","=""639.7965""","=""0.0007""","=""11000""","=""5.e+05""",D,"=""70743.97227""","=""86369.622""","=""2s2.2p.3p""","=""3S""","=""1""","=""2s2.2p.6s""","=""3P*""","=""2""",,"=""T5520LS""","=""L17684""",
C,4,"=""""","=""""","=""640.450""","=""""","=""""","=""4.70e+06""",B,"=""482706.0""","=""[498315.7]""","=""1s2.7s""","=""2S""","=""1/2""","=""1s2.9p""","=""2P*""","=""3/2""",,"=""T3225LS""","=""""",
C,4,"=""""","=""""","=""640.495""","=""""","=""""","=""4.70e+06""",B,"=""482706.0""","=""[498314.6]""","=""1s2.7s""","=""2S""","=""1/2""","=""1s2.9p""","=""2P*""","=""1/2""",,"=""T3225LS""","=""""",
C,1,"=""641.3553""","=""0.0014""","=""641.3551""","=""0.0005""","=""6400""","=""5.e+05""",D,"=""70743.97227""","=""86331.651""","=""2s2.2p.3p""","=""3S""","=""1""","=""2s2.2p.6s""","=""3P*""","=""1""",,"=""T5520LS""","=""L17684""",
C,1,"=""641.7544""","=""0.0014""","=""641.7536""","=""0.0008""","=""3300""","=""5.e+05""",D,"=""70743.97227""","=""86321.97""","=""2s2.2p.3p""","=""3S""","=""1""","=""2s2.2p.6s""","=""3P*""","=""0""",,"=""T5520LS""","=""L17684""",
C,1,"=""642.924""","=""0.016""","=""642.9243""","=""0.0021""","=""2000w,bl(Fe)""","=""""",,"=""73975.92785""","=""89525.56""","=""2s2.2p.3p""","=""1S""","=""0""","=""2s2.2p.(2P*<3/2>).9d""","=""2[3/2]*""","=""1""",,"=""""","=""L2138""",
C,2,"=""645.477""","=""0.004""","=""645.572""","=""0.006""","=""5Hqs*""","=""""",,"=""168978.24""","=""[184464.11]""","=""2s2.4f""","=""2F*""","=""5/2""","=""2s2.6h""","=""2H*""","=""11/2""",UT,"=""""","=""L1176""",
C,2,"=""645.477""","=""0.004""","=""645.572""","=""0.006""","=""5Hqs*""","=""""",,"=""168978.24""","=""[184464.11]""","=""2s2.4f""","=""2F*""","=""5/2""","=""2s2.6h""","=""2H*""","=""9/2""",UT,"=""""","=""L1176""",
C,2,"=""645.477""","=""0.004""","=""645.579""","=""0.006""","=""5Hqs*""","=""""",,"=""168978.42""","=""[184464.11]""","=""2s2.4f""","=""2F*""","=""7/2""","=""2s2.6h""","=""2H*""","=""11/2""",UT,"=""""","=""L1176""",
C,2,"=""645.477""","=""0.004""","=""645.579""","=""0.006""","=""5Hqs*""","=""""",,"=""168978.42""","=""[184464.11]""","=""2s2.4f""","=""2F*""","=""7/2""","=""2s2.6h""","=""2H*""","=""9/2""",UT,"=""""","=""L1176""",
C,3,"=""""","=""""","=""646.029""","=""""","=""""","=""1.32e+07""",B,"=""343258.03""","=""358732.93""","=""1s2.2s.5p""","=""1P*""","=""1""","=""1s2.2s.6d""","=""1D""","=""2""",,"=""T5633""","=""""",
C,2,"=""646.185""","=""0.004""","=""646.181""","=""0.005""","=""64*""","=""2.20e+07""",B,"=""168978.24""","=""184449.50""","=""2s2.4f""","=""2F*""","=""5/2""","=""2s2.6g""","=""2G""","=""7/2""",,"=""T7476""","=""L21568,L1176""",
C,2,"=""646.185""","=""0.004""","=""646.187""","=""0.005""","=""64*""","=""2.29e+07""",B,"=""168978.42""","=""184449.54""","=""2s2.4f""","=""2F*""","=""7/2""","=""2s2.6g""","=""2G""","=""9/2""",,"=""T7476""","=""L21568,L1176""",
C,2,"=""646.185""","=""0.004""","=""646.189""","=""0.005""","=""64*""","=""8.1e+05""",C,"=""168978.42""","=""184449.50""","=""2s2.4f""","=""2F*""","=""7/2""","=""2s2.6g""","=""2G""","=""7/2""",,"=""T10276""","=""L21568,L1176""",
C,2,"=""""","=""""","=""651.491""","=""0.006""","=""""","=""6.81e+05""",B,"=""168729.51""","=""184074.67""","=""2p3""","=""2P*""","=""1/2""","=""2s2.6d""","=""2D""","=""3/2""",,"=""T5109LS""","=""""",
C,2,"=""""","=""""","=""652.259""","=""0.006""","=""""","=""8.15e+05""",B,"=""168748.26""","=""184075.36""","=""2p3""","=""2P*""","=""3/2""","=""2s2.6d""","=""2D""","=""5/2""",,"=""T5109LS""","=""""",
C,2,"=""""","=""""","=""652.288""","=""0.006""","=""""","=""1.36e+05""",B,"=""168748.26""","=""184074.67""","=""2p3""","=""2P*""","=""3/2""","=""2s2.6d""","=""2D""","=""3/2""",,"=""T5109LS""","=""""",
C,1,"=""656.8708""","=""0.0014""","=""656.8727""","=""0.0008""","=""4100""","=""3.5e+05""",D,"=""72610.73530""","=""87830.18""","=""2s2.2p.3p""","=""1D""","=""2""","=""2s2.2p.6d""","=""1P*""","=""1""",,"=""T5520""","=""L17684""",
C,2,"=""657.80481""","=""0.00008""","=""657.80481""","=""0.00008""","=""510""","=""3.66e+07""",A,"=""116537.648""","=""131735.528""","=""2s2.3s""","=""2S""","=""1/2""","=""2s2.3p""","=""2P*""","=""3/2""",,"=""T7194""","=""L22145,L21572""",
C,1,"=""657.8772""","=""0.0014""","=""657.8769""","=""0.0013""","=""3600""","=""""",,"=""72610.73530""","=""87806.95""","=""2s2.2p.3p""","=""1D""","=""2""","=""2s2.2p.6d""","=""1F*""","=""3""",,"=""""","=""L17684""",
C,2,"=""658.28764""","=""0.00012""","=""658.28760""","=""0.00013""","=""310""","=""3.65e+07""",A,"=""116537.648""","=""131724.382""","=""2s2.3s""","=""2S""","=""1/2""","=""2s2.3p""","=""2P*""","=""1/2""",,"=""T7194""","=""L22145,L21572""",
C,1,"=""658.6273""","=""0.0014""","=""658.6269""","=""0.0007""","=""3600""","=""5.e+05""",D,"=""72610.73530""","=""87789.646""","=""2s2.2p.3p""","=""1D""","=""2""","=""2s2.2p.7s""","=""1P*""","=""1""",,"=""T5520""","=""L17684""",
C,1,"=""658.7608""","=""0.0014""","=""658.76211""","=""0.00003""","=""40000""","=""5.1e+06""",B,"=""68856.35208""","=""84032.1471""","=""2s2.2p.3p""","=""1P""","=""1""","=""2s2.2p.4d""","=""1P*""","=""1""",,"=""T5520,T6070""","=""L17684""",
C,1,"=""659.1446""","=""0.0014""","=""659.1457""","=""0.0006""","=""2300""","=""2.0e+05""",D,"=""71352.54344""","=""86519.506""","=""2s2.2p.3p""","=""3P""","=""0""","=""2s2.2p.5d""","=""3P*""","=""1""",,"=""T5520LS""","=""L17684""",
C,4,"=""""","=""""","=""659.153""","=""""","=""""","=""1.26e+07""",B+,"=""468784.0""","=""[483950.8]""","=""1s2.6s""","=""2S""","=""1/2""","=""1s2.7p""","=""2P*""","=""3/2""",,"=""T5118LS""","=""""",
C,4,"=""""","=""""","=""659.257""","=""""","=""""","=""1.26e+07""",B+,"=""468784.0""","=""[483948.4]""","=""1s2.6s""","=""2S""","=""1/2""","=""1s2.7p""","=""2P*""","=""1/2""",,"=""T5118LS""","=""""",
C,1,"=""659.5240""","=""0.0014""","=""659.5244""","=""0.0010""","=""2300""","=""6.e+05""",D,"=""71364.93596""","=""86523.19""","=""2s2.2p.3p""","=""3P""","=""1""","=""2s2.2p.5d""","=""3P*""","=""0""",,"=""T5520LS""","=""L17684""",
C,1,"=""659.6849""","=""0.0014""","=""659.6848""","=""0.0006""","=""3000""","=""1.5e+05""",D,"=""71364.93596""","=""86519.506""","=""2s2.2p.3p""","=""3P""","=""1""","=""2s2.2p.5d""","=""3P*""","=""1""",,"=""T5520LS""","=""L17684""",
C,1,"=""660.2416""","=""0.0014""","=""660.24208""","=""0.00009""","=""5300""","=""1.3e+06""",D,"=""71364.93596""","=""86506.7138""","=""2s2.2p.3p""","=""3P""","=""1""","=""2s2.2p.5d""","=""3P*""","=""2""",,"=""T5520LS""","=""L17684""",
C,1,"=""660.5785""","=""0.0014""","=""660.5772""","=""0.0006""","=""2300""","=""2.5e+05""",D,"=""71385.40992""","=""86519.506""","=""2s2.2p.3p""","=""3P""","=""2""","=""2s2.2p.5d""","=""3P*""","=""1""",,"=""T5520LS""","=""L17684""",
C,1,"=""661.1354""","=""0.0014""","=""661.13604""","=""0.00009""","=""7900""","=""4.4e+05""",D,"=""71385.40992""","=""86506.7138""","=""2s2.2p.3p""","=""3P""","=""2""","=""2s2.2p.5d""","=""3P*""","=""2""",,"=""T5520LS""","=""L17684""",
C,1,"=""661.7241""","=""0.0014""","=""661.7249""","=""0.0007""","=""2000""","=""""",,"=""72610.73530""","=""87718.583""","=""2s2.2p.3p""","=""1D""","=""2""","=""2s2.2p.7s""","=""3P*""","=""1""",,"=""""","=""L17684""",
C,2,"=""662.205""","=""0.009""","=""662.195""","=""0.007""","=""5H*""","=""3.0e+04""",D+,"=""168978.24""","=""184075.36""","=""2s2.4f""","=""2F*""","=""5/2""","=""2s2.6d""","=""2D""","=""5/2""",,"=""T10276""","=""L1176""",
C,2,"=""662.205""","=""0.009""","=""662.203""","=""0.007""","=""5H*""","=""5.9e+05""",D+,"=""168978.42""","=""184075.36""","=""2s2.4f""","=""2F*""","=""7/2""","=""2s2.6d""","=""2D""","=""5/2""",,"=""T10276""","=""L1176""",
C,2,"=""662.205""","=""0.009""","=""662.225""","=""0.007""","=""5H*""","=""6.2e+05""",D+,"=""168978.24""","=""184074.67""","=""2s2.4f""","=""2F*""","=""5/2""","=""2s2.6d""","=""2D""","=""3/2""",,"=""T10276""","=""L1176""",
C,1,"=""665.10""","=""0.03""","=""665.1008""","=""0.0008""","=""4200d""","=""""",,"=""71385.40992""","=""86416.575""","=""2s2.2p.3p""","=""3P""","=""2""","=""2s2.2p.6s""","=""1P*""","=""1""",,"=""""","=""L2138""",
C,1,"=""665.3946""","=""0.0014""","=""665.3963""","=""0.0008""","=""2400""","=""""",,"=""71364.93596""","=""86389.425""","=""2s2.2p.3p""","=""3P""","=""1""","=""2s2.2p.5d""","=""3D*""","=""2""",,"=""""","=""L17684""",
C,1,"=""665.4609""","=""0.0014""","=""665.4607""","=""0.0013""","=""5900""","=""2.9e+05""",D,"=""72610.73530""","=""87633.77""","=""2s2.2p.3p""","=""1D""","=""2""","=""2s2.2p.6d""","=""1D*""","=""2""",,"=""T5520""","=""L17684""",
C,1,"=""665.5509""","=""0.0014""","=""665.55294""","=""0.00022""","=""20000""","=""5.0e+05""",C,"=""68856.35208""","=""83877.305""","=""2s2.2p.3p""","=""1P""","=""1""","=""2s2.2p.5s""","=""1P*""","=""1""",,"=""T5520,T6070""","=""L17684""",
C,1,"=""""","=""""","=""665.9312""","=""0.0018""","=""m""","=""""",,"=""71385.40992""","=""86397.83""","=""2s2.2p.3p""","=""3P""","=""2""","=""2s2.2p.5d""","=""3D*""","=""3""",,"=""""","=""L17684""",
C,1,"=""666.2733""","=""0.0014""","=""666.2745""","=""0.0008""","=""5300""","=""2.2e+05""",C,"=""71364.93596""","=""86369.622""","=""2s2.2p.3p""","=""3P""","=""1""","=""2s2.2p.6s""","=""3P*""","=""2""",,"=""T5520LS""","=""L17684""",
C,1,"=""666.3044""","=""0.0014""","=""666.3043""","=""0.0008""","=""11000""","=""""",,"=""71385.40992""","=""86389.425""","=""2s2.2p.3p""","=""3P""","=""2""","=""2s2.2p.5d""","=""3D*""","=""2""",,"=""""","=""L17684""",
C,1,"=""667.1840""","=""0.0014""","=""667.1849""","=""0.0008""","=""11000""","=""6.7e+05""",C,"=""71385.40992""","=""86369.622""","=""2s2.2p.3p""","=""3P""","=""2""","=""2s2.2p.6s""","=""3P*""","=""2""",,"=""T5520LS""","=""L17684""",
C,1,"=""667.4110""","=""0.0014""","=""667.4122""","=""0.0005""","=""8300""","=""3.0e+05""",C,"=""71352.54344""","=""86331.651""","=""2s2.2p.3p""","=""3P""","=""0""","=""2s2.2p.6s""","=""3P*""","=""1""",,"=""T5520LS""","=""L17684""",
C,1,"=""""","=""""","=""667.9649""","=""0.0005""","=""m(He I)""","=""2.2e+05""",C,"=""71364.93596""","=""86331.651""","=""2s2.2p.3p""","=""3P""","=""1""","=""2s2.2p.6s""","=""3P*""","=""1""",,"=""T5520LS""","=""L17684""",
C,1,"=""668.3954""","=""0.0014""","=""668.3972""","=""0.0009""","=""8400""","=""8.9e+05""",C,"=""71364.93596""","=""86321.97""","=""2s2.2p.3p""","=""3P""","=""1""","=""2s2.2p.6s""","=""3P*""","=""0""",,"=""T5520LS""","=""L17684""",
C,1,"=""668.8787""","=""0.0014""","=""668.8799""","=""0.0005""","=""8400""","=""3.7e+05""",C,"=""71385.40992""","=""86331.651""","=""2s2.2p.3p""","=""3P""","=""2""","=""2s2.2p.6s""","=""3P*""","=""1""",,"=""T5520LS""","=""L17684""",
C,1,"=""671.1291""","=""0.0014""","=""671.13197""","=""0.00003""","=""3500""","=""1.0e+05""",C,"=""68856.35208""","=""83752.4388""","=""2s2.2p.3p""","=""1P""","=""1""","=""2s2.2p.5s""","=""3P*""","=""1""",,"=""T6070""","=""L17684""",
C,2,"=""672.365""","=""0.004""","=""672.357""","=""0.006""","=""5h*""","=""5.3e+05""",C,"=""168124.17""","=""182993.12""","=""2s2.4d""","=""2D""","=""3/2""","=""2s2.6p""","=""2P*""","=""3/2""",,"=""T10276""","=""L1176""",
C,2,"=""672.365""","=""0.004""","=""672.366""","=""0.005""","=""5h*""","=""4.8e+06""",C,"=""168124.37""","=""182993.12""","=""2s2.4d""","=""2D""","=""5/2""","=""2s2.6p""","=""2P*""","=""3/2""",,"=""T10276""","=""L1176""",
C,2,"=""672.365""","=""0.004""","=""672.366""","=""0.007""","=""5h*""","=""5.16e+06""",B,"=""168124.17""","=""182992.91""","=""2s2.4d""","=""2D""","=""3/2""","=""2s2.6p""","=""2P*""","=""1/2""",,"=""T5109LS""","=""L1176""",
C,2,"=""""","=""""","=""672.4""","=""0.6""","=""m""","=""""",,"=""221729.73""","=""236596.8""","=""2s.2p.(3P*).4f""","=""4D""","=""3/2""","=""2s.2p.(3P*).6d""","=""4P*""","=""3/2""",,"=""""","=""L21568""",
C,2,"=""""","=""""","=""672.4""","=""0.6""","=""m""","=""""",,"=""221729.86""","=""236596.8""","=""2s.2p.(3P*).4f""","=""2D""","=""5/2""","=""2s.2p.(3P*).6d""","=""4P*""","=""3/2""",,"=""""","=""L21568""",
C,2,"=""672.456""","=""0.004""","=""672.4577""","=""0.0014""","=""6""","=""3.16e+06""",B,"=""181696.69""","=""196563.41""","=""2s.2p.(3P*).3p""","=""4D""","=""1/2""","=""2s.2p.(3P*).3d""","=""4D*""","=""3/2""",,"=""T5109LS""","=""L1176""",
C,2,"=""""","=""""","=""672.47""","=""0.10""","=""m""","=""""",,"=""220130.86""","=""234997.3""","=""2s.2p.(3P*).4d""","=""4D*""","=""3/2""","=""2s.2p.(3P*).6p""","=""4D""","=""1/2""",,"=""""","=""L21568""",
C,2,"=""672.719""","=""0.010""","=""672.7048""","=""0.0018""","=""10*""","=""6.35e+06""",B,"=""181696.69""","=""196557.95""","=""2s.2p.(3P*).3p""","=""4D""","=""1/2""","=""2s.2p.(3P*).3d""","=""4D*""","=""1/2""",,"=""T5109LS""","=""L1176""",
C,2,"=""672.719""","=""0.010""","=""672.7269""","=""0.0014""","=""10*""","=""2.96e+06""",B,"=""181711.05""","=""196571.82""","=""2s.2p.(3P*).3p""","=""4D""","=""3/2""","=""2s.2p.(3P*).3d""","=""4D*""","=""5/2""",,"=""T5109LS""","=""L1176""",
C,3,"=""""","=""""","=""672.748""","=""""","=""""","=""1.12e+07""",B,"=""308216.58""","=""323076.88""","=""1s2.2p.(2P*).3s""","=""3P*""","=""0""","=""1s2.2p.(2P*).3p""","=""3D""","=""1""",,"=""T5633LS""","=""""",
C,3,"=""""","=""""","=""673.104""","=""""","=""""","=""1.50e+07""",B,"=""308248.91""","=""323101.36""","=""1s2.2p.(2P*).3s""","=""3P*""","=""1""","=""1s2.2p.(2P*).3p""","=""3D""","=""2""",,"=""T5633LS""","=""""",
C,2,"=""673.1070""","=""0.0020""","=""673.1079""","=""0.0014""","=""14""","=""5.06e+06""",B,"=""181711.05""","=""196563.41""","=""2s.2p.(3P*).3p""","=""4D""","=""3/2""","=""2s.2p.(3P*).3d""","=""4D*""","=""3/2""",,"=""T5109LS""","=""L1176""",
C,2,"=""673.358""","=""0.004""","=""673.3554""","=""0.0018""","=""6""","=""6.33e+06""",B,"=""181711.05""","=""196557.95""","=""2s.2p.(3P*).3p""","=""4D""","=""3/2""","=""2s.2p.(3P*).3d""","=""4D*""","=""1/2""",,"=""T5109LS""","=""L1176""",
C,2,"=""673.400""","=""0.004""","=""673.4017""","=""0.0010""","=""6""","=""1.80e+06""",B,"=""181736.06""","=""196581.94""","=""2s.2p.(3P*).3p""","=""4D""","=""5/2""","=""2s.2p.(3P*).3d""","=""4D*""","=""7/2""",,"=""T5109LS""","=""L1176""",
C,2,"=""673.8620""","=""0.0020""","=""673.8610""","=""0.0010""","=""18""","=""7.23e+06""",B,"=""181736.06""","=""196571.82""","=""2s.2p.(3P*).3p""","=""4D""","=""5/2""","=""2s.2p.(3P*).3d""","=""4D*""","=""5/2""",,"=""T5109LS""","=""L1176""",
C,3,"=""""","=""""","=""674.215""","=""""","=""""","=""8.32e+06""",B,"=""308248.91""","=""323076.88""","=""1s2.2p.(2P*).3s""","=""3P*""","=""1""","=""1s2.2p.(2P*).3p""","=""3D""","=""1""",,"=""T5633LS""","=""""",
C,2,"=""674.2430""","=""0.0020""","=""674.2432""","=""0.0011""","=""8""","=""4.41e+06""",B,"=""181736.06""","=""196563.41""","=""2s.2p.(3P*).3p""","=""4D""","=""5/2""","=""2s.2p.(3P*).3d""","=""4D*""","=""3/2""",,"=""T5109LS""","=""L1176""",
C,3,"=""674.438""","=""""","=""674.439""","=""""","=""150""","=""1.99e+07""",B,"=""308317.29""","=""323140.33""","=""1s2.2p.(2P*).3s""","=""3P*""","=""2""","=""1s2.2p.(2P*).3p""","=""3D""","=""3""",,"=""T5633LS""","=""L1113""",
C,2,"=""675.0550""","=""0.0020""","=""675.0541""","=""0.0010""","=""30""","=""1.08e+07""",B,"=""181772.40""","=""196581.94""","=""2s.2p.(3P*).3p""","=""4D""","=""7/2""","=""2s.2p.(3P*).3d""","=""4D*""","=""7/2""",,"=""T5109LS""","=""L1176""",
C,1,"=""675.41""","=""0.03""","=""675.49729""","=""0.00003""","=""4500d""","=""""",,"=""71385.40992""","=""86185.2332""","=""2s2.2p.3p""","=""3P""","=""2""","=""2s2.2p.5d""","=""1D*""","=""2""",,"=""""","=""L2138c153""",
C,2,"=""675.5160""","=""0.0020""","=""675.5157""","=""0.0011""","=""8""","=""2.38e+06""",B,"=""181772.40""","=""196571.82""","=""2s.2p.(3P*).3p""","=""4D""","=""7/2""","=""2s.2p.(3P*).3d""","=""4D*""","=""5/2""",,"=""T5109LS""","=""L1176""",
C,3,"=""""","=""""","=""676.217""","=""""","=""""","=""4.95e+06""",B,"=""308317.29""","=""323101.36""","=""1s2.2p.(2P*).3s""","=""3P*""","=""2""","=""1s2.2p.(2P*).3p""","=""3D""","=""2""",,"=""T5633LS""","=""""",
C,3,"=""""","=""""","=""677.339""","=""""","=""""","=""5.47e+05""",B,"=""308317.29""","=""323076.88""","=""1s2.2p.(2P*).3s""","=""3P*""","=""2""","=""1s2.2p.(2P*).3p""","=""3D""","=""1""",,"=""T5633LS""","=""""",
C,3,"=""""","=""""","=""677.495""","=""""","=""""","=""9.14e+06""",B,"=""340101.84""","=""354858.03""","=""1s2.2p.(2P*).3d""","=""3P*""","=""2""","=""1s2.2s.6s""","=""3S""","=""1""",,"=""T5633LS""","=""""",
C,2,"=""677.9930""","=""0.0020""","=""677.9942""","=""0.0009""","=""40""","=""2.50e+07""",B+,"=""166990.74""","=""181736.06""","=""2s.2p.(3P*).3s""","=""4P*""","=""3/2""","=""2s.2p.(3P*).3p""","=""4D""","=""5/2""",,"=""T2440""","=""L1176""",
C,2,"=""678.0610""","=""0.0020""","=""678.0599""","=""0.0011""","=""19""","=""1.49e+07""",B+,"=""166967.16""","=""181711.05""","=""2s.2p.(3P*).3s""","=""4P*""","=""1/2""","=""2s.2p.(3P*).3p""","=""4D""","=""3/2""",,"=""T2440""","=""L1176""",
C,2,"=""678.3900""","=""0.0020""","=""678.3921""","=""0.0010""","=""24""","=""3.54e+07""",B+,"=""167035.73""","=""181772.40""","=""2s.2p.(3P*).3s""","=""4P*""","=""5/2""","=""2s.2p.(3P*).3p""","=""4D""","=""7/2""",,"=""T2440""","=""L1176""",
C,3,"=""""","=""""","=""678.676""","=""""","=""""","=""5.46e+06""",B,"=""340127.53""","=""354858.03""","=""1s2.2p.(2P*).3d""","=""3P*""","=""1""","=""1s2.2s.6s""","=""3S""","=""1""",,"=""T5633LS""","=""""",
C,2,"=""678.7220""","=""0.0020""","=""678.7210""","=""0.0014""","=""25""","=""2.95e+07""",B+,"=""166967.16""","=""181696.69""","=""2s.2p.(3P*).3s""","=""4P*""","=""1/2""","=""2s.2p.(3P*).3p""","=""4D""","=""1/2""",,"=""T2440""","=""L1176""",
C,2,"=""679.1470""","=""0.0020""","=""679.1461""","=""0.0010""","=""27""","=""1.88e+07""",B+,"=""166990.74""","=""181711.05""","=""2s.2p.(3P*).3s""","=""4P*""","=""3/2""","=""2s.2p.(3P*).3p""","=""4D""","=""3/2""",,"=""T2440""","=""L1176""",
C,3,"=""""","=""""","=""679.336""","=""""","=""""","=""1.81e+06""",B,"=""340141.83""","=""354858.03""","=""1s2.2p.(2P*).3d""","=""3P*""","=""0""","=""1s2.2s.6s""","=""3S""","=""1""",,"=""T5633LS""","=""""",
C,2,"=""679.8110""","=""0.0020""","=""679.8093""","=""0.0011""","=""8""","=""5.80e+06""",B+,"=""166990.74""","=""181696.69""","=""2s.2p.(3P*).3s""","=""4P*""","=""3/2""","=""2s.2p.(3P*).3p""","=""4D""","=""1/2""",,"=""T2440""","=""L1176""",
C,2,"=""680.0680""","=""0.0020""","=""680.0692""","=""0.0010""","=""24""","=""1.04e+07""",B+,"=""167035.73""","=""181736.06""","=""2s.2p.(3P*).3s""","=""4P*""","=""5/2""","=""2s.2p.(3P*).3p""","=""4D""","=""5/2""",,"=""T2440""","=""L1176""",
C,2,"=""681.2290""","=""0.0020""","=""681.2281""","=""0.0010""","=""8""","=""1.71e+06""",B+,"=""167035.73""","=""181711.05""","=""2s.2p.(3P*).3s""","=""4P*""","=""5/2""","=""2s.2p.(3P*).3p""","=""4D""","=""3/2""",,"=""T2440""","=""L1176""",
C,1,"=""681.80""","=""0.03""","=""681.7976""","=""0.0014""","=""3800""","=""""",,"=""73975.92785""","=""88638.99""","=""2s2.2p.3p""","=""1S""","=""0""","=""2s2.2p.(2P*<3/2>).7d""","=""2[3/2]*""","=""1""",,"=""""","=""L2138""",
C,2,"=""682.140""","=""0.005""","=""682.137""","=""0.005""","=""16p(N II)*""","=""1.3e+06""",C,"=""178956.38""","=""193612.15""","=""2s2.5f""","=""2F*""","=""5/2""","=""2s2.12g""","=""2G""","=""7/2""",,"=""T10528""","=""L21568,L22145""",
C,2,"=""682.140""","=""0.005""","=""682.141""","=""0.005""","=""16p(N II)*""","=""1.4e+06""",C,"=""178956.46""","=""193612.15""","=""2s2.5f""","=""2F*""","=""7/2""","=""2s2.12g""","=""2G""","=""9/2""",,"=""T10528""","=""L21568,L22145""",
C,2,"=""682.140""","=""0.005""","=""682.141""","=""0.005""","=""16p(N II)*""","=""5.e+04""",E,"=""178956.46""","=""193612.15""","=""2s2.5f""","=""2F*""","=""7/2""","=""2s2.12g""","=""2G""","=""7/2""",,"=""T10528""","=""L21568,L22145""",
C,1,"=""682.8117""","=""0.0014""","=""682.814076""","=""0.000019""","=""27000""","=""9.9e+05""",C,"=""68856.35208""","=""83497.58690""","=""2s2.2p.3p""","=""1P""","=""1""","=""2s2.2p.4d""","=""1D*""","=""2""",,"=""T5520,T6070""","=""L17684""",
C,3,"=""""","=""""","=""685.118""","=""""","=""""","=""7.60e+05""",B,"=""323076.88""","=""337668.89""","=""1s2.2p.(2P*).3p""","=""3D""","=""1""","=""1s2.2p.(2P*).3d""","=""3D*""","=""2""",,"=""T5633LS""","=""""",
C,3,"=""""","=""""","=""685.368""","=""""","=""""","=""5.64e+05""",B,"=""323101.36""","=""337688.04""","=""1s2.2p.(2P*).3p""","=""3D""","=""2""","=""1s2.2p.(2P*).3d""","=""3D*""","=""3""",,"=""T5633LS""","=""""",
C,3,"=""""","=""""","=""685.724""","=""""","=""""","=""3.79e+06""",B,"=""323076.88""","=""337655.98""","=""1s2.2p.(2P*).3p""","=""3D""","=""1""","=""1s2.2p.(2P*).3d""","=""3D*""","=""1""",,"=""T5633LS""","=""""",
C,3,"=""""","=""""","=""686.269""","=""""","=""""","=""3.51e+06""",B,"=""323101.36""","=""337668.89""","=""1s2.2p.(2P*).3p""","=""3D""","=""2""","=""1s2.2p.(2P*).3d""","=""3D*""","=""2""",,"=""T5633LS""","=""""",
C,3,"=""""","=""""","=""686.878""","=""""","=""""","=""1.26e+06""",B,"=""323101.36""","=""337655.98""","=""1s2.2p.(2P*).3p""","=""3D""","=""2""","=""1s2.2p.(2P*).3d""","=""3D*""","=""1""",,"=""T5633LS""","=""""",
C,3,"=""""","=""""","=""687.053""","=""""","=""""","=""6.14e+05""",B,"=""329685.38""","=""344236.29""","=""1s2.2p.(2P*).3p""","=""3P""","=""0""","=""1s2.2s.5p""","=""3P*""","=""1""",,"=""T5633LS""","=""""",
C,3,"=""""","=""""","=""687.204""","=""""","=""""","=""4.46e+06""",B,"=""323140.33""","=""337688.04""","=""1s2.2p.(2P*).3p""","=""3D""","=""3""","=""1s2.2p.(2P*).3d""","=""3D*""","=""3""",,"=""T5633LS""","=""""",
C,3,"=""""","=""""","=""687.937""","=""""","=""""","=""1.83e+06""",B,"=""329706.47""","=""344238.68""","=""1s2.2p.(2P*).3p""","=""3P""","=""1""","=""1s2.2s.5p""","=""3P*""","=""0""",,"=""T5633LS""","=""""",
C,3,"=""""","=""""","=""688.050""","=""""","=""""","=""4.58e+05""",B,"=""329706.47""","=""344236.29""","=""1s2.2p.(2P*).3p""","=""3P""","=""1""","=""1s2.2s.5p""","=""3P*""","=""1""",,"=""T5633LS""","=""""",
C,3,"=""""","=""""","=""688.110""","=""""","=""""","=""7.80e+05""",B,"=""323140.33""","=""337668.89""","=""1s2.2p.(2P*).3p""","=""3D""","=""3""","=""1s2.2p.(2P*).3d""","=""3D*""","=""2""",,"=""T5633LS""","=""""",
C,3,"=""""","=""""","=""688.207""","=""""","=""""","=""4.58e+05""",B,"=""329706.47""","=""344232.98""","=""1s2.2p.(2P*).3p""","=""3P""","=""1""","=""1s2.2s.5p""","=""3P*""","=""2""",,"=""T5633LS""","=""""",
C,3,"=""""","=""""","=""689.811""","=""""","=""""","=""7.58e+05""",B,"=""329743.57""","=""344236.29""","=""1s2.2p.(2P*).3p""","=""3P""","=""2""","=""1s2.2s.5p""","=""3P*""","=""1""",,"=""T5633LS""","=""""",
C,3,"=""""","=""""","=""689.969""","=""""","=""""","=""1.36e+06""",B,"=""329743.57""","=""344232.98""","=""1s2.2p.(2P*).3p""","=""3P""","=""2""","=""1s2.2s.5p""","=""3P*""","=""2""",,"=""T5633LS""","=""""",
C,1,"=""""","=""""","=""692.72643""","=""0.00007""","=""m""","=""""",,"=""69689.49393""","=""84121.2260""","=""2s2.2p.3p""","=""3D""","=""1""","=""2s2.2p.4d""","=""3P*""","=""0""",,"=""""","=""L17684""",
C,1,"=""""","=""""","=""693.991346""","=""0.000024""","=""m""","=""""",,"=""69710.68728""","=""84116.1152""","=""2s2.2p.3p""","=""3D""","=""2""","=""2s2.2p.4d""","=""3P*""","=""1""",,"=""""","=""L17684""",
C,1,"=""694.645""","=""0.016""","=""694.617785""","=""0.000020""","=""15000d""","=""""",,"=""69710.68728""","=""84103.1238""","=""2s2.2p.3p""","=""3D""","=""2""","=""2s2.2p.4d""","=""3P*""","=""2""",,"=""""","=""L2138c153""",
C,1,"=""696.2310""","=""0.0014""","=""696.231815""","=""0.000020""","=""4300""","=""""",,"=""69744.05213""","=""84103.1238""","=""2s2.2p.3p""","=""3D""","=""3""","=""2s2.2p.4d""","=""3P*""","=""2""",,"=""""","=""L17684""",
C,1,"=""""","=""""","=""697.02882""","=""0.00003""","=""""","=""3.3e+04""",C,"=""69689.49393""","=""84032.1471""","=""2s2.2p.3p""","=""3D""","=""1""","=""2s2.2p.4d""","=""1P*""","=""1""",,"=""T6070""","=""""",
C,1,"=""""","=""""","=""702.224418""","=""0.000020""","=""""","=""4.1e+04""",C,"=""69710.68728""","=""83947.2231""","=""2s2.2p.3p""","=""3D""","=""2""","=""2s2.2p.4d""","=""1F*""","=""3""",,"=""T6070""","=""""",
C,3,"=""703.725""","=""""","=""703.725""","=""""","=""150w""","=""7.46e+07""",B,"=""310006.32""","=""324212.49""","=""1s2.2p.(2P*).3s""","=""1P*""","=""1""","=""1s2.2s.4d""","=""1D""","=""2""",,"=""T5633""","=""L1113""",
C,2,"=""704.6260""","=""0.0020""","=""704.6252""","=""0.0010""","=""11""","=""3.21e+07""",B,"=""184691.00""","=""198879.03""","=""2s.2p.(3P*).3p""","=""4S""","=""3/2""","=""2s.2p.(3P*).3d""","=""4P*""","=""1/2""",,"=""T5109LS""","=""L1176""",
C,2,"=""705.3090""","=""0.0020""","=""705.3092""","=""0.0008""","=""18""","=""3.19e+07""",B,"=""184691.00""","=""198865.27""","=""2s.2p.(3P*).3p""","=""4S""","=""3/2""","=""2s.2p.(3P*).3d""","=""4P*""","=""3/2""",,"=""T5109LS""","=""L1176""",
C,1,"=""705.6871""","=""0.0014""","=""705.69021""","=""0.00025""","=""2700""","=""1.6e+05""",C,"=""69710.68728""","=""83877.305""","=""2s2.2p.3p""","=""3D""","=""2""","=""2s2.2p.5s""","=""1P*""","=""1""",,"=""T6070""","=""L17684""",
C,2,"=""706.3700""","=""0.0020""","=""706.3692""","=""0.0009""","=""31""","=""3.17e+07""",B,"=""184691.00""","=""198844.00""","=""2s.2p.(3P*).3p""","=""4S""","=""3/2""","=""2s.2p.(3P*).3d""","=""4P*""","=""5/2""",,"=""T5109LS""","=""L1176""",
C,1,"=""""","=""""","=""706.589939""","=""0.000020""","=""""","=""2.3e+03""",E,"=""69689.49393""","=""83838.0728""","=""2s2.2p.3p""","=""3D""","=""1""","=""2s2.2p.4d""","=""3D*""","=""2""",,"=""T6070n""","=""""",
C,1,"=""""","=""""","=""707.109515""","=""0.000015""","=""""","=""2.7e+04""",D,"=""69710.68728""","=""83848.8700""","=""2s2.2p.3p""","=""3D""","=""2""","=""2s2.2p.4d""","=""3D*""","=""3""",,"=""T6070n""","=""""",
C,1,"=""707.4864""","=""0.0014""","=""707.48578""","=""0.00004""","=""4100""","=""3.4e+05""",D+,"=""69689.49393""","=""83820.1576""","=""2s2.2p.3p""","=""3D""","=""1""","=""2s2.2p.4d""","=""3D*""","=""1""",,"=""T6070n""","=""L17684""",
C,1,"=""707.6479""","=""0.0014""","=""707.649944""","=""0.000020""","=""9900""","=""3.0e+05""",D+,"=""69710.68728""","=""83838.0728""","=""2s2.2p.3p""","=""3D""","=""2""","=""2s2.2p.4d""","=""3D*""","=""2""",,"=""T6070n""","=""L17684""",
C,1,"=""708.5511""","=""0.0014""","=""708.54847""","=""0.00004""","=""2700""","=""1.9e+05""",D+,"=""69710.68728""","=""83820.1576""","=""2s2.2p.3p""","=""3D""","=""2""","=""2s2.2p.4d""","=""3D*""","=""1""",,"=""T6070n""","=""L17684""",
C,1,"=""708.7827""","=""0.0014""","=""708.782188""","=""0.000015""","=""18000""","=""6.9e+05""",C,"=""69744.05213""","=""83848.8700""","=""2s2.2p.3p""","=""3D""","=""3""","=""2s2.2p.4d""","=""3D*""","=""3""",,"=""T6070n""","=""L17684""",
C,1,"=""""","=""""","=""708.944226""","=""0.000020""","=""""","=""1.49e+04""",B,"=""69689.49393""","=""83791.0880""","=""2s2.2p.3p""","=""3D""","=""1""","=""2s2.2p.5s""","=""3P*""","=""2""",,"=""T6070n""","=""""",
C,1,"=""709.325""","=""0.003""","=""709.325178""","=""0.000020""","=""12000p""","=""5.3e+05""",D+,"=""69744.05213""","=""83838.0728""","=""2s2.2p.3p""","=""3D""","=""3""","=""2s2.2p.4d""","=""3D*""","=""2""",,"=""T6070n""","=""L17684""",
C,1,"=""710.0124""","=""0.0014""","=""710.011312""","=""0.000016""","=""19000""","=""9.0e+05""",B,"=""69710.68728""","=""83791.0880""","=""2s2.2p.3p""","=""3D""","=""2""","=""2s2.2p.5s""","=""3P*""","=""2""",,"=""T6070n""","=""L17684""",
C,2,"=""710.268""","=""0.006""","=""710.269""","=""0.006""","=""20p(Ni II)*""","=""1.9e+06""",C,"=""178956.38""","=""193031.68""","=""2s2.5f""","=""2F*""","=""5/2""","=""2s2.11g""","=""2G""","=""7/2""",,"=""T10528""","=""L21568,L22145""",
C,2,"=""710.268""","=""0.006""","=""710.272""","=""0.006""","=""20p(Ni II)*""","=""2.0e+06""",C,"=""178956.46""","=""193031.69""","=""2s2.5f""","=""2F*""","=""7/2""","=""2s2.11g""","=""2G""","=""9/2""",,"=""T10528""","=""L21568,L22145""",
C,2,"=""710.268""","=""0.006""","=""710.273""","=""0.006""","=""20p(Ni II)*""","=""7.e+04""",E,"=""178956.46""","=""193031.68""","=""2s2.5f""","=""2F*""","=""7/2""","=""2s2.11g""","=""2G""","=""7/2""",,"=""T10528""","=""L21568,L22145""",
C,1,"=""710.8935""","=""0.0014""","=""710.89263""","=""0.00003""","=""14000""","=""1.12e+06""",B,"=""69689.49393""","=""83752.4388""","=""2s2.2p.3p""","=""3D""","=""1""","=""2s2.2p.5s""","=""3P*""","=""1""",,"=""T6070n""","=""L17684""",
C,1,"=""711.1475""","=""0.0014""","=""711.145795""","=""0.000016""","=""32000""","=""2.17e+06""",B,"=""69689.49393""","=""83747.43248""","=""2s2.2p.3p""","=""3D""","=""1""","=""2s2.2p.4d""","=""3F*""","=""2""",,"=""T6070n""","=""L17684""",
C,2,"=""711.2480""","=""0.0020""","=""711.2474""","=""0.0015""","=""18""","=""2.94e+07""",B,"=""181696.69""","=""195752.62""","=""2s.2p.(3P*).3p""","=""4D""","=""1/2""","=""2s.2p.(3P*).3d""","=""4F*""","=""3/2""",,"=""T5109LS""","=""L1176""",
C,2,"=""711.3040""","=""0.0020""","=""711.3031""","=""0.0012""","=""31""","=""3.15e+07""",B,"=""181711.05""","=""195765.88""","=""2s.2p.(3P*).3p""","=""4D""","=""3/2""","=""2s.2p.(3P*).3d""","=""4F*""","=""5/2""",,"=""T5109LS""","=""L1176""",
C,1,"=""711.3180""","=""0.0014""","=""711.316560""","=""0.000008""","=""110000""","=""2.47e+06""",B,"=""69744.05213""","=""83798.61582""","=""2s2.2p.3p""","=""3D""","=""3""","=""2s2.2p.4d""","=""3F*""","=""4""",,"=""T6070n""","=""L17684""",
C,1,"=""711.519""","=""0.003""","=""711.51710""","=""0.00005""","=""110000*""","=""4.4e+06""",B,"=""69689.49393""","=""83740.0964""","=""2s2.2p.3p""","=""3D""","=""1""","=""2s2.2p.5s""","=""3P*""","=""0""",,"=""T6070n""","=""L17684""",
C,1,"=""711.519""","=""0.003""","=""711.517889""","=""0.000009""","=""110000*""","=""2.19e+06""",B,"=""69710.68728""","=""83761.27417""","=""2s2.2p.3p""","=""3D""","=""2""","=""2s2.2p.4d""","=""3F*""","=""3""",,"=""T6070n""","=""L17684""",
C,2,"=""711.5630""","=""0.0020""","=""711.5633""","=""0.0011""","=""42""","=""3.60e+07""",B,"=""181736.06""","=""195785.75""","=""2s.2p.(3P*).3p""","=""4D""","=""5/2""","=""2s.2p.(3P*).3d""","=""4F*""","=""7/2""",,"=""T5109LS""","=""L1176""",
C,1,"=""711.6990""","=""0.0014""","=""711.697758""","=""0.000016""","=""45000""","=""3.3e+06""",B,"=""69744.05213""","=""83791.0880""","=""2s2.2p.3p""","=""3D""","=""3""","=""2s2.2p.5s""","=""3P*""","=""2""",,"=""T6070n""","=""L17684""",
C,1,"=""711.9671""","=""0.0014""","=""711.96559""","=""0.00003""","=""37000""","=""3.1e+06""",B,"=""69710.68728""","=""83752.4388""","=""2s2.2p.3p""","=""3D""","=""2""","=""2s2.2p.5s""","=""3P*""","=""1""",,"=""T6070n""","=""L17684""",
C,2,"=""711.990""","=""0.010""","=""711.9748""","=""0.0015""","=""70*""","=""1.17e+07""",B,"=""181711.05""","=""195752.62""","=""2s.2p.(3P*).3p""","=""4D""","=""3/2""","=""2s.2p.(3P*).3d""","=""4F*""","=""3/2""",,"=""T5109LS""","=""L1176""",
C,2,"=""711.990""","=""0.010""","=""711.9925""","=""0.0015""","=""70*""","=""4.19e+07""",B,"=""181772.40""","=""195813.62""","=""2s.2p.(3P*).3p""","=""4D""","=""7/2""","=""2s.2p.(3P*).3d""","=""4F*""","=""9/2""",,"=""T5109LS""","=""L1176""",
C,1,"=""712.2196""","=""0.0014""","=""712.219524""","=""0.000016""","=""4200""","=""2.01e+05""",B,"=""69710.68728""","=""83747.43248""","=""2s2.2p.3p""","=""3D""","=""2""","=""2s2.2p.4d""","=""3F*""","=""2""",,"=""T6070n""","=""L17684""",
C,2,"=""712.5730""","=""0.0020""","=""712.5711""","=""0.0012""","=""24""","=""1.02e+07""",B,"=""181736.06""","=""195765.88""","=""2s.2p.(3P*).3p""","=""4D""","=""5/2""","=""2s.2p.(3P*).3d""","=""4F*""","=""5/2""",,"=""T5109LS""","=""L1176""",
C,1,"=""713.2112""","=""0.0014""","=""713.211508""","=""0.000010""","=""4200""","=""1.17e+05""",B,"=""69744.05213""","=""83761.27417""","=""2s2.2p.3p""","=""3D""","=""3""","=""2s2.2p.4d""","=""3F*""","=""3""",,"=""T6070n""","=""L17684""",
C,2,"=""713.245""","=""0.004""","=""713.2452""","=""0.0015""","=""5""","=""8.33e+05""",B,"=""181736.06""","=""195752.62""","=""2s.2p.(3P*).3p""","=""4D""","=""5/2""","=""2s.2p.(3P*).3d""","=""4F*""","=""3/2""",,"=""T5109LS""","=""L1176""",
C,2,"=""713.4110""","=""0.0020""","=""713.4086""","=""0.0012""","=""18""","=""5.93e+06""",B,"=""181772.40""","=""195785.75""","=""2s.2p.(3P*).3p""","=""4D""","=""7/2""","=""2s.2p.(3P*).3d""","=""4F*""","=""7/2""",,"=""T5109LS""","=""L1176""",
C,1,"=""713.94""","=""0.03""","=""713.916489""","=""0.000016""","=""4200""","=""2.1e+04""",C+,"=""69744.05213""","=""83747.43248""","=""2s2.2p.3p""","=""3D""","=""3""","=""2s2.2p.4d""","=""3F*""","=""2""",,"=""T6070n""","=""L2138""",
C,2,"=""714.419""","=""0.004""","=""714.4216""","=""0.0015""","=""5""","=""3.5e+05""",C,"=""181772.40""","=""195765.88""","=""2s.2p.(3P*).3p""","=""4D""","=""7/2""","=""2s.2p.(3P*).3d""","=""4F*""","=""5/2""",,"=""T10528""","=""L1176""",
C,3,"=""""","=""""","=""715.773""","=""""","=""""","=""5.32e+04""",D,"=""332691.28""","=""346658.34""","=""1s2.2p.(2P*).3d""","=""1D*""","=""2""","=""1s2.2s.5d""","=""1D""","=""2""",,"=""T5633""","=""""",
C,2,"=""716.056""","=""0.010""","=""716.064""","=""0.006""","=""m(He I)""","=""9.e+05""",E,"=""179073.02""","=""[193034.41]""","=""2s2.5g""","=""2G""","=""7/2""","=""2s2.11h""","=""2H*""","=""9/2""",,"=""T10528""","=""L21568,L22145""",
C,2,"=""716.056""","=""0.010""","=""716.067""","=""0.006""","=""m(He I)""","=""2.0e+04""",E,"=""179073.09""","=""[193034.41]""","=""2s2.5g""","=""2G""","=""9/2""","=""2s2.11h""","=""2H*""","=""9/2""",,"=""T10528""","=""L21568,L22145""",
C,2,"=""716.056""","=""0.010""","=""716.067""","=""0.006""","=""m(He I)""","=""9.e+05""",E,"=""179073.09""","=""[193034.41]""","=""2s2.5g""","=""2G""","=""9/2""","=""2s2.11h""","=""2H*""","=""11/2""",,"=""T10528""","=""L21568,L22145""",
C,1,"=""720.2264""","=""0.0014""","=""720.2260""","=""0.0007""","=""4500""","=""5.e+05""",D,"=""72610.73530""","=""86491.441""","=""2s2.2p.3p""","=""1D""","=""2""","=""2s2.2p.5d""","=""1P*""","=""1""",,"=""T5520""","=""L17684""",
C,1,"=""721.6029""","=""0.0014""","=""721.6012""","=""0.0010""","=""1700""","=""2.4e+05""",D,"=""73975.92785""","=""87830.18""","=""2s2.2p.3p""","=""1S""","=""0""","=""2s2.2p.6d""","=""1P*""","=""1""",,"=""T5520""","=""L17684""",
C,1,"=""722.4241""","=""0.0014""","=""722.4240""","=""0.0011""","=""4500""","=""""",,"=""72610.73530""","=""86449.208""","=""2s2.2p.3p""","=""1D""","=""2""","=""2s2.2p.5d""","=""1F*""","=""3""",,"=""""","=""L17684""",
C,2,"=""723.1320""","=""0.0020""","=""723.1349""","=""0.0011""","=""430""","=""3.48e+07""",A,"=""131724.382""","=""145549.25""","=""2s2.3p""","=""2P*""","=""1/2""","=""2s2.3d""","=""2D""","=""3/2""",,"=""T7194""","=""L1176""",
C,2,"=""723.6420""","=""0.0020""","=""723.6425""","=""0.0016""","=""800""","=""4.18e+07""",A,"=""131735.528""","=""145550.70""","=""2s2.3p""","=""2P*""","=""3/2""","=""2s2.3d""","=""2D""","=""5/2""",,"=""T7194""","=""L1176""",
C,2,"=""723.7170""","=""0.0020""","=""723.7184""","=""0.0011""","=""41""","=""6.96e+06""",A,"=""131735.528""","=""145549.25""","=""2s2.3p""","=""2P*""","=""3/2""","=""2s2.3d""","=""2D""","=""3/2""",,"=""T7194""","=""L1176""",
C,1,"=""724.1319""","=""0.0014""","=""724.1316""","=""0.0009""","=""4600""","=""9.e+05""",D,"=""72610.73530""","=""86416.575""","=""2s2.2p.3p""","=""1D""","=""2""","=""2s2.2p.6s""","=""1P*""","=""1""",,"=""T5520""","=""L17684""",
C,4,"=""""","=""""","=""725.053""","=""""","=""""","=""6.60e+06""",B,"=""[483948.4]""","=""[497736.7]""","=""1s2.7p""","=""2P*""","=""1/2""","=""1s2.9s""","=""2S""","=""1/2""",,"=""T3225LS""","=""""",
C,4,"=""""","=""""","=""725.179""","=""""","=""""","=""1.32e+07""",B,"=""[483950.8]""","=""[497736.7]""","=""1s2.7p""","=""2P*""","=""3/2""","=""1s2.9s""","=""2S""","=""1/2""",,"=""T3225LS""","=""""",
C,1,"=""728.6110""","=""0.0014""","=""728.6136""","=""0.0006""","=""2100""","=""""",,"=""72610.73530""","=""86331.651""","=""2s2.2p.3p""","=""1D""","=""2""","=""2s2.2p.6s""","=""3P*""","=""1""",,"=""""","=""L17684""",
C,1,"=""""","=""""","=""733.836017""","=""0.000022""","=""""","=""5.e+03""",E,"=""60352.6584""","=""73975.92785""","=""2s2.2p.3s""","=""3P*""","=""1""","=""2s2.2p.3p""","=""1S""","=""0""",,"=""T9787""","=""""",
C,3,"=""""","=""""","=""735.388""","=""""","=""""","=""3.09e+06""",B,"=""333118.21""","=""346712.73""","=""1s2.2p.(2P*).3p""","=""1D""","=""2""","=""1s2.2p.(2P*).3d""","=""1P*""","=""1""",,"=""T5633""","=""""",
C,1,"=""736.4734""","=""0.0014""","=""736.47262""","=""0.00004""","=""8600""","=""3.6e+05""",C,"=""72610.73530""","=""86185.2332""","=""2s2.2p.3p""","=""1D""","=""2""","=""2s2.2p.5d""","=""1D*""","=""2""",,"=""T5520""","=""L17684""",
C,3,"=""""","=""""","=""743.311""","=""""","=""""","=""4.22e+06""",B,"=""357049.38""","=""370499""","=""1s2.2s.6p""","=""3P*""","=""0""","=""1s2.2s.8d""","=""3D""","=""1""",,"=""T5633LS""","=""""",
C,3,"=""""","=""""","=""743.354""","=""""","=""""","=""5.69e+06""",B,"=""357050.17""","=""370499""","=""1s2.2s.6p""","=""3P*""","=""1""","=""1s2.2s.8d""","=""3D""","=""2""",,"=""T5633LS""","=""""",
C,3,"=""""","=""""","=""743.354""","=""""","=""""","=""3.16e+06""",B,"=""357050.17""","=""370499""","=""1s2.2s.6p""","=""3P*""","=""1""","=""1s2.2s.8d""","=""3D""","=""1""",,"=""T5633LS""","=""""",
C,3,"=""""","=""""","=""743.413""","=""""","=""""","=""7.59e+06""",B,"=""357051.23""","=""370499""","=""1s2.2s.6p""","=""3P*""","=""2""","=""1s2.2s.8d""","=""3D""","=""3""",,"=""T5633LS""","=""""",
C,3,"=""""","=""""","=""743.413""","=""""","=""""","=""1.90e+06""",B,"=""357051.23""","=""370499""","=""1s2.2s.6p""","=""3P*""","=""2""","=""1s2.2s.8d""","=""3D""","=""2""",,"=""T5633LS""","=""""",
C,3,"=""""","=""""","=""743.413""","=""""","=""""","=""2.11e+05""",B,"=""357051.23""","=""370499""","=""1s2.2s.6p""","=""3P*""","=""2""","=""1s2.2s.8d""","=""3D""","=""1""",,"=""T5633LS""","=""""",
C,2,"=""""","=""""","=""746.153""","=""0.012""","=""""","=""9.0e+04""",D+,"=""173347.94""","=""186746.33""","=""2s2.5s""","=""2S""","=""1/2""","=""2s2.7p""","=""2P*""","=""3/2""",,"=""T7476""","=""""",
C,2,"=""""","=""""","=""746.207""","=""0.017""","=""""","=""1.2e+05""",E,"=""173347.94""","=""186745.36""","=""2s2.5s""","=""2S""","=""1/2""","=""2s2.7p""","=""2P*""","=""1/2""",,"=""T10276""","=""""",
C,1,"=""746.545""","=""0.003""","=""746.544""","=""0.004""","=""3300*""","=""""",,"=""75254.0017""","=""88645.37""","=""2s.2p3""","=""3P*""","=""1""","=""2s2.2p.(2P*<3/2>).7f""","=""2[3/2]""","=""1""",,"=""""","=""L17684""",
C,1,"=""746.545""","=""0.003""","=""746.545""","=""0.004""","=""3300*""","=""""",,"=""75254.0017""","=""88645.36""","=""2s.2p3""","=""3P*""","=""1""","=""2s2.2p.(2P*<3/2>).7f""","=""2[3/2]""","=""2""",,"=""""","=""L17684""",
C,1,"=""746.64""","=""0.03""","=""746.665""","=""0.004""","=""4100d""","=""""",,"=""75256.1696""","=""88645.37""","=""2s.2p3""","=""3P*""","=""0""","=""2s2.2p.(2P*<3/2>).7f""","=""2[3/2]""","=""1""",,"=""""","=""L2138""",
C,1,"=""747.009""","=""0.003""","=""747.009""","=""0.004""","=""3800*""","=""""",,"=""75255.29373""","=""88638.32""","=""2s.2p3""","=""3P*""","=""2""","=""2s2.2p.(2P*<3/2>).7f""","=""2[5/2]""","=""2""",,"=""""","=""L17684""",
C,1,"=""747.009""","=""0.003""","=""747.009""","=""0.004""","=""3800*""","=""""",,"=""75255.29373""","=""88638.32""","=""2s.2p3""","=""3P*""","=""2""","=""2s2.2p.(2P*<3/2>).7f""","=""2[5/2]""","=""3""",,"=""""","=""L17684""",
C,1,"=""747.331""","=""0.003""","=""747.33178""","=""0.00008""","=""8800""","=""1.08e+06""",C+,"=""70743.97227""","=""84121.2260""","=""2s2.2p.3p""","=""3S""","=""1""","=""2s2.2p.4d""","=""3P*""","=""0""",,"=""T6070n""","=""L9405c184""",
C,1,"=""747.612""","=""0.003""","=""747.61741""","=""0.00003""","=""7400bl?""","=""1.06e+06""",C+,"=""70743.97227""","=""84116.1152""","=""2s2.2p.3p""","=""3S""","=""1""","=""2s2.2p.4d""","=""3P*""","=""1""",,"=""T6070n""","=""L9405c184""",
C,1,"=""748.341""","=""0.003""","=""748.344451""","=""0.000023""","=""15000""","=""1.01e+06""",C+,"=""70743.97227""","=""84103.1238""","=""2s2.2p.3p""","=""3S""","=""1""","=""2s2.2p.4d""","=""3P*""","=""2""",,"=""T6070n""","=""L9405c184""",
C,3,"=""""","=""""","=""748.656""","=""""","=""""","=""4.98e+07""",C+,"=""345497.15""","=""358850.74""","=""1s2.2s.5d""","=""3D""","=""3""","=""1s2.2s.6f""","=""3F*""","=""4""",,"=""T5633LS""","=""""",
C,3,"=""""","=""""","=""748.656""","=""""","=""""","=""4.43e+07""",C+,"=""345496.72""","=""358850.32""","=""1s2.2s.5d""","=""3D""","=""2""","=""1s2.2s.6f""","=""3F*""","=""3""",,"=""T5633LS""","=""""",
C,3,"=""""","=""""","=""748.664""","=""""","=""""","=""4.19e+07""",C+,"=""345496.57""","=""358850.02""","=""1s2.2s.5d""","=""3D""","=""1""","=""1s2.2s.6f""","=""3F*""","=""2""",,"=""T5633LS""","=""""",
C,3,"=""""","=""""","=""748.672""","=""""","=""""","=""7.77e+06""",C+,"=""345496.72""","=""358850.02""","=""1s2.2s.5d""","=""3D""","=""2""","=""1s2.2s.6f""","=""3F*""","=""2""",,"=""T5633LS""","=""""",
C,3,"=""""","=""""","=""748.680""","=""""","=""""","=""5.55e+06""",C+,"=""345497.15""","=""358850.32""","=""1s2.2s.5d""","=""3D""","=""3""","=""1s2.2s.6f""","=""3F*""","=""3""",,"=""T5633LS""","=""""",
C,3,"=""""","=""""","=""748.696""","=""""","=""""","=""2.19e+05""",C+,"=""345497.15""","=""358850.02""","=""1s2.2s.5d""","=""3D""","=""3""","=""1s2.2s.6f""","=""3F*""","=""2""",,"=""T5633LS""","=""""",
C,2,"=""750.531""","=""0.004""","=""750.529""","=""0.003""","=""6hql""","=""3.9e+05""",D+,"=""175294.74""","=""188615.01""","=""2s2.5p""","=""2P*""","=""3/2""","=""2s.2p.(3P*).3p""","=""2D""","=""5/2""",,"=""T7476""","=""L1176""",
C,1,"=""750.567""","=""0.003""","=""750.5663""","=""0.0017""","=""4300*""","=""""",,"=""75255.29373""","=""88574.90""","=""2s.2p3""","=""3P*""","=""2""","=""2s2.2p.(2P*<1/2>).7f""","=""2[5/2]""","=""2""",,"=""""","=""L17684""",
C,1,"=""750.567""","=""0.003""","=""750.567""","=""0.003""","=""4300*""","=""""",,"=""75255.29373""","=""88574.89""","=""2s.2p3""","=""3P*""","=""2""","=""2s2.2p.(2P*<1/2>).7f""","=""2[5/2]""","=""3""",,"=""""","=""L17684""",
C,2,"=""750.8900""","=""0.0020""","=""750.8891""","=""0.0017""","=""8""","=""1.53e+06""",B,"=""168729.51""","=""182043.39""","=""2p3""","=""2P*""","=""1/2""","=""2s.2p.(3P*).3p""","=""2P""","=""3/2""",,"=""T5109LS""","=""L1176""",
C,2,"=""750.977""","=""0.003""","=""750.974""","=""0.003""","=""23*""","=""2.18e+06""",B,"=""178956.38""","=""192268.75""","=""2s2.5f""","=""2F*""","=""5/2""","=""2s2.10g""","=""2G""","=""7/2""",,"=""T7476""","=""L21568,L22145""",
C,2,"=""750.977""","=""0.003""","=""750.978""","=""0.003""","=""23*""","=""2.26e+06""",B,"=""178956.46""","=""192268.76""","=""2s2.5f""","=""2F*""","=""7/2""","=""2s2.10g""","=""2G""","=""9/2""",,"=""T7476""","=""L21568,L22145""",
C,2,"=""750.977""","=""0.003""","=""750.979""","=""0.003""","=""23*""","=""8.1e+04""",D+,"=""178956.46""","=""192268.75""","=""2s2.5f""","=""2F*""","=""7/2""","=""2s2.10g""","=""2G""","=""7/2""",,"=""T7476""","=""L21568,L22145""",
C,2,"=""751.9500""","=""0.0020""","=""751.9481""","=""0.0017""","=""23m(He I)""","=""7.61e+06""",B,"=""168748.26""","=""182043.39""","=""2p3""","=""2P*""","=""3/2""","=""2s.2p.(3P*).3p""","=""2P""","=""3/2""",,"=""T5109LS""","=""L1176""",
C,2,"=""751.986""","=""0.019""","=""751.9905""","=""0.0023""","=""22l*""","=""6.07e+06""",B,"=""168729.51""","=""182023.89""","=""2p3""","=""2P*""","=""1/2""","=""2s.2p.(3P*).3p""","=""2P""","=""1/2""",,"=""T5109LS""","=""L1176""",
C,2,"=""751.986""","=""0.019""","=""752.018""","=""0.003""","=""25l*""","=""3.0e+05""",D+,"=""175287.36""","=""188581.26""","=""2s2.5p""","=""2P*""","=""1/2""","=""2s.2p.(3P*).3p""","=""2D""","=""3/2""",,"=""T7476""","=""L1176""",
C,2,"=""752.410""","=""0.023""","=""752.435""","=""0.003""","=""6i""","=""1.0e+06""",E,"=""175294.74""","=""188581.26""","=""2s2.5p""","=""2P*""","=""3/2""","=""2s.2p.(3P*).3p""","=""2D""","=""3/2""",,"=""T10276""","=""L21568""",
C,2,"=""753.060""","=""0.004""","=""753.0526""","=""0.0017""","=""11""","=""3.03e+06""",B,"=""168748.26""","=""182023.89""","=""2p3""","=""2P*""","=""3/2""","=""2s.2p.(3P*).3p""","=""2P""","=""1/2""",,"=""T5109LS""","=""L1176""",
C,2,"=""757.407""","=""0.003""","=""757.405""","=""0.003""","=""26*""","=""1.3e+06""",D+,"=""179073.02""","=""192272.36""","=""2s2.5g""","=""2G""","=""7/2""","=""2s2.10h""","=""2H*""","=""9/2""",,"=""T7476""","=""L21568,L22145""",
C,2,"=""757.407""","=""0.003""","=""757.409""","=""0.003""","=""26*""","=""2.9e+04""",D+,"=""179073.09""","=""192272.36""","=""2s2.5g""","=""2G""","=""9/2""","=""2s2.10h""","=""2H*""","=""9/2""",,"=""T7476""","=""L21568,L22145""",
C,2,"=""757.407""","=""0.003""","=""757.409""","=""0.003""","=""26*""","=""1.31e+06""",B,"=""179073.09""","=""192272.37""","=""2s2.5g""","=""2G""","=""9/2""","=""2s2.10h""","=""2H*""","=""11/2""",,"=""T7476""","=""L21568,L22145""",
C,3,"=""""","=""""","=""757.670""","=""""","=""""","=""2.61e+06""",B,"=""308216.58""","=""321411.31""","=""1s2.2p.(2P*).3s""","=""3P*""","=""0""","=""1s2.2s.4d""","=""3D""","=""1""",,"=""T5633LS""","=""""",
C,3,"=""""","=""""","=""757.815""","=""""","=""""","=""2.70e+07""",C+,"=""333387.01""","=""346579.21""","=""1s2.2p.(2P*).3d""","=""3F*""","=""2""","=""1s2.2s.5g""","=""3G""","=""3""",,"=""T5600c20""","=""""",
C,3,"=""""","=""""","=""758.641""","=""""","=""""","=""3.51e+06""",B,"=""308248.91""","=""321426.74""","=""1s2.2p.(2P*).3s""","=""3P*""","=""1""","=""1s2.2s.4d""","=""3D""","=""2""",,"=""T5633LS""","=""""",
C,3,"=""""","=""""","=""759.227""","=""""","=""""","=""2.75e+07""",C+,"=""333411.55""","=""346579.21""","=""1s2.2p.(2P*).3d""","=""3F*""","=""3""","=""1s2.2s.5g""","=""3G""","=""4""",,"=""T5600c20""","=""""",
C,3,"=""""","=""""","=""759.227""","=""""","=""""","=""2.36e+06""",C+,"=""333411.55""","=""346579.21""","=""1s2.2p.(2P*).3d""","=""3F*""","=""3""","=""1s2.2s.5g""","=""3G""","=""3""",,"=""T5600c20,n,LS""","=""""",
C,3,"=""""","=""""","=""759.531""","=""""","=""""","=""1.94e+06""",B,"=""308248.91""","=""321411.31""","=""1s2.2p.(2P*).3s""","=""3P*""","=""1""","=""1s2.2s.4d""","=""3D""","=""1""",,"=""T5633LS""","=""""",
C,1,"=""""","=""""","=""761.2118""","=""0.0003""","=""""","=""5.2e+04""",C,"=""70743.97227""","=""83877.305""","=""2s2.2p.3p""","=""3S""","=""1""","=""2s2.2p.5s""","=""1P*""","=""1""",,"=""T6070""","=""""",
C,3,"=""""","=""""","=""761.245""","=""""","=""""","=""4.63e+06""",B,"=""308317.29""","=""321450.05""","=""1s2.2p.(2P*).3s""","=""3P*""","=""2""","=""1s2.2s.4d""","=""3D""","=""3""",,"=""T5633LS""","=""""",
C,3,"=""761.265""","=""""","=""761.275""","=""""","=""150""","=""2.92e+07""",C+,"=""333447.24""","=""346579.49""","=""1s2.2p.(2P*).3d""","=""3F*""","=""4""","=""1s2.2s.5g""","=""3G""","=""5""",,"=""T5600c20""","=""L1113""",
C,3,"=""""","=""""","=""761.291""","=""""","=""""","=""1.82e+06""",C+,"=""333447.24""","=""346579.21""","=""1s2.2p.(2P*).3d""","=""3F*""","=""4""","=""1s2.2s.5g""","=""3G""","=""4""",,"=""T5600c20,n,LS""","=""""",
C,3,"=""""","=""""","=""761.291""","=""""","=""""","=""3.56e+04""",C+,"=""333447.24""","=""346579.21""","=""1s2.2p.(2P*).3d""","=""3F*""","=""4""","=""1s2.2s.5g""","=""3G""","=""3""",,"=""T5600c20,n,LS""","=""""",
C,3,"=""""","=""""","=""762.599""","=""""","=""""","=""1.15e+06""",B,"=""308317.29""","=""321426.74""","=""1s2.2p.(2P*).3s""","=""3P*""","=""2""","=""1s2.2s.4d""","=""3D""","=""2""",,"=""T5633LS""","=""""",
C,1,"=""""","=""""","=""763.492536""","=""0.000024""","=""""","=""1.6e+04""",C,"=""70743.97227""","=""83838.0728""","=""2s2.2p.3p""","=""3S""","=""1""","=""2s2.2p.4d""","=""3D*""","=""2""",,"=""T6070""","=""""",
C,3,"=""""","=""""","=""763.497""","=""""","=""""","=""1.28e+05""",B,"=""308317.29""","=""321411.31""","=""1s2.2p.(2P*).3s""","=""3P*""","=""2""","=""1s2.2s.4d""","=""3D""","=""1""",,"=""T5633LS""","=""""",
C,1,"=""766.244""","=""0.004""","=""766.242013""","=""0.000018""","=""27000""","=""1.20e+06""",B,"=""70743.97227""","=""83791.0880""","=""2s2.2p.3p""","=""3S""","=""1""","=""2s2.2p.5s""","=""3P*""","=""2""",,"=""T6070n""","=""L9405c184""",
C,1,"=""768.517""","=""0.004""","=""768.51859""","=""0.00003""","=""23000bl""","=""1.14e+06""",B,"=""70743.97227""","=""83752.4388""","=""2s2.2p.3p""","=""3S""","=""1""","=""2s2.2p.5s""","=""3P*""","=""1""",,"=""T6070n""","=""L9405c184""",
C,1,"=""769.2495""","=""0.0014""","=""769.24846""","=""0.00006""","=""9100""","=""1.18e+06""",B,"=""70743.97227""","=""83740.0964""","=""2s2.2p.3p""","=""3S""","=""1""","=""2s2.2p.5s""","=""3P*""","=""0""",,"=""T6070n""","=""L17684""",
C,3,"=""""","=""""","=""770.743""","=""""","=""""","=""1.30e+07""",B,"=""319720.35""","=""332691.28""","=""1s2.2p.(2P*).3p""","=""1P""","=""1""","=""1s2.2p.(2P*).3d""","=""1D*""","=""2""",,"=""T5633""","=""""",
C,4,"=""772.62""","=""0.005""","=""""","=""""","=""90w""","=""""",,"=""""","=""""","=""""","=""""","=""""","=""""","=""""","=""""",,"=""""","=""L7288,L3492""",
C,3,"=""""","=""""","=""777.176""","=""""","=""""","=""1.77e+07""",B,"=""327278.27""","=""340141.83""","=""1s2.2p.(2P*).3p""","=""3S""","=""1""","=""1s2.2p.(2P*).3d""","=""3P*""","=""0""",,"=""T5633LS""","=""""",
C,3,"=""""","=""""","=""778.041""","=""""","=""""","=""1.76e+07""",B,"=""327278.27""","=""340127.53""","=""1s2.2p.(2P*).3p""","=""3S""","=""1""","=""1s2.2p.(2P*).3d""","=""3P*""","=""1""",,"=""T5633LS""","=""""",
C,3,"=""""","=""""","=""779.600""","=""""","=""""","=""1.75e+07""",B,"=""327278.27""","=""340101.84""","=""1s2.2p.(2P*).3p""","=""3S""","=""1""","=""1s2.2p.(2P*).3d""","=""3P*""","=""2""",,"=""T5633LS""","=""""",
C,1,"=""783.2629""","=""0.0014""","=""783.26424""","=""0.00003""","=""17000""","=""5.7e+05""",B,"=""71352.54344""","=""84116.1152""","=""2s2.2p.3p""","=""3P""","=""0""","=""2s2.2p.4d""","=""3P*""","=""1""",,"=""T6070n""","=""L17684""",
C,1,"=""783.7105""","=""0.0014""","=""783.71136""","=""0.00009""","=""7800""","=""1.81e+06""",B,"=""71364.93596""","=""84121.2260""","=""2s2.2p.3p""","=""3P""","=""1""","=""2s2.2p.4d""","=""3P*""","=""0""",,"=""T6070n""","=""L17684""",
C,1,"=""784.0270""","=""0.0014""","=""784.02548""","=""0.00003""","=""9000""","=""5.2e+05""",B,"=""71364.93596""","=""84116.1152""","=""2s2.2p.3p""","=""3P""","=""1""","=""2s2.2p.4d""","=""3P*""","=""1""",,"=""T6070n""","=""L17684""",
C,1,"=""784.8246""","=""0.0014""","=""784.825094""","=""0.000025""","=""17000""","=""4.0e+05""",B,"=""71364.93596""","=""84103.1238""","=""2s2.2p.3p""","=""3P""","=""1""","=""2s2.2p.4d""","=""3P*""","=""2""",,"=""T6070n""","=""L17684""",
C,1,"=""785.2862""","=""0.0014""","=""785.28638""","=""0.00003""","=""19000""","=""7.5e+05""",B,"=""71385.40992""","=""84116.1152""","=""2s2.2p.3p""","=""3P""","=""2""","=""2s2.2p.4d""","=""3P*""","=""1""",,"=""T6070n""","=""L17684""",
C,2,"=""786.055""","=""0.018""","=""786.072""","=""0.011""","=""25w*""","=""2.98e+06""",B,"=""178495.29""","=""191213.28""","=""2s2.5d""","=""2D""","=""3/2""","=""2s2.9f""","=""2F*""","=""5/2""",,"=""T7476""","=""L21568""",
C,2,"=""786.055""","=""0.018""","=""786.086""","=""0.011""","=""25w*""","=""3.19e+06""",B,"=""178495.54""","=""191213.29""","=""2s2.5d""","=""2D""","=""5/2""","=""2s2.9f""","=""2F*""","=""7/2""",,"=""T7476""","=""L21568""",
C,2,"=""786.055""","=""0.018""","=""786.087""","=""0.011""","=""25w*""","=""2.1e+05""",D+,"=""178495.54""","=""191213.28""","=""2s2.5d""","=""2D""","=""5/2""","=""2s2.9f""","=""2F*""","=""5/2""",,"=""T7476""","=""L21568""",
C,1,"=""786.088""","=""0.004""","=""786.088573""","=""0.000025""","=""110000bl(Ni)""","=""1.53e+06""",B,"=""71385.40992""","=""84103.1238""","=""2s2.2p.3p""","=""3P""","=""2""","=""2s2.2p.4d""","=""3P*""","=""2""",,"=""T6070n""","=""L9405c184""",
C,1,"=""""","=""""","=""789.22264""","=""0.00004""","=""""","=""1.6e+04""",C,"=""71364.93596""","=""84032.1471""","=""2s2.2p.3p""","=""3P""","=""1""","=""2s2.2p.4d""","=""1P*""","=""1""",,"=""T6070""","=""""",
C,1,"=""794.460""","=""0.003""","=""794.457""","=""0.003""","=""8100*""","=""""",,"=""75254.0017""","=""87837.76""","=""2s.2p3""","=""3P*""","=""1""","=""2s2.2p.(2P*<3/2>).6f""","=""2[3/2]""","=""1""",,"=""""","=""L17684""",
C,1,"=""794.460""","=""0.003""","=""794.457""","=""0.003""","=""8100*""","=""""",,"=""75254.0017""","=""87837.76""","=""2s.2p3""","=""3P*""","=""1""","=""2s2.2p.(2P*<3/2>).6f""","=""2[3/2]""","=""2""",,"=""""","=""L17684""",
C,4,"=""""","=""""","=""794.662""","=""""","=""""","=""1.73e+06""",A,"=""471370.3""","=""[483950.8]""","=""1s2.6d""","=""2D""","=""3/2""","=""1s2.7p""","=""2P*""","=""3/2""",,"=""T5118LS""","=""""",
C,4,"=""""","=""""","=""794.738""","=""""","=""""","=""1.56e+07""",A,"=""471371.5""","=""[483950.8]""","=""1s2.6d""","=""2D""","=""5/2""","=""1s2.7p""","=""2P*""","=""3/2""",,"=""T5118LS""","=""""",
C,4,"=""""","=""""","=""794.814""","=""""","=""""","=""1.73e+07""",A,"=""471370.3""","=""[483948.4]""","=""1s2.6d""","=""2D""","=""3/2""","=""1s2.7p""","=""2P*""","=""1/2""",,"=""T5118LS""","=""""",
C,1,"=""795.1346""","=""0.0014""","=""795.1338""","=""0.0010""","=""4200""","=""""",,"=""75254.0017""","=""87827.043""","=""2s.2p3""","=""3P*""","=""1""","=""2s2.2p.(2P*<3/2>).6f""","=""2[5/2]""","=""2""",,"=""""","=""L17684""",
C,1,"=""795.219""","=""0.003""","=""795.2155""","=""0.0010""","=""9400*""","=""""",,"=""75255.29373""","=""87827.043""","=""2s.2p3""","=""3P*""","=""2""","=""2s2.2p.(2P*<3/2>).6f""","=""2[5/2]""","=""2""",,"=""""","=""L17684""",
C,1,"=""795.219""","=""0.003""","=""795.219""","=""0.003""","=""9400*""","=""""",,"=""75255.29373""","=""87826.99""","=""2s.2p3""","=""3P*""","=""2""","=""2s2.2p.(2P*<3/2>).6f""","=""2[5/2]""","=""3""",,"=""""","=""L17684""",
C,2,"=""""","=""""","=""797.565""","=""0.005""","=""""","=""7.22e+04""",B,"=""168729.51""","=""181264.23""","=""2p3""","=""2P*""","=""1/2""","=""2s2.6s""","=""2S""","=""1/2""",,"=""T5109LS""","=""""",
C,1,"=""""","=""""","=""798.1989""","=""0.0003""","=""""","=""3.6e+04""",C,"=""71352.54344""","=""83877.305""","=""2s2.2p.3p""","=""3P""","=""0""","=""2s2.2p.5s""","=""1P*""","=""1""",,"=""T6070""","=""""",
C,2,"=""""","=""""","=""798.760""","=""0.005""","=""""","=""1.44e+05""",B,"=""168748.26""","=""181264.23""","=""2p3""","=""2P*""","=""3/2""","=""2s2.6s""","=""2S""","=""1/2""",,"=""T5109LS""","=""""",
C,1,"=""798.7889""","=""0.0014""","=""798.7887""","=""0.0008""","=""9800""","=""3.0e+05""",D,"=""73975.92785""","=""86491.441""","=""2s2.2p.3p""","=""1S""","=""0""","=""2s2.2p.5d""","=""1P*""","=""1""",,"=""T5520""","=""L17684""",
C,1,"=""799.2526""","=""0.0014""","=""799.2539""","=""0.0012""","=""2900""","=""""",,"=""75254.0017""","=""87762.23""","=""2s.2p3""","=""3P*""","=""1""","=""2s2.2p.(2P*<1/2>).6f""","=""2[5/2]""","=""2""",,"=""""","=""L17684""",
C,1,"=""799.342""","=""0.003""","=""799.3365""","=""0.0012""","=""10000*""","=""""",,"=""75255.29373""","=""87762.23""","=""2s.2p3""","=""3P*""","=""2""","=""2s2.2p.(2P*<1/2>).6f""","=""2[5/2]""","=""2""",,"=""""","=""L17684""",
C,1,"=""799.342""","=""0.003""","=""799.342""","=""0.003""","=""10000*""","=""""",,"=""75255.29373""","=""87762.15""","=""2s.2p3""","=""3P*""","=""2""","=""2s2.2p.(2P*<1/2>).6f""","=""2[5/2]""","=""3""",,"=""""","=""L17684""",
C,1,"=""801.498""","=""0.004""","=""801.50251""","=""0.00003""","=""15000""","=""5.e+05""",D,"=""71364.93596""","=""83838.0728""","=""2s2.2p.3p""","=""3P""","=""1""","=""2s2.2p.4d""","=""3D*""","=""2""",,"=""T6070n""","=""L9405c184""",
C,1,"=""801.8564""","=""0.0014""","=""801.85755""","=""0.00005""","=""6000""","=""2.6e+05""",D,"=""71352.54344""","=""83820.1576""","=""2s2.2p.3p""","=""3P""","=""0""","=""2s2.2p.4d""","=""3D*""","=""1""",,"=""T6070n""","=""L17684""",
C,3,"=""""","=""""","=""802.115""","=""""","=""""","=""5.01e+07""",B,"=""346658.34""","=""359121.95""","=""1s2.2s.5d""","=""1D""","=""2""","=""1s2.2s.6f""","=""1F*""","=""3""",,"=""T5633""","=""""",
C,1,"=""802.126""","=""0.004""","=""802.124811""","=""0.000020""","=""16000""","=""3.2e+05""",D,"=""71385.40992""","=""83848.8700""","=""2s2.2p.3p""","=""3P""","=""2""","=""2s2.2p.4d""","=""3D*""","=""3""",,"=""T6070n""","=""L9405c184""",
C,1,"=""802.67""","=""0.03""","=""802.65537""","=""0.00005""","=""9200w""","=""8.e+04""",D,"=""71364.93596""","=""83820.1576""","=""2s2.2p.3p""","=""3P""","=""1""","=""2s2.2p.4d""","=""3D*""","=""1""",,"=""T6070n""","=""L2138""",
C,1,"=""802.83""","=""0.03""","=""802.82030""","=""0.00003""","=""2300d""","=""2.3e+03""",D,"=""71385.40992""","=""83838.0728""","=""2s2.2p.3p""","=""3P""","=""2""","=""2s2.2p.4d""","=""3D*""","=""2""",,"=""T6070n""","=""L2138""",
C,2,"=""802.886""","=""0.004""","=""802.8850""","=""0.0015""","=""6""","=""1.71e+06""",B,"=""186427.37""","=""198879.03""","=""2s.2p.(3P*).3p""","=""4P""","=""1/2""","=""2s.2p.(3P*).3d""","=""4P*""","=""1/2""",,"=""T5109LS""","=""L1176""",
C,1,"=""803.59""","=""0.03""","=""803.5957""","=""0.0011""","=""12000w""","=""""",,"=""73975.92785""","=""86416.575""","=""2s2.2p.3p""","=""1S""","=""0""","=""2s2.2p.6s""","=""1P*""","=""1""",,"=""""","=""L2138""",
C,2,"=""803.7760""","=""0.0020""","=""803.7732""","=""0.0012""","=""13""","=""4.26e+06""",B,"=""186427.37""","=""198865.27""","=""2s.2p.(3P*).3p""","=""4P""","=""1/2""","=""2s.2p.(3P*).3d""","=""4P*""","=""3/2""",,"=""T5109LS""","=""L1176""",
C,2,"=""803.9390""","=""0.0020""","=""803.9400""","=""0.0012""","=""16""","=""8.51e+06""",B,"=""186443.71""","=""198879.03""","=""2s.2p.(3P*).3p""","=""4P""","=""3/2""","=""2s.2p.(3P*).3d""","=""4P*""","=""1/2""",,"=""T5109LS""","=""L1176""",
C,1,"=""804.5333""","=""0.0014""","=""804.53311""","=""0.00003""","=""27000""","=""2.7e+05""",B,"=""71364.93596""","=""83791.0880""","=""2s2.2p.3p""","=""3P""","=""1""","=""2s2.2p.5s""","=""3P*""","=""2""",,"=""T6070n""","=""L17684""",
C,2,"=""804.8320""","=""0.0020""","=""804.8305""","=""0.0010""","=""8""","=""1.36e+06""",B,"=""186443.71""","=""198865.27""","=""2s.2p.(3P*).3p""","=""4P""","=""3/2""","=""2s.2p.(3P*).3d""","=""4P*""","=""3/2""",,"=""T5109LS""","=""L1176""",
C,1,"=""805.859""","=""0.004""","=""805.860891""","=""0.000020""","=""59000""","=""1.09e+06""",B,"=""71385.40992""","=""83791.0880""","=""2s2.2p.3p""","=""3P""","=""2""","=""2s2.2p.5s""","=""3P*""","=""2""",,"=""T6070n""","=""L9405c184""",
C,2,"=""806.2120""","=""0.0020""","=""806.2110""","=""0.0011""","=""13""","=""3.04e+06""",B,"=""186443.71""","=""198844.00""","=""2s.2p.(3P*).3p""","=""4P""","=""3/2""","=""2s.2p.(3P*).3d""","=""4P*""","=""5/2""",,"=""T5109LS""","=""L1176""",
C,1,"=""806.2356""","=""0.0014""","=""806.23671""","=""0.00003""","=""21000""","=""4.8e+05""",B,"=""71352.54344""","=""83752.4388""","=""2s2.2p.3p""","=""3P""","=""0""","=""2s2.2p.5s""","=""3P*""","=""1""",,"=""T6070n""","=""L17684""",
C,2,"=""806.2780""","=""0.0020""","=""806.2793""","=""0.0011""","=""16""","=""4.56e+06""",B,"=""186466.03""","=""198865.27""","=""2s.2p.(3P*).3p""","=""4P""","=""5/2""","=""2s.2p.(3P*).3d""","=""4P*""","=""3/2""",,"=""T5109LS""","=""L1176""",
C,1,"=""807.0416""","=""0.0014""","=""807.04327""","=""0.00003""","=""21000""","=""3.8e+05""",B,"=""71364.93596""","=""83752.4388""","=""2s2.2p.3p""","=""3P""","=""1""","=""2s2.2p.5s""","=""3P*""","=""1""",,"=""T6070n""","=""L17684""",
C,2,"=""807.6640""","=""0.0020""","=""807.6648""","=""0.0012""","=""28""","=""7.04e+06""",B,"=""186466.03""","=""198844.00""","=""2s.2p.(3P*).3p""","=""4P""","=""5/2""","=""2s.2p.(3P*).3d""","=""4P*""","=""5/2""",,"=""T5109LS""","=""L1176""",
C,1,"=""""","=""""","=""807.802243""","=""0.000012""","=""""","=""1.2e+04""",C,"=""71385.40992""","=""83761.27417""","=""2s2.2p.3p""","=""3P""","=""2""","=""2s2.2p.4d""","=""3F*""","=""3""",,"=""T6070""","=""""",
C,1,"=""807.8480""","=""0.0014""","=""807.84819""","=""0.00007""","=""28000""","=""1.56e+06""",B,"=""71364.93596""","=""83740.0964""","=""2s2.2p.3p""","=""3P""","=""1""","=""2s2.2p.5s""","=""3P*""","=""0""",,"=""T6070n""","=""L17684""",
C,1,"=""808.3797""","=""0.0014""","=""808.37936""","=""0.00003""","=""32000""","=""6.3e+05""",B,"=""71385.40992""","=""83752.4388""","=""2s2.2p.3p""","=""3P""","=""2""","=""2s2.2p.5s""","=""3P*""","=""1""",,"=""T6070n""","=""L17684""",
C,2,"=""814.056""","=""0.004""","=""814.051""","=""0.004""","=""25*""","=""3.21e+06""",B,"=""178956.38""","=""191237.24""","=""2s2.5f""","=""2F*""","=""5/2""","=""2s2.9g""","=""2G""","=""7/2""",,"=""T7476""","=""L21568,L22145""",
C,2,"=""814.056""","=""0.004""","=""814.056""","=""0.004""","=""25*""","=""3.32e+06""",B,"=""178956.46""","=""191237.25""","=""2s2.5f""","=""2F*""","=""7/2""","=""2s2.9g""","=""2G""","=""9/2""",,"=""T7476""","=""L21568,L22145""",
C,2,"=""814.056""","=""0.004""","=""814.057""","=""0.004""","=""25*""","=""1.2e+05""",D+,"=""178956.46""","=""191237.24""","=""2s2.5f""","=""2F*""","=""7/2""","=""2s2.9g""","=""2G""","=""7/2""",,"=""T7476""","=""L21568,L22145""",
C,1,"=""""","=""""","=""815.564419""","=""0.000020""","=""""","=""4.e+03""",E,"=""60352.6584""","=""72610.73530""","=""2s2.2p.3s""","=""3P*""","=""1""","=""2s2.2p.3p""","=""1D""","=""2""",,"=""T9787""","=""""",
C,1,"=""""","=""""","=""818.268673""","=""0.000021""","=""""","=""1.5e+03""",E,"=""60393.1693""","=""72610.73530""","=""2s2.2p.3s""","=""3P*""","=""2""","=""2s2.2p.3p""","=""1D""","=""2""",,"=""T9787""","=""""",
C,3,"=""819.648""","=""""","=""""","=""""","=""300w""","=""""",,"=""""","=""""","=""""","=""""","=""""","=""""","=""""","=""""",,"=""""","=""L1113""",
C,2,"=""""","=""""","=""821.535""","=""0.008""","=""m(N I)""","=""2.06e+06""",B,"=""179073.02""","=""[191242.01]""","=""2s2.5g""","=""2G""","=""7/2""","=""2s2.9h""","=""2H*""","=""9/2""",,"=""T7476""","=""L21568,L22145""",
C,2,"=""""","=""""","=""821.540""","=""0.008""","=""m(N I)""","=""4.7e+04""",D+,"=""179073.09""","=""[191242.01]""","=""2s2.5g""","=""2G""","=""9/2""","=""2s2.9h""","=""2H*""","=""9/2""",,"=""T7476""","=""L21568,L22145""",
C,2,"=""""","=""""","=""821.540""","=""0.008""","=""m(N I)""","=""2.10e+06""",B,"=""179073.09""","=""[191242.01]""","=""2s2.5g""","=""2G""","=""9/2""","=""2s2.9h""","=""2H*""","=""11/2""",,"=""T7476""","=""L21568,L22145""",
C,2,"=""""","=""""","=""823.479""","=""0.012""","=""m(Mg II)""","=""2.8e+04""",E,"=""179073.02""","=""191213.28""","=""2s2.5g""","=""2G""","=""7/2""","=""2s2.9f""","=""2F*""","=""5/2""",,"=""T7476""","=""L21568""",
C,2,"=""""","=""""","=""823.479""","=""0.012""","=""m(Mg II)""","=""8.e+02""",E,"=""179073.02""","=""191213.29""","=""2s2.5g""","=""2G""","=""7/2""","=""2s2.9f""","=""2F*""","=""7/2""",,"=""T7476""","=""L21568""",
C,2,"=""""","=""""","=""823.483""","=""0.012""","=""m(Mg II)""","=""2.8e+04""",E,"=""179073.09""","=""191213.29""","=""2s2.5g""","=""2G""","=""9/2""","=""2s2.9f""","=""2F*""","=""7/2""",,"=""T7476""","=""L21568""",
C,3,"=""""","=""""","=""825.527""","=""""","=""""","=""1.69e+04""",B,"=""333387.01""","=""345497.15""","=""1s2.2p.(2P*).3d""","=""3F*""","=""2""","=""1s2.2s.5d""","=""3D""","=""3""",,"=""T5633LS""","=""""",
C,3,"=""""","=""""","=""825.557""","=""""","=""""","=""8.39e+05""",B,"=""333387.01""","=""345496.72""","=""1s2.2p.(2P*).3d""","=""3F*""","=""2""","=""1s2.2s.5d""","=""3D""","=""2""",,"=""T5633LS""","=""""",
C,3,"=""""","=""""","=""825.567""","=""""","=""""","=""7.53e+06""",B,"=""333387.01""","=""345496.57""","=""1s2.2p.(2P*).3d""","=""3F*""","=""2""","=""1s2.2s.5d""","=""3D""","=""1""",,"=""T5633LS""","=""""",
C,3,"=""""","=""""","=""827.204""","=""""","=""""","=""5.96e+05""",B,"=""333411.55""","=""345497.15""","=""1s2.2p.(2P*).3d""","=""3F*""","=""3""","=""1s2.2s.5d""","=""3D""","=""3""",,"=""T5633LS""","=""""",
C,3,"=""""","=""""","=""827.233""","=""""","=""""","=""6.65e+06""",B,"=""333411.55""","=""345496.72""","=""1s2.2p.(2P*).3d""","=""3F*""","=""3""","=""1s2.2s.5d""","=""3D""","=""2""",,"=""T5633LS""","=""""",
C,2,"=""""","=""""","=""828.54""","=""0.03""","=""m(He I)""","=""1.8e+06""",D+,"=""175287.36""","=""187353.4""","=""2s2.5p""","=""2P*""","=""1/2""","=""2s2.7d""","=""2D""","=""3/2""",,"=""T7476""","=""L21568,L22145""",
C,2,"=""829.052""","=""0.018""","=""829.05""","=""0.03""","=""19bl(He I)*""","=""2.11e+06""",B,"=""175294.74""","=""187353.4""","=""2s2.5p""","=""2P*""","=""3/2""","=""2s2.7d""","=""2D""","=""5/2""",,"=""T7476""","=""L21568""",
C,2,"=""829.052""","=""0.018""","=""829.05""","=""0.03""","=""19bl(He I)*""","=""3.5e+05""",D+,"=""175294.74""","=""187353.4""","=""2s2.5p""","=""2P*""","=""3/2""","=""2s2.7d""","=""2D""","=""3/2""",,"=""T7476""","=""L21568""",
C,3,"=""""","=""""","=""829.654""","=""""","=""""","=""6.81e+06""",B,"=""333447.24""","=""345497.15""","=""1s2.2p.(2P*).3d""","=""3F*""","=""4""","=""1s2.2s.5d""","=""3D""","=""3""",,"=""T5633LS""","=""""",
C,3,"=""""","=""""","=""831.704""","=""""","=""""","=""7.61e+06""",B,"=""346712.73""","=""358732.93""","=""1s2.2p.(2P*).3d""","=""1P*""","=""1""","=""1s2.2s.6d""","=""1D""","=""2""",,"=""T5633""","=""""",
C,3,"=""""","=""""","=""832.116""","=""""","=""""","=""1.05e+07""",B,"=""345095.43""","=""357109.68""","=""1s2.2p.(2P*).3p""","=""1S""","=""0""","=""1s2.2s.6p""","=""1P*""","=""1""",,"=""T5633""","=""""",
C,3,"=""833.299""","=""""","=""833.299""","=""""","=""150""","=""2.70e+07""",B,"=""321450.05""","=""333447.24""","=""1s2.2s.4d""","=""3D""","=""3""","=""1s2.2p.(2P*).3d""","=""3F*""","=""4""",,"=""T5633LS""","=""L1113""",
C,1,"=""833.51443""","=""0.00006""","=""833.514471""","=""0.000021""","=""5900000""","=""3.51e+07""",B+,"=""61981.83211""","=""73975.92785""","=""2s2.2p.3s""","=""1P*""","=""1""","=""2s2.2p.3p""","=""1S""","=""0""",,"=""T5520,T6070,T4828,u24""","=""L12175c183""",
C,3,"=""""","=""""","=""834.160""","=""""","=""""","=""2.39e+07""",B,"=""321426.74""","=""333411.55""","=""1s2.2s.4d""","=""3D""","=""2""","=""1s2.2p.(2P*).3d""","=""3F*""","=""3""",,"=""T5633LS""","=""""",
C,3,"=""""","=""""","=""834.795""","=""""","=""""","=""2.26e+07""",B,"=""321411.31""","=""333387.01""","=""1s2.2s.4d""","=""3D""","=""1""","=""1s2.2p.(2P*).3d""","=""3F*""","=""2""",,"=""T5633LS""","=""""",
C,3,"=""""","=""""","=""835.786""","=""""","=""""","=""2.98e+06""",B,"=""321450.05""","=""333411.55""","=""1s2.2s.4d""","=""3D""","=""3""","=""1s2.2p.(2P*).3d""","=""3F*""","=""3""",,"=""T5633LS""","=""""",
C,3,"=""""","=""""","=""835.872""","=""""","=""""","=""4.17e+06""",B,"=""321426.74""","=""333387.01""","=""1s2.2s.4d""","=""3D""","=""2""","=""1s2.2p.(2P*).3d""","=""3F*""","=""2""",,"=""T5633LS""","=""""",
C,3,"=""""","=""""","=""836.796""","=""""","=""""","=""3.16e+04""",B,"=""317796.51""","=""329743.57""","=""1s2.2s.4p""","=""3P*""","=""1""","=""1s2.2p.(2P*).3p""","=""3P""","=""2""",,"=""T5633LS""","=""""",
C,3,"=""""","=""""","=""837.132""","=""""","=""""","=""9.46e+04""",B,"=""317801.30""","=""329743.57""","=""1s2.2s.4p""","=""3P*""","=""2""","=""1s2.2p.(2P*).3p""","=""3P""","=""2""",,"=""T5633LS""","=""""",
C,3,"=""""","=""""","=""837.504""","=""""","=""""","=""1.17e+05""",B,"=""321450.05""","=""333387.01""","=""1s2.2s.4d""","=""3D""","=""3""","=""1s2.2p.(2P*).3d""","=""3F*""","=""2""",,"=""T5633LS""","=""""",
C,4,"=""""","=""""","=""837.922""","=""""","=""""","=""2.12e+07""",A,"=""470775.0""","=""482706.0""","=""1s2.6p""","=""2P*""","=""1/2""","=""1s2.7s""","=""2S""","=""1/2""",,"=""T5118LS""","=""""",
C,4,"=""""","=""""","=""838.196""","=""""","=""""","=""4.23e+07""",A,"=""470778.9""","=""482706.0""","=""1s2.6p""","=""2P*""","=""3/2""","=""1s2.7s""","=""2S""","=""1/2""",,"=""T5118LS""","=""""",
C,3,"=""""","=""""","=""839.244""","=""""","=""""","=""4.17e+04""",B,"=""317794.26""","=""329706.47""","=""1s2.2s.4p""","=""3P*""","=""0""","=""1s2.2p.(2P*).3p""","=""3P""","=""1""",,"=""T5633LS""","=""""",
C,3,"=""""","=""""","=""839.403""","=""""","=""""","=""3.13e+04""",B,"=""317796.51""","=""329706.47""","=""1s2.2s.4p""","=""3P*""","=""1""","=""1s2.2p.(2P*).3p""","=""3P""","=""1""",,"=""T5633LS""","=""""",
C,3,"=""""","=""""","=""839.740""","=""""","=""""","=""5.21e+04""",B,"=""317801.30""","=""329706.47""","=""1s2.2s.4p""","=""3P*""","=""2""","=""1s2.2p.(2P*).3p""","=""3P""","=""1""",,"=""T5633LS""","=""""",
C,3,"=""""","=""""","=""840.892""","=""""","=""""","=""1.25e+05""",B,"=""317796.51""","=""329685.38""","=""1s2.2s.4p""","=""3P*""","=""1""","=""1s2.2p.(2P*).3p""","=""3P""","=""0""",,"=""T5633LS""","=""""",
C,2,"=""841.342""","=""0.010""","=""841.334""","=""0.013""","=""6h*""","=""3.19e+07""",B,"=""219590.79""","=""231473.41""","=""2s.2p.(3P*).4d""","=""4F*""","=""7/2""","=""2s.2p.(3P*).5f""","=""4G""","=""9/2""",,"=""T10528""","=""L1176""",
C,2,"=""841.342""","=""0.010""","=""841.344""","=""0.013""","=""6h*""","=""3.89e+07""",B,"=""219619.86""","=""231502.34""","=""2s.2p.(3P*).4d""","=""4F*""","=""9/2""","=""2s.2p.(3P*).5f""","=""4G""","=""11/2""",,"=""T10528""","=""L1176""",
C,2,"=""841.449""","=""0.010""","=""841.441""","=""0.012""","=""4h*""","=""2.74e+07""",B,"=""219570.20""","=""231451.31""","=""2s.2p.(3P*).4d""","=""4F*""","=""5/2""","=""2s.2p.(3P*).5f""","=""4G""","=""7/2""",,"=""T10528""","=""L1176""",
C,2,"=""841.449""","=""0.010""","=""841.444""","=""0.015""","=""4h*""","=""3.19e+07""",B,"=""219557.50""","=""231438.57""","=""2s.2p.(3P*).4d""","=""4F*""","=""3/2""","=""2s.2p.(3P*).5f""","=""4G""","=""5/2""",,"=""T10528""","=""L1176""",
C,5,"=""""","=""""","=""841.90""","=""0.24""","=""""","=""6.898e+06""",AA,"=""(2839589.7)""","=""(2851464.4)""","=""1s.3s""","=""3S""","=""1""","=""1s.3p""","=""3P*""","=""2""",,"=""T5997LS""","=""""",
C,1,"=""843.0875""","=""0.0014""","=""843.0848""","=""0.0009""","=""7000""","=""""",,"=""75255.29373""","=""87113.239""","=""2s.2p3""","=""3P*""","=""2""","=""2s2.2p.6p""","=""3P""","=""2""",,"=""""","=""L17684""",
C,2,"=""""","=""""","=""843.40""","=""0.04""","=""m(Cl III)""","=""3.81e+06""",C+,"=""219619.86""","=""231473.41""","=""2s.2p.(3P*).4d""","=""4F*""","=""9/2""","=""2s.2p.(3P*).5f""","=""4G""","=""9/2""",,"=""T10528""","=""L21568""",
C,5,"=""""","=""""","=""844.65""","=""0.24""","=""""","=""6.832e+06""",AA,"=""(2839589.7)""","=""(2851425.7)""","=""1s.3s""","=""3S""","=""1""","=""1s.3p""","=""3P*""","=""0""",,"=""T5997LS""","=""""",
C,5,"=""""","=""""","=""844.75""","=""0.24""","=""""","=""6.829e+06""",AA,"=""(2839589.7)""","=""(2851424.3)""","=""1s.3s""","=""3S""","=""1""","=""1s.3p""","=""3P*""","=""1""",,"=""T5997LS""","=""""",
C,3,"=""850.032""","=""""","=""850.032""","=""""","=""300""","=""1.01e+07""",B,"=""247170.26""","=""258931.29""","=""1s2.2s.3s""","=""1S""","=""0""","=""1s2.2s.3p""","=""1P*""","=""1""",,"=""T5633""","=""L1113""",
C,1,"=""851.0445""","=""0.0014""","=""851.0462""","=""0.0012""","=""8600""","=""""",,"=""75255.29373""","=""87002.31""","=""2s.2p3""","=""3P*""","=""2""","=""2s2.2p.6p""","=""3D""","=""3""",,"=""""","=""L17684""",
C,1,"=""853.6261""","=""0.0014""","=""853.6276""","=""0.0011""","=""8300""","=""""",,"=""75254.0017""","=""86965.494""","=""2s.2p3""","=""3P*""","=""1""","=""2s2.2p.6p""","=""3D""","=""2""",,"=""""","=""L17684""",
C,1,"=""857.70""","=""0.03""","=""857.6386""","=""0.0018""","=""9500H""","=""""",,"=""75256.1696""","=""86912.89""","=""2s.2p3""","=""3P*""","=""0""","=""2s2.2p.6p""","=""1P""","=""1""",,"=""""","=""L2138""",
C,3,"=""""","=""""","=""858.208""","=""""","=""""","=""2.08e+06""",C+,"=""358850.02""","=""370499""","=""1s2.2s.6f""","=""3F*""","=""2""","=""1s2.2s.8d""","=""3D""","=""1""",,"=""T5633LS""","=""""",
C,3,"=""""","=""""","=""858.208""","=""""","=""""","=""2.32e+05""",C+,"=""358850.02""","=""370499""","=""1s2.2s.6f""","=""3F*""","=""2""","=""1s2.2s.8d""","=""3D""","=""2""",,"=""T5633LS""","=""""",
C,3,"=""""","=""""","=""858.208""","=""""","=""""","=""4.67e+03""",C,"=""358850.02""","=""370499""","=""1s2.2s.6f""","=""3F*""","=""2""","=""1s2.2s.8d""","=""3D""","=""3""",,"=""T5633LS""","=""""",
C,3,"=""""","=""""","=""858.231""","=""""","=""""","=""1.85e+06""",C+,"=""358850.32""","=""370499""","=""1s2.2s.6f""","=""3F*""","=""3""","=""1s2.2s.8d""","=""3D""","=""2""",,"=""T5633LS""","=""""",
C,3,"=""""","=""""","=""858.231""","=""""","=""""","=""1.66e+05""",C+,"=""358850.32""","=""370499""","=""1s2.2s.6f""","=""3F*""","=""3""","=""1s2.2s.8d""","=""3D""","=""3""",,"=""T5633LS""","=""""",
C,3,"=""""","=""""","=""858.262""","=""""","=""""","=""1.91e+06""",C+,"=""358850.74""","=""370499""","=""1s2.2s.6f""","=""3F*""","=""4""","=""1s2.2s.8d""","=""3D""","=""3""",,"=""T5633LS""","=""""",
C,3,"=""""","=""""","=""865.214""","=""""","=""""","=""1.72e+05""",B,"=""345496.57""","=""357051.23""","=""1s2.2s.5d""","=""3D""","=""1""","=""1s2.2s.6p""","=""3P*""","=""2""",,"=""T5633LS""","=""""",
C,3,"=""""","=""""","=""865.225""","=""""","=""""","=""2.58e+06""",B,"=""345496.72""","=""357051.23""","=""1s2.2s.5d""","=""3D""","=""2""","=""1s2.2s.6p""","=""3P*""","=""2""",,"=""T5633LS""","=""""",
C,3,"=""""","=""""","=""865.257""","=""""","=""""","=""1.45e+07""",B,"=""345497.15""","=""357051.23""","=""1s2.2s.5d""","=""3D""","=""3""","=""1s2.2s.6p""","=""3P*""","=""2""",,"=""T5633LS""","=""""",
C,3,"=""""","=""""","=""865.293""","=""""","=""""","=""4.30e+06""",B,"=""345496.57""","=""357050.17""","=""1s2.2s.5d""","=""3D""","=""1""","=""1s2.2s.6p""","=""3P*""","=""1""",,"=""T5633LS""","=""""",
C,3,"=""""","=""""","=""865.305""","=""""","=""""","=""1.29e+07""",B,"=""345496.72""","=""357050.17""","=""1s2.2s.5d""","=""3D""","=""2""","=""1s2.2s.6p""","=""3P*""","=""1""",,"=""T5633LS""","=""""",
C,3,"=""""","=""""","=""865.353""","=""""","=""""","=""1.72e+07""",B,"=""345496.57""","=""357049.38""","=""1s2.2s.5d""","=""3D""","=""1""","=""1s2.2s.6p""","=""3P*""","=""0""",,"=""T5633LS""","=""""",
C,2,"=""868.2560""","=""0.0020""","=""868.2536""","=""0.0017""","=""29""","=""4.15e+06""",B,"=""157234.05""","=""168748.26""","=""2s2.4s""","=""2S""","=""1/2""","=""2p3""","=""2P*""","=""3/2""",,"=""T5109LS""","=""L1176""",
C,2,"=""869.6710""","=""0.0020""","=""869.6698""","=""0.0017""","=""14""","=""4.12e+06""",B,"=""157234.05""","=""168729.51""","=""2s2.4s""","=""2S""","=""1/2""","=""2p3""","=""2P*""","=""1/2""",,"=""T5109LS""","=""L1176""",
C,1,"=""872.7126""","=""0.0008""","=""872.7131""","=""0.0003""","=""""","=""6.0e-01""",B,"=""10192.657""","=""21648.030""","=""2s2.2p2""","=""1D""","=""2""","=""2s2.2p2""","=""1S""","=""0""",E2,"=""T7851""","=""L12968""",
C,1,"=""875.3116""","=""0.0015""","=""875.30812""","=""0.00005""","=""26000""","=""5.e+05""",D,"=""72610.73530""","=""84032.1471""","=""2s2.2p.3p""","=""1D""","=""2""","=""2s2.2p.4d""","=""1P*""","=""1""",,"=""T5520,T6070""","=""L9405c184""",
C,2,"=""879.38""","=""0.03""","=""879.411""","=""0.010""","=""5H""","=""2.03e+07""",B+,"=""188615.01""","=""199983.13""","=""2s.2p.(3P*).3p""","=""2D""","=""5/2""","=""2s.2p.(3P*).3d""","=""2F*""","=""7/2""",,"=""T9221""","=""L1176""",
C,2,"=""879.99""","=""0.03""","=""880.039""","=""0.009""","=""4H""","=""1.90e+07""",B+,"=""188581.26""","=""199941.27""","=""2s.2p.(3P*).3p""","=""2D""","=""3/2""","=""2s.2p.(3P*).3d""","=""2F*""","=""5/2""",,"=""T2440""","=""L1176""",
C,1,"=""""","=""""","=""881.865261""","=""0.000024""","=""m""","=""""",,"=""72610.73530""","=""83947.2231""","=""2s2.2p.3p""","=""1D""","=""2""","=""2s2.2p.4d""","=""1F*""","=""3""",,"=""""","=""L17684""",
C,2,"=""""","=""""","=""882.662""","=""0.009""","=""""","=""1.41e+06""",B+,"=""188615.01""","=""199941.27""","=""2s.2p.(3P*).3p""","=""2D""","=""5/2""","=""2s.2p.(3P*).3d""","=""2F*""","=""5/2""",,"=""T2440""","=""""",
C,1,"=""887.3390""","=""0.0014""","=""887.3380""","=""0.0004""","=""43000""","=""2.05e+06""",B,"=""72610.73530""","=""83877.305""","=""2s2.2p.3p""","=""1D""","=""2""","=""2s2.2p.5s""","=""1P*""","=""1""",,"=""T5520,T6070""","=""L17684""",
C,2,"=""887.345""","=""0.007""","=""887.340""","=""0.007""","=""21p(C I)*""","=""4.32e+06""",B,"=""178495.29""","=""189761.84""","=""2s2.5d""","=""2D""","=""3/2""","=""2s2.8f""","=""2F*""","=""5/2""",,"=""T7476""","=""L21568,L22145""",
C,2,"=""887.345""","=""0.007""","=""887.358""","=""0.006""","=""21p(C I)*""","=""4.63e+06""",B,"=""178495.54""","=""189761.85""","=""2s2.5d""","=""2D""","=""5/2""","=""2s2.8f""","=""2F*""","=""7/2""",,"=""T7476""","=""L21568,L22145""",
C,2,"=""887.345""","=""0.007""","=""887.359""","=""0.007""","=""21p(C I)*""","=""3.1e+05""",D+,"=""178495.54""","=""189761.84""","=""2s2.5d""","=""2D""","=""5/2""","=""2s2.8f""","=""2F*""","=""5/2""",,"=""T7476""","=""L21568,L22145""",
C,1,"=""889.067""","=""0.003""","=""889.0597""","=""0.0005""","=""20000*""","=""""",,"=""75254.0017""","=""86498.753""","=""2s.2p3""","=""3P*""","=""1""","=""2s2.2p.(2P*<3/2>).5f""","=""2[3/2]""","=""2""",,"=""""","=""L17684""",
C,1,"=""889.067""","=""0.003""","=""889.0779""","=""0.0009""","=""20000*""","=""""",,"=""75254.0017""","=""86498.523""","=""2s.2p3""","=""3P*""","=""1""","=""2s2.2p.(2P*<3/2>).5f""","=""2[3/2]""","=""1""",,"=""""","=""L17684""",
C,1,"=""890.319""","=""0.004""","=""890.32328""","=""0.00019""","=""5100""","=""""",,"=""75254.0017""","=""86482.794""","=""2s.2p3""","=""3P*""","=""1""","=""2s2.2p.(2P*<3/2>).5f""","=""2[5/2]""","=""2""",,"=""""","=""L9405c184""",
C,1,"=""""","=""""","=""890.42573""","=""0.00019""","=""""","=""""",,"=""75255.29373""","=""86482.794""","=""2s.2p3""","=""3P*""","=""2""","=""2s2.2p.(2P*<3/2>).5f""","=""2[5/2]""","=""2""",,"=""""","=""""",
C,1,"=""890.4357""","=""0.0017""","=""890.43535""","=""0.00011""","=""14000""","=""""",,"=""75255.29373""","=""86482.6727""","=""2s.2p3""","=""3P*""","=""2""","=""2s2.2p.(2P*<3/2>).5f""","=""2[5/2]""","=""3""",,"=""""","=""L9405c184""",
C,1,"=""""","=""""","=""891.86177""","=""0.00006""","=""""","=""1.1e+05""",C,"=""72610.73530""","=""83820.1576""","=""2s2.2p.3p""","=""1D""","=""2""","=""2s2.2p.4d""","=""3D*""","=""1""",,"=""T6070""","=""""",
C,3,"=""""","=""""","=""893.165""","=""""","=""""","=""6.74e+06""",B,"=""358732.93""","=""369926""","=""1s2.2s.6d""","=""1D""","=""2""","=""1s2.2s.8p""","=""1P*""","=""1""",,"=""T5633""","=""""",
C,3,"=""""","=""""","=""894.257""","=""""","=""""","=""6.34e+05""",B,"=""369926""","=""381105.4""","=""1s2.2s.8p""","=""1P*""","=""1""","=""1s2.2p.(2P*).4p""","=""1P""","=""1""",,"=""T5633""","=""""",
C,1,"=""896.075""","=""0.003""","=""896.06536""","=""0.00013""","=""22000*""","=""""",,"=""75255.29373""","=""86412.1310""","=""2s.2p3""","=""3P*""","=""2""","=""2s2.2p.(2P*<1/2>).5f""","=""2[5/2]""","=""2""",,"=""""","=""L17684""",
C,1,"=""896.075""","=""0.003""","=""896.07346""","=""0.00011""","=""22000*""","=""""",,"=""75255.29373""","=""86412.0301""","=""2s.2p3""","=""3P*""","=""2""","=""2s2.2p.(2P*<1/2>).5f""","=""2[5/2]""","=""3""",,"=""""","=""L17684""",
C,1,"=""""","=""""","=""897.28249""","=""0.00004""","=""""","=""6.7e+04""",C,"=""72610.73530""","=""83752.4388""","=""2s2.2p.3p""","=""1D""","=""2""","=""2s2.2p.5s""","=""3P*""","=""1""",,"=""T6070""","=""""",
C,2,"=""""","=""""","=""905.130""","=""0.013""","=""""","=""3.8e+05""",C,"=""214772.83""","=""225817.93""","=""2s.2p.(3P*).4p""","=""4D""","=""3/2""","=""2s.2p.(3P*).5s""","=""4P*""","=""5/2""",,"=""T10528""","=""""",
C,1,"=""906.14347""","=""0.00005""","=""906.143478""","=""0.000025""","=""9400000""","=""7.3e+06""",B,"=""60352.6584""","=""71385.40992""","=""2s2.2p.3s""","=""3P*""","=""1""","=""2s2.2p.3p""","=""3P""","=""2""",,"=""T6070n,T4828n,u24""","=""L12175c183""",
C,1,"=""906.24723""","=""0.00005""","=""906.24724""","=""0.00004""","=""7600000""","=""9.5e+06""",B,"=""60333.4476""","=""71364.93596""","=""2s2.2p.3s""","=""3P*""","=""0""","=""2s2.2p.3p""","=""3P""","=""1""",,"=""T6070n,T4828n,u24""","=""L12175c183""",
C,2,"=""""","=""""","=""906.974""","=""0.013""","=""""","=""3.62e+06""",C+,"=""214795.28""","=""225817.93""","=""2s.2p.(3P*).4p""","=""4D""","=""5/2""","=""2s.2p.(3P*).5s""","=""4P*""","=""5/2""",,"=""T10528""","=""""",
C,1,"=""907.82819""","=""0.00006""","=""907.828181""","=""0.000025""","=""5600000""","=""7.1e+06""",B,"=""60352.6584""","=""71364.93596""","=""2s2.2p.3s""","=""3P*""","=""1""","=""2s2.2p.3p""","=""3P""","=""1""",,"=""T6070n,T4828n,u24""","=""L12175c183""",
C,2,"=""""","=""""","=""907.851""","=""0.018""","=""""","=""1.02e+06""",C,"=""214759.76""","=""225771.76""","=""2s.2p.(3P*).4p""","=""4D""","=""1/2""","=""2s.2p.(3P*).5s""","=""4P*""","=""3/2""",,"=""T10528""","=""""",
C,1,"=""908.85097""","=""0.00005""","=""908.850948""","=""0.000025""","=""8200000""","=""3.0e+07""",B,"=""60352.6584""","=""71352.54344""","=""2s2.2p.3s""","=""3P*""","=""1""","=""2s2.2p.3p""","=""3P""","=""0""",,"=""T6070n,T4828n,u24""","=""L12175c183""",
C,2,"=""""","=""""","=""908.930""","=""0.017""","=""""","=""6.70e+06""",C+,"=""214772.83""","=""225771.76""","=""2s.2p.(3P*).4p""","=""4D""","=""3/2""","=""2s.2p.(3P*).5s""","=""4P*""","=""3/2""",,"=""T10528""","=""""",
C,1,"=""909.48303""","=""0.00005""","=""909.483000""","=""0.000025""","=""19000000""","=""2.28e+07""",B,"=""60393.1693""","=""71385.40992""","=""2s2.2p.3s""","=""3P*""","=""2""","=""2s2.2p.3p""","=""3P""","=""2""",,"=""T6070n,T4828n,u24""","=""L12175c183""",
C,2,"=""""","=""""","=""909.79""","=""0.03""","=""""","=""1.08e+07""",C+,"=""214759.76""","=""225748.3""","=""2s.2p.(3P*).4p""","=""4D""","=""1/2""","=""2s.2p.(3P*).5s""","=""4P*""","=""1/2""",,"=""T10528""","=""""",
C,2,"=""""","=""""","=""909.818""","=""0.013""","=""""","=""1.72e+07""",B,"=""214829.74""","=""225817.93""","=""2s.2p.(3P*).4p""","=""4D""","=""7/2""","=""2s.2p.(3P*).5s""","=""4P*""","=""5/2""",,"=""T10528""","=""""",
C,2,"=""""","=""""","=""910.789""","=""0.016""","=""""","=""1.39e+07""",C+,"=""214795.28""","=""225771.76""","=""2s.2p.(3P*).4p""","=""4D""","=""5/2""","=""2s.2p.(3P*).5s""","=""4P*""","=""3/2""",,"=""T10528""","=""""",
C,2,"=""""","=""""","=""910.87""","=""0.03""","=""""","=""1.11e+07""",C+,"=""214772.83""","=""225748.3""","=""2s.2p.(3P*).4p""","=""4D""","=""3/2""","=""2s.2p.(3P*).5s""","=""4P*""","=""1/2""",,"=""T10528""","=""""",
C,1,"=""911.18016""","=""0.00005""","=""911.180155""","=""0.000025""","=""10000000""","=""1.35e+07""",B,"=""60393.1693""","=""71364.93596""","=""2s2.2p.3s""","=""3P*""","=""2""","=""2s2.2p.3p""","=""3P""","=""1""",,"=""T6070n,T4828n,u24""","=""L12175c183""",
C,1,"=""918.287""","=""0.004""","=""918.287188""","=""0.000021""","=""100000bl""","=""2.8e+05""",C,"=""72610.73530""","=""83497.58690""","=""2s2.2p.3p""","=""1D""","=""2""","=""2s2.2p.4d""","=""1D*""","=""2""",,"=""T5520,T6070""","=""L9405c184""",
C,2,"=""922.364""","=""0.003""","=""922.359""","=""0.006""","=""42*""","=""5.05e+06""",B,"=""178956.38""","=""189795.17""","=""2s2.5f""","=""2F*""","=""5/2""","=""2s2.8g""","=""2G""","=""7/2""",,"=""T7476""","=""L21568,L22145""",
C,2,"=""922.364""","=""0.003""","=""922.365""","=""0.006""","=""42*""","=""5.24e+06""",B,"=""178956.46""","=""189795.18""","=""2s2.5f""","=""2F*""","=""7/2""","=""2s2.8g""","=""2G""","=""9/2""",,"=""T7476""","=""L21568,L22145""",
C,2,"=""922.364""","=""0.003""","=""922.366""","=""0.006""","=""42*""","=""1.9e+05""",D+,"=""178956.46""","=""189795.17""","=""2s2.5f""","=""2F*""","=""7/2""","=""2s2.8g""","=""2G""","=""7/2""",,"=""T7476""","=""L21568,L22145""",
C,2,"=""923.00""","=""0.05""","=""922.919""","=""0.012""","=""18wH*""","=""3.80e+07""",B,"=""168124.17""","=""178956.38""","=""2s2.4d""","=""2D""","=""3/2""","=""2s2.5f""","=""2F*""","=""5/2""",,"=""T7476""","=""L1176""",
C,2,"=""923.00""","=""0.05""","=""922.930""","=""0.012""","=""18wH*""","=""4.08e+07""",B+,"=""168124.37""","=""178956.46""","=""2s2.4d""","=""2D""","=""5/2""","=""2s2.5f""","=""2F*""","=""7/2""",,"=""T10276""","=""L1176""",
C,2,"=""923.00""","=""0.05""","=""922.936""","=""0.012""","=""18wH*""","=""2.72e+06""",B,"=""168124.37""","=""178956.38""","=""2s2.4d""","=""2D""","=""5/2""","=""2s2.5f""","=""2F*""","=""5/2""",,"=""T7476""","=""L1176""",
C,2,"=""923.00""","=""0.05""","=""923.104""","=""0.009""","=""18wH*""","=""1.54e+07""",B,"=""162517.90""","=""173347.94""","=""2s2.4p""","=""2P*""","=""1/2""","=""2s2.5s""","=""2S""","=""1/2""",,"=""T5109LS""","=""L1176""",
C,2,"=""923.640""","=""0.020""","=""923.672""","=""0.009""","=""11h""","=""3.10e+07""",B,"=""162524.56""","=""173347.94""","=""2s2.4p""","=""2P*""","=""3/2""","=""2s2.5s""","=""2S""","=""1/2""",,"=""T5109LS""","=""L1176""",
C,2,"=""""","=""""","=""923.834""","=""0.005""","=""""","=""3.34e+06""",B,"=""177793.52""","=""188615.01""","=""2s.2p.(3P*).3s""","=""2P*""","=""3/2""","=""2s.2p.(3P*).3p""","=""2D""","=""5/2""",,"=""T5109LS""","=""""",
C,2,"=""925.096""","=""0.004""","=""925.097""","=""0.003""","=""15""","=""2.77e+06""",B,"=""177774.55""","=""188581.26""","=""2s.2p.(3P*).3s""","=""2P*""","=""1/2""","=""2s.2p.(3P*).3p""","=""2D""","=""3/2""",,"=""T5109LS""","=""L21568""",
C,2,"=""""","=""""","=""926.724""","=""0.005""","=""m(Fe II)""","=""5.52e+05""",B,"=""177793.52""","=""188581.26""","=""2s.2p.(3P*).3s""","=""2P*""","=""3/2""","=""2s.2p.(3P*).3p""","=""2D""","=""3/2""",,"=""T5109LS""","=""L21568""",
C,2,"=""931.809""","=""0.003""","=""931.806""","=""0.003""","=""74*""","=""3.69e+06""",B,"=""179073.02""","=""189801.92""","=""2s2.5g""","=""2G""","=""7/2""","=""2s2.8h""","=""2H*""","=""9/2""",,"=""T7476""","=""L21568,L22145""",
C,2,"=""931.809""","=""0.003""","=""931.812""","=""0.003""","=""74*""","=""8.4e+04""",D+,"=""179073.09""","=""189801.92""","=""2s2.5g""","=""2G""","=""9/2""","=""2s2.8h""","=""2H*""","=""9/2""",,"=""T7476""","=""L21568,L22145""",
C,2,"=""931.809""","=""0.003""","=""931.812""","=""0.003""","=""74*""","=""3.78e+06""",B,"=""179073.09""","=""189801.93""","=""2s2.5g""","=""2G""","=""9/2""","=""2s2.8h""","=""2H*""","=""11/2""",,"=""T7476""","=""L21568,L22145""",
C,3,"=""""","=""""","=""933.101""","=""""","=""""","=""1.05e+07""",B,"=""322404.20""","=""333118.21""","=""1s2.2s.4p""","=""1P*""","=""1""","=""1s2.2p.(2P*).3p""","=""1D""","=""2""",,"=""T5633""","=""""",
C,3,"=""""","=""""","=""935.837""","=""""","=""""","=""1.59e+07""",B,"=""311721.51""","=""322404.20""","=""1s2.2s.4s""","=""1S""","=""0""","=""1s2.2s.4p""","=""1P*""","=""1""",,"=""T5633""","=""""",
C,1,"=""""","=""""","=""939.852""","=""0.004""","=""""","=""1.2e+02""",D,"=""78199.09144""","=""88836.15""","=""2s2.2p.3d""","=""3F*""","=""2""","=""2s2.2p.(2P*<3/2>).8p""","=""2[5/2]""","=""3""",,"=""T5520LS""","=""""",
C,1,"=""940.57281""","=""0.00005""","=""940.57280""","=""0.00003""","=""30000000""","=""2.91e+07""",B+,"=""61981.83211""","=""72610.73530""","=""2s2.2p.3s""","=""1P*""","=""1""","=""2s2.2p.3p""","=""1D""","=""2""",,"=""T5520,T6070,T4828,u24""","=""L12175c183""",
C,3,"=""""","=""""","=""940.914""","=""""","=""""","=""2.99e+07""",B,"=""344232.98""","=""354858.03""","=""1s2.2s.5p""","=""3P*""","=""2""","=""1s2.2s.6s""","=""3S""","=""1""",,"=""T5633LS""","=""""",
C,3,"=""""","=""""","=""941.207""","=""""","=""""","=""1.79e+07""",B,"=""344236.29""","=""354858.03""","=""1s2.2s.5p""","=""3P*""","=""1""","=""1s2.2s.6s""","=""3S""","=""1""",,"=""T5633LS""","=""""",
C,1,"=""""","=""""","=""941.307""","=""0.004""","=""""","=""4.2e+03""",D,"=""78215.54012""","=""88836.15""","=""2s2.2p.3d""","=""3F*""","=""3""","=""2s2.2p.(2P*<3/2>).8p""","=""2[5/2]""","=""3""",,"=""T5520LS""","=""""",
C,1,"=""""","=""""","=""941.330""","=""0.004""","=""""","=""2.8e+05""",D,"=""78340.29782""","=""88960.65""","=""2s2.2p.4s""","=""1P*""","=""1""","=""2s2.2p.(2P*<3/2>).8p""","=""2[1/2]""","=""0""",,"=""T5520""","=""""",
C,3,"=""""","=""""","=""941.419""","=""""","=""""","=""5.98e+06""",B,"=""344238.68""","=""354858.03""","=""1s2.2s.5p""","=""3P*""","=""0""","=""1s2.2s.6s""","=""3S""","=""1""",,"=""T5633LS""","=""""",
C,1,"=""""","=""""","=""943.870""","=""0.004""","=""""","=""5.e+04""",D,"=""78199.09144""","=""88790.86""","=""2s2.2p.3d""","=""3F*""","=""2""","=""2s2.2p.(2P*<1/2>).8p""","=""2[1/2]""","=""1""",,"=""T5520LS""","=""""",
C,1,"=""""","=""""","=""944.0""","=""0.4""","=""""","=""6.e+03""",D,"=""78199.09144""","=""[88789]""","=""2s2.2p.3d""","=""3F*""","=""2""","=""2s2.2p.(2P*<1/2>).8p""","=""2[1/2]""","=""2""",,"=""T5520LS""","=""""",
C,1,"=""""","=""""","=""944.368""","=""0.004""","=""""","=""5.e+04""",D,"=""78249.96676""","=""88836.15""","=""2s2.2p.3d""","=""3F*""","=""4""","=""2s2.2p.(2P*<3/2>).8p""","=""2[5/2]""","=""3""",,"=""T5520LS""","=""""",
C,1,"=""""","=""""","=""945.5""","=""0.4""","=""""","=""4.6e+04""",D,"=""78215.54012""","=""[88789]""","=""2s2.2p.3d""","=""3F*""","=""3""","=""2s2.2p.(2P*<1/2>).8p""","=""2[1/2]""","=""2""",,"=""T5520LS""","=""""",
C,1,"=""""","=""""","=""945.522""","=""0.004""","=""""","=""5.e+04""",D,"=""78340.29782""","=""88913.57""","=""2s2.2p.4s""","=""1P*""","=""1""","=""2s2.2p.(2P*<3/2>).8p""","=""2[5/2]""","=""2""",,"=""T5520""","=""""",
C,3,"=""""","=""""","=""956.553""","=""""","=""""","=""2.25e+07""",B,"=""346658.34""","=""357109.68""","=""1s2.2s.5d""","=""1D""","=""2""","=""1s2.2s.6p""","=""1P*""","=""1""",,"=""T5633""","=""""",
C,2,"=""""","=""""","=""957.081""","=""0.015""","=""""","=""3.70e+06""",B,"=""175287.36""","=""185732.93""","=""2s2.5p""","=""2P*""","=""1/2""","=""2s2.7s""","=""2S""","=""1/2""",,"=""T7476""","=""""",
C,3,"=""""","=""""","=""957.395""","=""""","=""""","=""7.14e+05""",C+,"=""329685.38""","=""340127.53""","=""1s2.2p.(2P*).3p""","=""3P""","=""0""","=""1s2.2p.(2P*).3d""","=""3P*""","=""1""",,"=""T5633LS""","=""""",
C,2,"=""""","=""""","=""957.758""","=""0.015""","=""""","=""7.39e+06""",B,"=""175294.74""","=""185732.93""","=""2s2.5p""","=""2P*""","=""3/2""","=""2s2.7s""","=""2S""","=""1/2""",,"=""T7476""","=""""",
C,3,"=""""","=""""","=""958.018""","=""""","=""""","=""2.14e+06""",C+,"=""329706.47""","=""340141.83""","=""1s2.2p.(2P*).3p""","=""3P""","=""1""","=""1s2.2p.(2P*).3d""","=""3P*""","=""0""",,"=""T5633LS""","=""""",
C,3,"=""""","=""""","=""959.332""","=""""","=""""","=""5.32e+05""",C+,"=""329706.47""","=""340127.53""","=""1s2.2p.(2P*).3p""","=""3P""","=""1""","=""1s2.2p.(2P*).3d""","=""3P*""","=""1""",,"=""T5633LS""","=""""",
C,3,"=""""","=""""","=""959.781""","=""""","=""""","=""3.07e+04""",B,"=""322702.02""","=""333118.21""","=""1s2.2s.4f""","=""1F*""","=""3""","=""1s2.2p.(2P*).3p""","=""1D""","=""2""",,"=""T5633""","=""""",
C,1,"=""960.30309""","=""0.00010""","=""960.30299""","=""0.00005""","=""3500000""","=""3.1e+06""",B,"=""60333.4476""","=""70743.97227""","=""2s2.2p.3s""","=""3P*""","=""0""","=""2s2.2p.3p""","=""3S""","=""1""",,"=""T6070n,T4828n,u24""","=""L12175c183""",
C,3,"=""""","=""""","=""961.703""","=""""","=""""","=""5.28e+05""",C+,"=""329706.47""","=""340101.84""","=""1s2.2p.(2P*).3p""","=""3P""","=""1""","=""1s2.2p.(2P*).3d""","=""3P*""","=""2""",,"=""T5633LS""","=""""",
C,1,"=""962.07826""","=""0.00006""","=""962.07834""","=""0.00003""","=""7500000""","=""8.6e+06""",B,"=""60352.6584""","=""70743.97227""","=""2s2.2p.3s""","=""3P*""","=""1""","=""2s2.2p.3p""","=""3S""","=""1""",,"=""T6070n,T4828n,u24""","=""L12175c183""",
C,3,"=""""","=""""","=""962.760""","=""""","=""""","=""8.78e+05""",C+,"=""329743.57""","=""340127.53""","=""1s2.2p.(2P*).3p""","=""3P""","=""2""","=""1s2.2p.(2P*).3d""","=""3P*""","=""1""",,"=""T5633LS""","=""""",
C,1,"=""""","=""""","=""962.763""","=""0.004""","=""""","=""9.8e+04""",B,"=""78529.64651""","=""88913.57""","=""2s2.2p.3d""","=""1F*""","=""3""","=""2s2.2p.(2P*<3/2>).8p""","=""2[5/2]""","=""2""",,"=""T5520""","=""""",
C,1,"=""""","=""""","=""962.987""","=""0.003""","=""""","=""9.2e+04""",C+,"=""77679.83311""","=""88061.34""","=""2s2.2p.3d""","=""1D*""","=""2""","=""2s2.2p.7p""","=""1P""","=""1""",,"=""T5520""","=""""",
C,3,"=""""","=""""","=""965.147""","=""""","=""""","=""1.57e+06""",C+,"=""329743.57""","=""340101.84""","=""1s2.2p.(2P*).3p""","=""3P""","=""2""","=""1s2.2p.(2P*).3d""","=""3P*""","=""2""",,"=""T5633LS""","=""""",
C,1,"=""965.84377""","=""0.00006""","=""965.84373""","=""0.00003""","=""9600000""","=""1.25e+07""",B,"=""60393.1693""","=""70743.97227""","=""2s2.2p.3s""","=""3P*""","=""2""","=""2s2.2p.3p""","=""3S""","=""1""",,"=""T6070n,T4828n,u24""","=""L12175c183""",
C,3,"=""""","=""""","=""969.648""","=""""","=""""","=""7.53e+05""",C+,"=""323101.36""","=""333411.55""","=""1s2.2p.(2P*).3p""","=""3D""","=""2""","=""1s2.2p.(2P*).3d""","=""3F*""","=""3""",,"=""T5633LS""","=""""",
C,3,"=""""","=""""","=""969.654""","=""""","=""""","=""7.12e+05""",C+,"=""323076.88""","=""333387.01""","=""1s2.2p.(2P*).3p""","=""3D""","=""1""","=""1s2.2p.(2P*).3d""","=""3F*""","=""2""",,"=""T5633LS""","=""""",
C,3,"=""""","=""""","=""969.957""","=""""","=""""","=""8.47e+05""",C+,"=""323140.33""","=""333447.24""","=""1s2.2p.(2P*).3p""","=""3D""","=""3""","=""1s2.2p.(2P*).3d""","=""3F*""","=""4""",,"=""T5633LS""","=""""",
C,3,"=""""","=""""","=""970.110""","=""""","=""""","=""4.40e+06""",B+,"=""259705.55""","=""270010.83""","=""1s2.2s.3p""","=""3P*""","=""0""","=""1s2.2s.3d""","=""3D""","=""1""",,"=""T5633,T2966,LS""","=""""",
C,3,"=""""","=""""","=""970.541""","=""""","=""""","=""5.93e+06""",B+,"=""259711.22""","=""270011.93""","=""1s2.2s.3p""","=""3P*""","=""1""","=""1s2.2s.3d""","=""3D""","=""2""",,"=""T5633,T2966,LS""","=""""",
C,3,"=""""","=""""","=""970.644""","=""""","=""""","=""3.29e+06""",B+,"=""259711.22""","=""270010.83""","=""1s2.2s.3p""","=""3P*""","=""1""","=""1s2.2s.3d""","=""3D""","=""1""",,"=""T5633,T2966,LS""","=""""",
C,3,"=""""","=""""","=""971.509""","=""""","=""""","=""7.88e+06""",B+,"=""259724.30""","=""270014.74""","=""1s2.2s.3p""","=""3P*""","=""2""","=""1s2.2s.3d""","=""3D""","=""3""",,"=""T5633,T2966,LS""","=""""",
C,3,"=""""","=""""","=""971.775""","=""""","=""""","=""1.97e+06""",B+,"=""259724.30""","=""270011.93""","=""1s2.2s.3p""","=""3P*""","=""2""","=""1s2.2s.3d""","=""3D""","=""2""",,"=""T5633,T2966,LS""","=""""",
C,3,"=""""","=""""","=""971.879""","=""""","=""""","=""2.19e+05""",B+,"=""259724.30""","=""270010.83""","=""1s2.2s.3p""","=""3P*""","=""2""","=""1s2.2s.3d""","=""3D""","=""1""",,"=""T5633,T2966,LS""","=""""",
C,3,"=""""","=""""","=""971.962""","=""""","=""""","=""1.31e+05""",C+,"=""323101.36""","=""333387.01""","=""1s2.2p.(2P*).3p""","=""3D""","=""2""","=""1s2.2p.(2P*).3d""","=""3F*""","=""2""",,"=""T5633LS""","=""""",
C,3,"=""""","=""""","=""973.327""","=""""","=""""","=""9.34e+04""",C+,"=""323140.33""","=""333411.55""","=""1s2.2p.(2P*).3p""","=""3D""","=""3""","=""1s2.2p.(2P*).3d""","=""3F*""","=""3""",,"=""T5633LS""","=""""",
C,3,"=""""","=""""","=""975.658""","=""""","=""""","=""3.66e+03""",C,"=""323140.33""","=""333387.01""","=""1s2.2p.(2P*).3p""","=""3D""","=""3""","=""1s2.2p.(2P*).3d""","=""3F*""","=""2""",,"=""T5633LS""","=""""",
C,1,"=""""","=""""","=""980.8295""","=""0.0003""","=""""","=""5.9e-08""",C,"=""0.0000000""","=""10192.657""","=""2s2.2p2""","=""3P""","=""0""","=""2s2.2p2""","=""1D""","=""2""",E2,"=""T7851""","=""""",
C,1,"=""982.431""","=""0.019""","=""982.4118""","=""0.0003""","=""""","=""7.3e-05""",C+,"=""16.4167130""","=""10192.657""","=""2s2.2p2""","=""3P""","=""1""","=""2s2.2p2""","=""1D""","=""2""",M1,"=""T7851""","=""L7803c185""",
C,1,"=""985.034""","=""0.009""","=""985.0250""","=""0.0003""","=""""","=""2.2e-04""",C+,"=""43.4134567""","=""10192.657""","=""2s2.2p2""","=""3P""","=""2""","=""2s2.2p2""","=""1D""","=""2""",M1,"=""T7851""","=""L7803c185""",
C,3,"=""""","=""""","=""985.940""","=""""","=""""","=""2.55e+06""",B,"=""333118.21""","=""343258.03""","=""1s2.2p.(2P*).3p""","=""1D""","=""2""","=""1s2.2s.5p""","=""1P*""","=""1""",,"=""T5633""","=""""",
C,2,"=""""","=""""","=""986.308""","=""0.003""","=""""","=""5.54e+06""",B,"=""186427.37""","=""196563.41""","=""2s.2p.(3P*).3p""","=""4P""","=""1/2""","=""2s.2p.(3P*).3d""","=""4D*""","=""3/2""",,"=""T5109LS""","=""""",
C,2,"=""""","=""""","=""986.840""","=""0.004""","=""""","=""1.11e+07""",B,"=""186427.37""","=""196557.95""","=""2s.2p.(3P*).3p""","=""4P""","=""1/2""","=""2s.2p.(3P*).3d""","=""4D*""","=""1/2""",,"=""T5109LS""","=""""",
C,2,"=""987.086""","=""0.005""","=""987.0804""","=""0.0021""","=""64""","=""9.30e+06""",B,"=""186443.71""","=""196571.82""","=""2s.2p.(3P*).3p""","=""4P""","=""3/2""","=""2s.2p.(3P*).3d""","=""4D*""","=""5/2""",,"=""T5109LS""","=""L1176""",
C,2,"=""""","=""""","=""987.901""","=""0.003""","=""""","=""7.09e+06""",B,"=""186443.71""","=""196563.41""","=""2s.2p.(3P*).3p""","=""4P""","=""3/2""","=""2s.2p.(3P*).3d""","=""4D*""","=""3/2""",,"=""T5109LS""","=""""",
C,2,"=""988.271""","=""0.005""","=""988.2708""","=""0.0023""","=""89""","=""1.33e+07""",B,"=""186466.03""","=""196581.94""","=""2s.2p.(3P*).3p""","=""4P""","=""5/2""","=""2s.2p.(3P*).3d""","=""4D*""","=""7/2""",,"=""T5109LS""","=""L1176""",
C,2,"=""""","=""""","=""988.434""","=""0.004""","=""""","=""2.21e+06""",B,"=""186443.71""","=""196557.95""","=""2s.2p.(3P*).3p""","=""4P""","=""3/2""","=""2s.2p.(3P*).3d""","=""4D*""","=""1/2""",,"=""T5109LS""","=""""",
C,2,"=""""","=""""","=""989.2605""","=""0.0024""","=""""","=""3.97e+06""",B,"=""186466.03""","=""196571.82""","=""2s.2p.(3P*).3p""","=""4P""","=""5/2""","=""2s.2p.(3P*).3d""","=""4D*""","=""5/2""",,"=""T5109LS""","=""""",
C,2,"=""""","=""""","=""990.084""","=""0.003""","=""""","=""6.57e+05""",B,"=""186466.03""","=""196563.41""","=""2s.2p.(3P*).3p""","=""4P""","=""5/2""","=""2s.2p.(3P*).3d""","=""4D*""","=""3/2""",,"=""T5109LS""","=""""",
C,2,"=""990.346""","=""0.005""","=""990.339""","=""0.006""","=""170wh*""","=""6.70e+07""",B+,"=""168978.24""","=""179073.02""","=""2s2.4f""","=""2F*""","=""5/2""","=""2s2.5g""","=""2G""","=""7/2""",,"=""T10276""","=""L1176""",
C,2,"=""990.346""","=""0.005""","=""990.350""","=""0.006""","=""170wh*""","=""6.95e+07""",B+,"=""168978.42""","=""179073.09""","=""2s2.4f""","=""2F*""","=""7/2""","=""2s2.5g""","=""2G""","=""9/2""",,"=""T10276""","=""L1176""",
C,2,"=""990.346""","=""0.005""","=""990.357""","=""0.006""","=""170wh*""","=""2.49e+06""",B,"=""168978.42""","=""179073.02""","=""2s2.4f""","=""2F*""","=""7/2""","=""2s2.5g""","=""2G""","=""7/2""",,"=""T7476""","=""L1176""",
C,1,"=""""","=""""","=""994.13694""","=""0.00006""","=""""","=""2.3e+05""",C,"=""73975.92785""","=""84032.1471""","=""2s2.2p.3p""","=""1S""","=""0""","=""2s2.2p.4d""","=""1P*""","=""1""",,"=""T5520,T6070""","=""""",
C,2,"=""""","=""""","=""994.738""","=""0.015""","=""""","=""1.67e+06""",C+,"=""215767.79""","=""225817.93""","=""2s.2p.(3P*).4p""","=""4S""","=""3/2""","=""2s.2p.(3P*).5s""","=""4P*""","=""5/2""",,"=""T10528""","=""""",
C,2,"=""""","=""""","=""999.329""","=""0.019""","=""""","=""3.20e+06""",C+,"=""215767.79""","=""225771.76""","=""2s.2p.(3P*).4p""","=""4S""","=""3/2""","=""2s.2p.(3P*).5s""","=""4P*""","=""3/2""",,"=""T10528""","=""""",
C,1,"=""""","=""""","=""1000.357""","=""0.003""","=""""","=""4.5e+05""",C,"=""78340.29782""","=""88333.99""","=""2s2.2p.4s""","=""1P*""","=""1""","=""2s2.2p.7p""","=""1S""","=""0""",,"=""T5520""","=""""",
C,2,"=""""","=""""","=""1001.68""","=""0.04""","=""""","=""4.30e+06""",C+,"=""215767.79""","=""225748.3""","=""2s.2p.(3P*).4p""","=""4S""","=""3/2""","=""2s.2p.(3P*).5s""","=""4P*""","=""1/2""",,"=""T10528""","=""""",
C,1,"=""""","=""""","=""1004.78262""","=""0.00004""","=""""","=""7.e+04""",D,"=""75254.0017""","=""85203.6756""","=""2s.2p3""","=""3P*""","=""1""","=""2s2.2p.5p""","=""3P""","=""2""",,"=""T5520LS""","=""""",
C,1,"=""""","=""""","=""1004.91311""","=""0.00003""","=""""","=""2.1e+05""",D,"=""75255.29373""","=""85203.6756""","=""2s.2p3""","=""3P*""","=""2""","=""2s2.2p.5p""","=""3P""","=""2""",,"=""T5520LS""","=""""",
C,1,"=""""","=""""","=""1006.090""","=""0.004""","=""""","=""1.8e+02""",D,"=""78199.09144""","=""88135.84""","=""2s2.2p.3d""","=""3F*""","=""2""","=""2s2.2p.7p""","=""3D""","=""3""",,"=""T5520LS""","=""""",
C,1,"=""""","=""""","=""1006.27019""","=""0.00005""","=""""","=""7.e+04""",D,"=""75254.0017""","=""85188.9670""","=""2s.2p3""","=""3P*""","=""1""","=""2s2.2p.5p""","=""3P""","=""1""",,"=""T5520LS""","=""""",
C,1,"=""""","=""""","=""1006.40107""","=""0.00004""","=""""","=""1.2e+05""",D,"=""75255.29373""","=""85188.9670""","=""2s.2p3""","=""3P*""","=""2""","=""2s2.2p.5p""","=""3P""","=""1""",,"=""T5520LS""","=""""",
C,1,"=""""","=""""","=""1006.48982""","=""0.00005""","=""""","=""9.e+04""",D,"=""75256.1696""","=""85188.9670""","=""2s.2p3""","=""3P*""","=""0""","=""2s2.2p.5p""","=""3P""","=""1""",,"=""T5520LS""","=""""",
C,1,"=""""","=""""","=""1007.758""","=""0.004""","=""""","=""6.e+03""",D,"=""78215.54012""","=""88135.84""","=""2s2.2p.3d""","=""3F*""","=""3""","=""2s2.2p.7p""","=""3D""","=""3""",,"=""T5520LS""","=""""",
C,1,"=""""","=""""","=""1007.780""","=""0.003""","=""""","=""8.9e+04""",C,"=""78340.29782""","=""88260.38""","=""2s2.2p.4s""","=""1P*""","=""1""","=""2s2.2p.7p""","=""1D""","=""2""",,"=""T5520""","=""""",
C,1,"=""""","=""""","=""1008.230""","=""0.003""","=""""","=""2.8e+05""",D,"=""75254.0017""","=""85169.66""","=""2s.2p3""","=""3P*""","=""1""","=""2s2.2p.5p""","=""3P""","=""0""",,"=""T5520LS""","=""""",
C,1,"=""""","=""""","=""1009.3463""","=""0.0018""","=""""","=""1.2e+03""",D,"=""78293.51263""","=""88198.20""","=""2s2.2p.3d""","=""3D*""","=""1""","=""2s2.2p.7p""","=""3P""","=""2""",,"=""T5520LS""","=""""",
C,1,"=""""","=""""","=""1009.6837""","=""0.0005""","=""""","=""1.8e+04""",C,"=""73975.92785""","=""83877.305""","=""2s2.2p.3p""","=""1S""","=""0""","=""2s2.2p.5s""","=""1P*""","=""1""",,"=""T6070""","=""""",
C,1,"=""""","=""""","=""1009.944""","=""0.003""","=""""","=""2.9e+04""",D,"=""78293.51263""","=""88192.34""","=""2s2.2p.3d""","=""3D*""","=""1""","=""2s2.2p.7p""","=""3P""","=""1""",,"=""T5520LS""","=""""",
C,1,"=""""","=""""","=""1010.134""","=""0.003""","=""""","=""9.e+03""",D,"=""78199.09144""","=""88096.06""","=""2s2.2p.3d""","=""3F*""","=""2""","=""2s2.2p.7p""","=""3D""","=""2""",,"=""T5520LS""","=""""",
C,1,"=""""","=""""","=""1010.5481""","=""0.0021""","=""""","=""8.e+04""",D,"=""78199.09144""","=""88092.00""","=""2s2.2p.3d""","=""3F*""","=""2""","=""2s2.2p.7p""","=""3D""","=""1""",,"=""T5520LS""","=""""",
C,1,"=""""","=""""","=""1010.7887""","=""0.0018""","=""""","=""1.8e+04""",D,"=""78307.64625""","=""88198.20""","=""2s2.2p.3d""","=""3D*""","=""2""","=""2s2.2p.7p""","=""3P""","=""2""",,"=""T5520LS""","=""""",
C,1,"=""""","=""""","=""1011.267""","=""0.004""","=""""","=""7.e+04""",D,"=""78249.96676""","=""88135.84""","=""2s2.2p.3d""","=""3F*""","=""4""","=""2s2.2p.7p""","=""3D""","=""3""",,"=""T5520LS""","=""""",
C,1,"=""""","=""""","=""1011.388""","=""0.003""","=""""","=""9.e+04""",D,"=""78307.64625""","=""88192.34""","=""2s2.2p.3d""","=""3D*""","=""2""","=""2s2.2p.7p""","=""3P""","=""1""",,"=""T5520LS""","=""""",
C,1,"=""""","=""""","=""1011.815""","=""0.003""","=""""","=""7.e+04""",D,"=""78215.54012""","=""88096.06""","=""2s2.2p.3d""","=""3F*""","=""3""","=""2s2.2p.7p""","=""3D""","=""2""",,"=""T5520LS""","=""""",
C,1,"=""""","=""""","=""1011.8751""","=""0.0018""","=""""","=""1.0e+05""",D,"=""78318.26602""","=""88198.20""","=""2s2.2p.3d""","=""3D*""","=""3""","=""2s2.2p.7p""","=""3P""","=""2""",,"=""T5520LS""","=""""",
C,1,"=""1012.3860""","=""0.0005""","=""1012.38651""","=""0.00004""","=""1600000""","=""2.0e+07""",C+,"=""68856.35208""","=""78731.2956""","=""2s2.2p.3p""","=""1P""","=""1""","=""2s2.2p.3d""","=""1P*""","=""1""",,"=""T5520,T6070,T4828""","=""L12175c183""",
C,3,"=""""","=""""","=""1012.592""","=""""","=""""","=""6.51e+06""",B,"=""348859.99""","=""358732.93""","=""1s2.2s.5f""","=""1F*""","=""3""","=""1s2.2s.6d""","=""1D""","=""2""",,"=""T5633""","=""""",
C,1,"=""""","=""""","=""1013.261""","=""0.003""","=""""","=""1.2e+05""",D,"=""78293.51263""","=""88159.93""","=""2s2.2p.3d""","=""3D*""","=""1""","=""2s2.2p.7p""","=""3P""","=""0""",,"=""T5520LS""","=""""",
C,2,"=""""","=""""","=""1014.435""","=""0.006""","=""""","=""2.00e+05""",B,"=""188581.26""","=""198436.26""","=""2s.2p.(3P*).3p""","=""2D""","=""3/2""","=""2s.2p.(3P*).3d""","=""2D*""","=""5/2""",,"=""T5109LS""","=""""",
C,2,"=""""","=""""","=""1015.546""","=""0.006""","=""""","=""2.69e+06""",B,"=""188581.26""","=""198425.48""","=""2s.2p.(3P*).3p""","=""2D""","=""3/2""","=""2s.2p.(3P*).3d""","=""2D*""","=""3/2""",,"=""T5109LS""","=""""",
C,1,"=""""","=""""","=""1017.202""","=""0.004""","=""""","=""1.5e+03""",D,"=""78307.64625""","=""88135.84""","=""2s2.2p.3d""","=""3D*""","=""2""","=""2s2.2p.7p""","=""3D""","=""3""",,"=""T5520LS""","=""""",
C,2,"=""""","=""""","=""1017.921""","=""0.006""","=""""","=""2.77e+06""",B,"=""188615.01""","=""198436.26""","=""2s.2p.(3P*).3p""","=""2D""","=""5/2""","=""2s.2p.(3P*).3d""","=""2D*""","=""5/2""",,"=""T5109LS""","=""""",
C,1,"=""""","=""""","=""1018.302""","=""0.004""","=""""","=""1.2e+04""",D,"=""78318.26602""","=""88135.84""","=""2s2.2p.3d""","=""3D*""","=""3""","=""2s2.2p.7p""","=""3D""","=""3""",,"=""T5520LS""","=""""",
C,2,"=""""","=""""","=""1019.040""","=""0.006""","=""""","=""2.95e+05""",B,"=""188615.01""","=""198425.48""","=""2s.2p.(3P*).3p""","=""2D""","=""5/2""","=""2s.2p.(3P*).3d""","=""2D*""","=""3/2""",,"=""T5109LS""","=""""",
C,1,"=""""","=""""","=""1019.863""","=""0.003""","=""""","=""2.0e+03""",D,"=""78293.51263""","=""88096.06""","=""2s2.2p.3d""","=""3D*""","=""1""","=""2s2.2p.7p""","=""3D""","=""2""",,"=""T5520LS""","=""""",
C,1,"=""""","=""""","=""1020.2860""","=""0.0023""","=""""","=""1.0e+04""",D,"=""78293.51263""","=""88092.00""","=""2s2.2p.3d""","=""3D*""","=""1""","=""2s2.2p.7p""","=""3D""","=""1""",,"=""T5520LS""","=""""",
C,1,"=""""","=""""","=""1021.336""","=""0.003""","=""""","=""9.e+03""",D,"=""78307.64625""","=""88096.06""","=""2s2.2p.3d""","=""3D*""","=""2""","=""2s2.2p.7p""","=""3D""","=""2""",,"=""T5520LS""","=""""",
C,1,"=""""","=""""","=""1021.7599""","=""0.0023""","=""""","=""3.3e+03""",D,"=""78307.64625""","=""88092.00""","=""2s2.2p.3d""","=""3D*""","=""2""","=""2s2.2p.7p""","=""3D""","=""1""",,"=""T5520LS""","=""""",
C,1,"=""""","=""""","=""1022.445""","=""0.003""","=""""","=""2.1e+03""",D,"=""78318.26602""","=""88096.06""","=""2s2.2p.3d""","=""3D*""","=""3""","=""2s2.2p.7p""","=""3D""","=""2""",,"=""T5520LS""","=""""",
C,1,"=""""","=""""","=""1022.57952""","=""0.00005""","=""""","=""2.4e+03""",C,"=""73975.92785""","=""83752.4388""","=""2s2.2p.3p""","=""1S""","=""0""","=""2s2.2p.5s""","=""3P*""","=""1""",,"=""T6070""","=""""",
C,4,"=""""","=""""","=""1022.92""","=""""","=""""","=""5.57e+06""",B,"=""482706.0""","=""[492479.3]""","=""1s2.7s""","=""2S""","=""1/2""","=""1s2.8p""","=""2P*""","=""3/2""",,"=""T3127LS""","=""""",
C,4,"=""""","=""""","=""1023.08""","=""""","=""""","=""5.57e+06""",B,"=""482706.0""","=""[492477.7]""","=""1s2.7s""","=""2S""","=""1/2""","=""1s2.8p""","=""2P*""","=""1/2""",,"=""T3127LS""","=""""",
C,2,"=""""","=""""","=""1023.703""","=""0.005""","=""""","=""3.68e+06""",B,"=""168729.51""","=""178495.29""","=""2p3""","=""2P*""","=""1/2""","=""2s2.5d""","=""2D""","=""3/2""",,"=""T5109LS""","=""""",
C,2,"=""""","=""""","=""1025.646""","=""0.007""","=""""","=""4.41e+06""",B,"=""168748.26""","=""178495.54""","=""2p3""","=""2P*""","=""3/2""","=""2s2.5d""","=""2D""","=""5/2""",,"=""T5109LS""","=""""",
C,2,"=""""","=""""","=""1025.672""","=""0.005""","=""""","=""7.32e+05""",B,"=""168748.26""","=""178495.29""","=""2p3""","=""2P*""","=""3/2""","=""2s2.5d""","=""2D""","=""3/2""",,"=""T5109LS""","=""""",
C,1,"=""""","=""""","=""1027.390""","=""0.003""","=""""","=""1.53e+05""",B,"=""78529.64651""","=""88260.38""","=""2s2.2p.3d""","=""1F*""","=""3""","=""2s2.2p.7p""","=""1D""","=""2""",,"=""T5520""","=""""",
C,1,"=""""","=""""","=""1027.49830""","=""0.00021""","=""""","=""1.6e+05""",D,"=""75255.29373""","=""84985.0033""","=""2s.2p3""","=""3P*""","=""2""","=""2s2.2p.5p""","=""3D""","=""3""",,"=""T5520LS""","=""""",
C,1,"=""""","=""""","=""1028.414""","=""0.003""","=""""","=""8.7e+04""",C,"=""78340.29782""","=""88061.34""","=""2s2.2p.4s""","=""1P*""","=""1""","=""2s2.2p.7p""","=""1P""","=""1""",,"=""T5520""","=""""",
C,3,"=""""","=""""","=""1029.157""","=""""","=""""","=""2.80e+06""",B,"=""310006.32""","=""319720.35""","=""1s2.2p.(2P*).3s""","=""1P*""","=""1""","=""1s2.2p.(2P*).3p""","=""1P""","=""1""",,"=""T5633""","=""""",
C,1,"=""""","=""""","=""1031.0271""","=""0.0020""","=""""","=""1.2e+05""",D,"=""75254.0017""","=""84950.41""","=""2s.2p3""","=""3P*""","=""1""","=""2s2.2p.5p""","=""3D""","=""2""",,"=""T5520LS""","=""""",
C,1,"=""""","=""""","=""1031.1645""","=""0.0020""","=""""","=""4.0e+04""",D,"=""75255.29373""","=""84950.41""","=""2s.2p3""","=""3P*""","=""2""","=""2s2.2p.5p""","=""3D""","=""2""",,"=""T5520LS""","=""""",
C,1,"=""""","=""""","=""1032.6297""","=""0.0017""","=""""","=""7.e+04""",D,"=""75254.0017""","=""84935.362""","=""2s.2p3""","=""3P*""","=""1""","=""2s2.2p.5p""","=""3D""","=""1""",,"=""T5520LS""","=""""",
C,1,"=""""","=""""","=""1032.7675""","=""0.0017""","=""""","=""4.4e+03""",D,"=""75255.29373""","=""84935.362""","=""2s.2p3""","=""3P*""","=""2""","=""2s2.2p.5p""","=""3D""","=""1""",,"=""T5520LS""","=""""",
C,1,"=""""","=""""","=""1032.8610""","=""0.0017""","=""""","=""9.e+04""",D,"=""75256.1696""","=""84935.362""","=""2s.2p3""","=""3P*""","=""0""","=""2s2.2p.5p""","=""3D""","=""1""",,"=""T5520LS""","=""""",
C,2,"=""""","=""""","=""1033.912""","=""0.012""","=""""","=""3.07e+04""",B,"=""168124.17""","=""177793.52""","=""2s2.4d""","=""2D""","=""3/2""","=""2s.2p.(3P*).3s""","=""2P*""","=""3/2""",,"=""T5109LS""","=""""",
C,2,"=""""","=""""","=""1033.934""","=""0.012""","=""""","=""2.76e+05""",B,"=""168124.37""","=""177793.52""","=""2s2.4d""","=""2D""","=""5/2""","=""2s.2p.(3P*).3s""","=""2P*""","=""3/2""",,"=""T5109LS""","=""""",
C,2,"=""""","=""""","=""1035.945""","=""0.013""","=""""","=""3.05e+05""",B,"=""168124.17""","=""177774.55""","=""2s2.4d""","=""2D""","=""3/2""","=""2s.2p.(3P*).3s""","=""2P*""","=""1/2""",,"=""T5109LS""","=""""",
C,2,"=""""","=""""","=""1036.503""","=""0.019""","=""""","=""6.3e+04""",D+,"=""173347.94""","=""182993.12""","=""2s2.5s""","=""2S""","=""1/2""","=""2s2.6p""","=""2P*""","=""3/2""",,"=""T7476""","=""""",
C,2,"=""""","=""""","=""1036.526""","=""0.023""","=""""","=""5.9e+04""",D+,"=""173347.94""","=""182992.91""","=""2s2.5s""","=""2S""","=""1/2""","=""2s2.6p""","=""2P*""","=""1/2""",,"=""T7476""","=""""",
C,1,"=""""","=""""","=""1038.21092""","=""0.00003""","=""""","=""6.6e+03""",C,"=""69689.49393""","=""79318.8093""","=""2s2.2p.3p""","=""3D""","=""1""","=""2s2.2p.3d""","=""3P*""","=""1""",,"=""T6070""","=""""",
C,1,"=""""","=""""","=""1040.50098""","=""0.00003""","=""""","=""1.1e+04""",C,"=""69710.68728""","=""79318.8093""","=""2s2.2p.3p""","=""3D""","=""2""","=""2s2.2p.3d""","=""3P*""","=""1""",,"=""T6070""","=""""",
C,1,"=""""","=""""","=""1041.361669""","=""0.000021""","=""""","=""7.4e+03""",C,"=""69710.68728""","=""79310.86822""","=""2s2.2p.3p""","=""3D""","=""2""","=""2s2.2p.3d""","=""3P*""","=""2""",,"=""T6070""","=""""",
C,1,"=""1044.991""","=""0.005""","=""1044.993491""","=""0.000017""","=""36000bl""","=""2.1e+04""",C,"=""69744.05213""","=""79310.86822""","=""2s2.2p.3p""","=""3D""","=""3""","=""2s2.2p.3d""","=""3P*""","=""2""",,"=""T6070""","=""L9405c184""",
C,1,"=""""","=""""","=""1048.1021""","=""0.0007""","=""""","=""5.5e+04""",B,"=""77679.83311""","=""87218.275""","=""2s2.2p.3d""","=""1D*""","=""2""","=""2s2.2p.6p""","=""1D""","=""2""",,"=""T5520""","=""""",
C,1,"=""""","=""""","=""1049.550""","=""0.004""","=""""","=""1.6e+04""",D,"=""79310.86822""","=""88836.15""","=""2s2.2p.3d""","=""3P*""","=""2""","=""2s2.2p.(2P*<3/2>).8p""","=""2[5/2]""","=""3""",,"=""T5520LS""","=""""",
C,2,"=""""","=""""","=""1050.430""","=""0.009""","=""""","=""7.3e+04""",D+,"=""168978.24""","=""178495.54""","=""2s2.4f""","=""2F*""","=""5/2""","=""2s2.5d""","=""2D""","=""5/2""",,"=""T10276""","=""""",
C,2,"=""""","=""""","=""1050.450""","=""0.009""","=""""","=""1.48e+06""",B,"=""168978.42""","=""178495.54""","=""2s2.4f""","=""2F*""","=""7/2""","=""2s2.5d""","=""2D""","=""5/2""",,"=""T7476""","=""""",
C,2,"=""""","=""""","=""1050.458""","=""0.007""","=""""","=""1.55e+06""",B,"=""168978.24""","=""178495.29""","=""2s2.4f""","=""2F*""","=""5/2""","=""2s2.5d""","=""2D""","=""3/2""",,"=""T7476""","=""""",
C,3,"=""""","=""""","=""1054.117""","=""""","=""""","=""3.99e+05""",B,"=""317794.26""","=""327278.27""","=""1s2.2s.4p""","=""3P*""","=""0""","=""1s2.2p.(2P*).3p""","=""3S""","=""1""",,"=""T5633LS""","=""""",
C,1,"=""1054.121""","=""0.005""","=""1054.12463""","=""0.00003""","=""760000bl""","=""8.e+05""",D,"=""68856.35208""","=""78340.29782""","=""2s2.2p.3p""","=""1P""","=""1""","=""2s2.2p.4s""","=""1P*""","=""1""",,"=""T5520,T6070,T4828""","=""L9405c184""",
C,3,"=""""","=""""","=""1054.368""","=""""","=""""","=""1.20e+06""",B,"=""317796.51""","=""327278.27""","=""1s2.2s.4p""","=""3P*""","=""1""","=""1s2.2p.(2P*).3p""","=""3S""","=""1""",,"=""T5633LS""","=""""",
C,1,"=""""","=""""","=""1054.564""","=""0.004""","=""""","=""4.4e+02""",D,"=""79310.86822""","=""88790.86""","=""2s2.2p.3d""","=""3P*""","=""2""","=""2s2.2p.(2P*<1/2>).8p""","=""2[1/2]""","=""1""",,"=""T5520LS""","=""""",
C,1,"=""""","=""""","=""1054.8""","=""0.6""","=""""","=""3.9e+03""",D,"=""79310.86822""","=""[88789]""","=""2s2.2p.3d""","=""3P*""","=""2""","=""2s2.2p.(2P*<1/2>).8p""","=""2[1/2]""","=""2""",,"=""T5520LS""","=""""",
C,3,"=""""","=""""","=""1054.901""","=""""","=""""","=""1.99e+06""",B,"=""317801.30""","=""327278.27""","=""1s2.2s.4p""","=""3P*""","=""2""","=""1s2.2p.(2P*).3p""","=""3S""","=""1""",,"=""T5633LS""","=""""",
C,1,"=""""","=""""","=""1055.448""","=""0.004""","=""""","=""7.e+03""",D,"=""79318.8093""","=""88790.86""","=""2s2.2p.3d""","=""3P*""","=""1""","=""2s2.2p.(2P*<1/2>).8p""","=""2[1/2]""","=""1""",,"=""T5520LS""","=""""",
C,1,"=""""","=""""","=""1055.7""","=""0.6""","=""""","=""1.2e+04""",D,"=""79318.8093""","=""[88789]""","=""2s2.2p.3d""","=""3P*""","=""1""","=""2s2.2p.(2P*<1/2>).8p""","=""2[1/2]""","=""2""",,"=""T5520LS""","=""""",
C,1,"=""""","=""""","=""1055.937""","=""0.004""","=""""","=""9.e+03""",D,"=""79323.1883""","=""88790.86""","=""2s2.2p.3d""","=""3P*""","=""0""","=""2s2.2p.(2P*<1/2>).8p""","=""2[1/2]""","=""1""",,"=""T5520LS""","=""""",
C,1,"=""""","=""""","=""1057.76634""","=""0.00003""","=""""","=""4.9e+03""",C,"=""68856.35208""","=""78307.64625""","=""2s2.2p.3p""","=""1P""","=""1""","=""2s2.2p.3d""","=""3D*""","=""2""",,"=""T6070""","=""""",
C,2,"=""""","=""""","=""1059.219""","=""0.018""","=""""","=""7.56e+06""",C+,"=""216379.60""","=""225817.93""","=""2s.2p.(3P*).4p""","=""4P""","=""3/2""","=""2s.2p.(3P*).5s""","=""4P*""","=""5/2""",,"=""T10528""","=""""",
C,1,"=""""","=""""","=""1059.35052""","=""0.00005""","=""""","=""7.2e+03""",C,"=""68856.35208""","=""78293.51263""","=""2s2.2p.3p""","=""1P""","=""1""","=""2s2.2p.3d""","=""3D*""","=""1""",,"=""T6070""","=""""",
C,2,"=""""","=""""","=""1061.578""","=""0.018""","=""""","=""1.57e+07""",B,"=""216400.57""","=""225817.93""","=""2s.2p.(3P*).4p""","=""4P""","=""5/2""","=""2s.2p.(3P*).5s""","=""4P*""","=""5/2""",,"=""T10528""","=""""",
C,2,"=""""","=""""","=""1062.517""","=""0.023""","=""""","=""9.23e+06""",C+,"=""216362.72""","=""225771.76""","=""2s.2p.(3P*).4p""","=""4P""","=""1/2""","=""2s.2p.(3P*).5s""","=""4P*""","=""3/2""",,"=""T10528""","=""""",
C,1,"=""""","=""""","=""1063.13376""","=""0.00005""","=""""","=""4.e+01""",E,"=""61981.83211""","=""71385.40992""","=""2s2.2p.3s""","=""1P*""","=""1""","=""2s2.2p.3p""","=""3P""","=""2""",,"=""u24""","=""""",
C,2,"=""""","=""""","=""1064.426""","=""0.023""","=""""","=""2.41e+06""",C+,"=""216379.60""","=""225771.76""","=""2s.2p.(3P*).4p""","=""4P""","=""3/2""","=""2s.2p.(3P*).5s""","=""4P*""","=""3/2""",,"=""T10528""","=""""",
C,2,"=""""","=""""","=""1065.17""","=""0.05""","=""""","=""3.58e+06""",C+,"=""216362.72""","=""225748.3""","=""2s.2p.(3P*).4p""","=""4P""","=""1/2""","=""2s.2p.(3P*).5s""","=""4P*""","=""1/2""",,"=""T10528""","=""""",
C,1,"=""""","=""""","=""1065.45353""","=""0.00005""","=""""","=""4.e+03""",E,"=""61981.83211""","=""71364.93596""","=""2s2.2p.3s""","=""1P*""","=""1""","=""2s2.2p.3p""","=""3P""","=""1""",,"=""T9787""","=""""",
C,2,"=""""","=""""","=""1066.808""","=""0.023""","=""""","=""9.54e+06""",C+,"=""216400.57""","=""225771.76""","=""2s.2p.(3P*).4p""","=""4P""","=""5/2""","=""2s.2p.(3P*).5s""","=""4P*""","=""3/2""",,"=""T10528""","=""""",
C,1,"=""""","=""""","=""1066.86256""","=""0.00005""","=""""","=""2.6e+03""",E,"=""61981.83211""","=""71352.54344""","=""2s2.2p.3s""","=""1P*""","=""1""","=""2s2.2p.3p""","=""3P""","=""0""",,"=""T9787""","=""""",
C,2,"=""""","=""""","=""1067.09""","=""0.05""","=""""","=""1.62e+07""",C+,"=""216379.60""","=""225748.3""","=""2s.2p.(3P*).4p""","=""4P""","=""3/2""","=""2s.2p.(3P*).5s""","=""4P*""","=""1/2""",,"=""T10528""","=""""",
C,1,"=""1068.30836""","=""0.00007""","=""1068.30843""","=""0.00003""","=""34000000""","=""1.40e+07""",B,"=""60352.6584""","=""69710.68728""","=""2s2.2p.3s""","=""3P*""","=""1""","=""2s2.2p.3p""","=""3D""","=""2""",,"=""T6070n,T4828n,u24""","=""L12175c183""",
C,1,"=""1068.53478""","=""0.00010""","=""1068.53481""","=""0.00006""","=""15000000""","=""1.04e+07""",B,"=""60333.4476""","=""69689.49393""","=""2s2.2p.3s""","=""3P*""","=""0""","=""2s2.2p.3p""","=""3D""","=""1""",,"=""T6070n,T4828n,u24""","=""L12175c183""",
C,1,"=""1069.12492""","=""0.00007""","=""1069.12485""","=""0.00003""","=""46000000""","=""1.84e+07""",B,"=""60393.1693""","=""69744.05213""","=""2s2.2p.3s""","=""3P*""","=""2""","=""2s2.2p.3p""","=""3D""","=""3""",,"=""T6070n,T4828n,u24""","=""L12175c183""",
C,1,"=""1070.73353""","=""0.00015""","=""1070.73335""","=""0.00003""","=""14000000""","=""7.5e+06""",B,"=""60352.6584""","=""69689.49393""","=""2s2.2p.3s""","=""3P*""","=""1""","=""2s2.2p.3p""","=""3D""","=""1""",,"=""T6070n,T4828n,u24""","=""L12175c183""",
C,1,"=""1072.95329""","=""0.00016""","=""1072.95326""","=""0.00003""","=""13000000""","=""4.4e+06""",B,"=""60393.1693""","=""69710.68728""","=""2s2.2p.3s""","=""3P*""","=""2""","=""2s2.2p.3p""","=""3D""","=""2""",,"=""T6070n,T4828n,u24""","=""L12175c183""",
C,1,"=""1075.398""","=""0.005""","=""1075.39934""","=""0.00004""","=""3900000bl""","=""4.8e+05""",B,"=""60393.1693""","=""69689.49393""","=""2s2.2p.3s""","=""3P*""","=""2""","=""2s2.2p.3p""","=""3D""","=""1""",,"=""T6070n,T4828n,u24""","=""L9405c184""",
C,1,"=""""","=""""","=""1075.92808""","=""0.00005""","=""""","=""5.5e+03""",C,"=""68856.35208""","=""78148.10824""","=""2s2.2p.3p""","=""1P""","=""1""","=""2s2.2p.4s""","=""3P*""","=""2""",,"=""T6070""","=""""",
C,1,"=""""","=""""","=""1079.56875""","=""0.00005""","=""""","=""7.2e+04""",C,"=""68856.35208""","=""78116.77336""","=""2s2.2p.3p""","=""1P""","=""1""","=""2s2.2p.4s""","=""3P*""","=""1""",,"=""T6070""","=""""",
C,1,"=""""","=""""","=""1082.768""","=""0.003""","=""""","=""1.56e+05""",B,"=""77679.83311""","=""86912.89""","=""2s2.2p.3d""","=""1D*""","=""2""","=""2s2.2p.6p""","=""1P""","=""1""",,"=""T5520""","=""""",
C,2,"=""""","=""""","=""1093.004""","=""0.022""","=""""","=""6.54e+06""",B,"=""178495.29""","=""187641.88""","=""2s2.5d""","=""2D""","=""3/2""","=""2s2.7f""","=""2F*""","=""5/2""",,"=""T7476""","=""""",
C,2,"=""""","=""""","=""1093.032""","=""0.022""","=""""","=""7.01e+06""",B,"=""178495.54""","=""187641.90""","=""2s2.5d""","=""2D""","=""5/2""","=""2s2.7f""","=""2F*""","=""7/2""",,"=""T7476""","=""""",
C,2,"=""""","=""""","=""1093.034""","=""0.022""","=""""","=""4.5e+05""",C,"=""178495.54""","=""187641.88""","=""2s2.5d""","=""2D""","=""5/2""","=""2s2.7f""","=""2F*""","=""5/2""",,"=""T10276""","=""""",
C,1,"=""""","=""""","=""1105.67146""","=""0.00004""","=""""","=""7.1e+04""",C,"=""69689.49393""","=""78731.2956""","=""2s2.2p.3p""","=""3D""","=""1""","=""2s2.2p.3d""","=""1P*""","=""1""",,"=""T6070""","=""""",
