element,sp_num,obs_wl_air(nm),ritz_wl_air(nm),unc_ritz_wl,intens,Aki(s^-1),Acc,Ei(cm-1),Ek(cm-1),conf_i,term_i,J_i,conf_k,term_k,J_k,Type,tp_ref,line_ref,
O,2,"=""290.0267""","=""290.0265""","=""""","=""7""","=""""",,"=""231530.246""","=""265999.75""","=""2s2.2p2.(3P).3d""","=""4F""","=""9/2""","=""2s2.2p2.(3P).5f F""","=""2[4]*""","=""9/2""",,"=""""","=""L10621""",
O,2,"=""""","=""290.0891""","=""""","=""""","=""""",,"=""231530.246""","=""265992.31""","=""2s2.2p2.(3P).3d""","=""4F""","=""9/2""","=""2s2.2p2.(3P).5f F""","=""2[3]*""","=""7/2""",,"=""""","=""L11267""",
O,2,"=""290.4245""","=""290.4238""","=""""","=""8""","=""""",,"=""231296.126""","=""265718.48""","=""2s2.2p2.(3P).3d""","=""4F""","=""3/2""","=""2s2.2p2.(3P).5f G""","=""2[3]*""","=""5/2""",,"=""""","=""L10621""",
O,4,"=""""","=""290.469""","=""""","=""""","=""3.67e+05""",B,"=""547326""","=""581743""","=""2s.2p.(1P*).3p""","=""2D""","=""3/2""","=""2s.2p.(1P*).3d""","=""2P*""","=""3/2""",,"=""T5109LS""","=""""",
O,2,"=""290.5010""","=""290.5004""","=""""","=""8""","=""""",,"=""231350.087""","=""265763.36""","=""2s2.2p2.(3P).3d""","=""4F""","=""5/2""","=""2s2.2p2.(3P).5f G""","=""2[4]*""","=""7/2""",,"=""""","=""L10621""",
O,2,"=""""","=""290.6120""","=""""","=""""","=""""",,"=""231530.246""","=""265930.31""","=""2s2.2p2.(3P).3d""","=""4F""","=""9/2""","=""2s2.2p2.(3P).5f G""","=""2[5]*""","=""9/2""",,"=""""","=""L11267""",
O,4,"=""""","=""290.655""","=""""","=""""","=""3.66e+06""",B,"=""547326""","=""581721""","=""2s.2p.(1P*).3p""","=""2D""","=""3/2""","=""2s.2p.(1P*).3d""","=""2P*""","=""1/2""",,"=""T5109LS""","=""""",
O,2,"=""290.6553""","=""290.6553""","=""""","=""13""","=""""",,"=""231530.246""","=""265925.19""","=""2s2.2p2.(3P).3d""","=""4F""","=""9/2""","=""2s2.2p2.(3P).5f G""","=""2[5]*""","=""11/2""",,"=""""","=""L10621""",
O,4,"=""""","=""290.714""","=""""","=""""","=""3.29e+06""",B,"=""547355""","=""581743""","=""2s.2p.(1P*).3p""","=""2D""","=""5/2""","=""2s.2p.(1P*).3d""","=""2P*""","=""3/2""",,"=""T5109LS""","=""""",
O,2,"=""290.8643""","=""290.8637""","=""""","=""6""","=""""",,"=""231350.087""","=""265720.38""","=""2s2.2p2.(3P).3d""","=""4F""","=""5/2""","=""2s2.2p2.(3P).5f G""","=""2[3]*""","=""7/2""",,"=""""","=""L10621""",
O,2,"=""290.8781""","=""290.8798""","=""""","=""3""","=""""",,"=""231350.087""","=""265718.48""","=""2s2.2p2.(3P).3d""","=""4F""","=""5/2""","=""2s2.2p2.(3P).5f G""","=""2[3]*""","=""5/2""",,"=""""","=""L10621""",
O,2,"=""291.1130""","=""291.1121""","=""""","=""8""","=""""",,"=""231296.126""","=""265637.10""","=""2s2.2p2.(3P).3d""","=""4F""","=""3/2""","=""2s2.2p2.(3P).5f D""","=""2[3]*""","=""5/2""",,"=""""","=""L10621""",
O,2,"=""""","=""291.1594""","=""""","=""""","=""""",,"=""231427.970""","=""265763.36""","=""2s2.2p2.(3P).3d""","=""4F""","=""7/2""","=""2s2.2p2.(3P).5f G""","=""2[4]*""","=""7/2""",,"=""""","=""L11267""",
O,2,"=""291.1769""","=""291.1770""","=""""","=""11""","=""""",,"=""231427.970""","=""265761.29""","=""2s2.2p2.(3P).3d""","=""4F""","=""7/2""","=""2s2.2p2.(3P).5f G""","=""2[4]*""","=""9/2""",,"=""""","=""L10621""",
O,2,"=""291.5243""","=""291.5244""","=""""","=""2""","=""""",,"=""231427.970""","=""265720.38""","=""2s2.2p2.(3P).3d""","=""4F""","=""7/2""","=""2s2.2p2.(3P).5f G""","=""2[3]*""","=""7/2""",,"=""""","=""L10621""",
O,2,"=""291.5578""","=""291.5576""","=""""","=""8""","=""""",,"=""231350.087""","=""265638.59""","=""2s2.2p2.(3P).3d""","=""4F""","=""5/2""","=""2s2.2p2.(3P).5f D""","=""2[3]*""","=""7/2""",,"=""""","=""L10621""",
O,2,"=""""","=""291.5702""","=""""","=""""","=""""",,"=""231350.087""","=""265637.10""","=""2s2.2p2.(3P).3d""","=""4F""","=""5/2""","=""2s2.2p2.(3P).5f D""","=""2[3]*""","=""5/2""",,"=""""","=""L11267""",
O,4,"=""""","=""291.631""","=""""","=""""","=""1.06e+08""",B,"=""467229.3""","=""501509.2""","=""2s.2p.(3P*).3p""","=""2P""","=""1/2""","=""2s.2p.(3P*).3d""","=""2D*""","=""3/2""",,"=""T5109LS""","=""""",
O,2,"=""""","=""292.0470""","=""""","=""""","=""""",,"=""231530.246""","=""265761.29""","=""2s2.2p2.(3P).3d""","=""4F""","=""9/2""","=""2s2.2p2.(3P).5f G""","=""2[4]*""","=""9/2""",,"=""""","=""L11267""",
O,4,"=""292.145""","=""292.146""","=""""","=""160""","=""1.27e+08""",B,"=""467344.9""","=""501564.4""","=""2s.2p.(3P*).3p""","=""2P""","=""3/2""","=""2s.2p.(3P*).3d""","=""2D*""","=""5/2""",,"=""T5109LS""","=""L648""",
O,4,"=""""","=""292.588""","=""""","=""""","=""6.28e+04""",C,"=""513187.2""","=""547355""","=""2s2.4f""","=""2F*""","=""5/2""","=""2s.2p.(1P*).3p""","=""2D""","=""5/2""",,"=""T5109LS""","=""""",
O,4,"=""""","=""292.618""","=""""","=""""","=""2.11e+07""",B,"=""467344.9""","=""501509.2""","=""2s.2p.(3P*).3p""","=""2P""","=""3/2""","=""2s.2p.(3P*).3d""","=""2D*""","=""3/2""",,"=""T5109LS""","=""""",
O,4,"=""""","=""292.683""","=""""","=""""","=""1.26e+06""",C+,"=""513198.3""","=""547355""","=""2s2.4f""","=""2F*""","=""7/2""","=""2s.2p.(1P*).3p""","=""2D""","=""5/2""",,"=""T5109LS""","=""""",
O,4,"=""""","=""292.836""","=""""","=""""","=""1.32e+06""",C+,"=""513187.2""","=""547326""","=""2s2.4f""","=""2F*""","=""5/2""","=""2s.2p.(1P*).3p""","=""2D""","=""3/2""",,"=""T5109LS""","=""""",
O,5,"=""294.133""","=""""","=""""","=""200""","=""""",,"=""""","=""""","=""""","=""""","=""""","=""""","=""""","=""""",,"=""""","=""L552""",
O,5,"=""294.165""","=""""","=""""","=""210""","=""""",,"=""""","=""""","=""""","=""""","=""""","=""""","=""""","=""""",,"=""""","=""L552""",
O,4,"=""""","=""295.772""","=""""","=""""","=""2.38e+07""",B,"=""596295""","=""630095""","=""2s.2p.(3P*).4d""","=""2F*""","=""5/2""","=""2p2.(3P).3d""","=""2F""","=""5/2""",,"=""T5109LS""","=""""",
O,4,"=""""","=""295.772""","=""""","=""""","=""8.94e+05""",B,"=""596295""","=""630095""","=""2s.2p.(3P*).4d""","=""2F*""","=""5/2""","=""2p2.(3P).3d""","=""2F""","=""7/2""",,"=""T5109LS""","=""""",
O,1,"=""""","=""295.83650""","=""""","=""""","=""2.42e-04""",C+,"=""0.000""","=""33792.583""","=""2s2.2p4""","=""3P""","=""2""","=""2s2.2p4""","=""1S""","=""0""",E2,"=""T4539,T5081""","=""""",
O,3,"=""295.968""","=""295.9695""","=""""","=""80""","=""1.83e+08""",B,"=""290958.25""","=""324735.65""","=""2s2.2p.(2P*).3p""","=""1P""","=""1""","=""2s2.2p.(2P*).3d""","=""1D*""","=""2""",,"=""T5376,T5791""","=""L3492""",
O,2,"=""296.4169""","=""296.4182""","=""""","=""3""","=""""",,"=""212593.82""","=""246320.086""","=""2s.2p4""","=""2P""","=""3/2""","=""2s2.2p2.(3P).4p""","=""4P*""","=""1/2""",,"=""""","=""L10621""",
O,2,"=""296.6098""","=""296.6088""","=""""","=""4""","=""""",,"=""248515.30""","=""282219.90""","=""2s2.2p2.(3P).4p""","=""2P*""","=""3/2""","=""2s2.2p2.(1S).4s""","=""2S""","=""1/2""",,"=""""","=""L10621""",
O,1,"=""297.229""","=""297.22861""","=""""","=""265""","=""7.54e-02""",B+,"=""158.265""","=""33792.583""","=""2s2.2p4""","=""3P""","=""1""","=""2s2.2p4""","=""1S""","=""0""",M1,"=""T4539,T5081""","=""L3760""",
O,2,"=""297.2769""","=""297.2745""","=""""","=""4""","=""""",,"=""232959.210""","=""266588.33""","=""2s2.2p2.(3P).3d""","=""2F""","=""7/2""","=""2s2.2p2.(1D).4p""","=""2F*""","=""7/2""",,"=""""","=""L10621""",
O,4,"=""""","=""297.355""","=""""","=""""","=""2.38e+07""",B,"=""596475""","=""630095""","=""2s.2p.(3P*).4d""","=""2F*""","=""7/2""","=""2p2.(3P).3d""","=""2F""","=""7/2""",,"=""T5109LS""","=""""",
O,4,"=""""","=""297.355""","=""""","=""""","=""1.17e+06""",B,"=""596475""","=""630095""","=""2s.2p.(3P*).4d""","=""2F*""","=""7/2""","=""2p2.(3P).3d""","=""2F""","=""5/2""",,"=""T5109LS""","=""""",
O,2,"=""297.9049""","=""297.9061""","=""""","=""5""","=""""",,"=""212762.25""","=""246320.086""","=""2s.2p4""","=""2P""","=""1/2""","=""2s2.2p2.(3P).4p""","=""4P*""","=""1/2""",,"=""""","=""L10621""",
O,2,"=""298.0449""","=""298.0451""","=""""","=""3""","=""""",,"=""232462.724""","=""266004.90""","=""2s2.2p2.(3P).3d""","=""4P""","=""5/2""","=""2s2.2p2.(3P).5f F""","=""2[4]*""","=""7/2""",,"=""""","=""L10621""",
O,4,"=""""","=""298.086""","=""""","=""""","=""1.31e+06""",B,"=""419533.9""","=""453071.5""","=""2s2.3d""","=""2D""","=""3/2""","=""2s.2p.(3P*).3s""","=""2P*""","=""3/2""",,"=""T5109LS""","=""""",
O,4,"=""""","=""298.234""","=""""","=""""","=""1.18e+07""",B,"=""419550.6""","=""453071.5""","=""2s2.3d""","=""2D""","=""5/2""","=""2s.2p.(3P*).3s""","=""2P*""","=""3/2""",,"=""T5109LS""","=""""",
O,3,"=""298.378""","=""298.3781""","=""""","=""250""","=""2.15e+08""",B,"=""273081.33""","=""306586.08""","=""2s2.2p.(2P*).3s""","=""1P*""","=""1""","=""2s2.2p.(2P*).3p""","=""1D""","=""2""",,"=""T5376,T5791,u24""","=""L3492""",
O,2,"=""299.0673""","=""299.0668""","=""""","=""4""","=""""",,"=""232535.949""","=""265963.54""","=""2s2.2p2.(3P).3d""","=""4P""","=""3/2""","=""2s2.2p2.(3P).5f F""","=""2[2]*""","=""5/2""",,"=""""","=""L10621""",
O,2,"=""""","=""299.1221""","=""""","=""""","=""""",,"=""232535.949""","=""265957.37""","=""2s2.2p2.(3P).3d""","=""4P""","=""3/2""","=""2s2.2p2.(3P).5f F""","=""2[2]*""","=""3/2""",,"=""""","=""L11267""",
O,3,"=""""","=""299.2081""","=""""","=""""","=""9.32e+06""",C,"=""293866.49""","=""327278.30""","=""2s2.2p.(2P*).3p""","=""3D""","=""1""","=""2s2.2p.(2P*).3d""","=""3D*""","=""2""",,"=""T5376,T5791,LS""","=""""",
O,2,"=""299.5871""","=""299.5810""","=""""","=""7w*""","=""""",,"=""252608.28""","=""285978.5?""","=""2s2.2p2.(1D).3d""","=""2G""","=""9/2""","=""2s2.2p2.(1D).5f H""","=""2[5]*""","=""11/2""",,"=""""","=""L10621""",
O,2,"=""299.5871""","=""299.5810""","=""""","=""7w*""","=""""",,"=""252608.28""","=""285978.5?""","=""2s2.2p2.(1D).3d""","=""2G""","=""9/2""","=""2s2.2p2.(1D).5f H""","=""2[5]*""","=""9/2""",,"=""""","=""L10621""",
O,2,"=""299.5871""","=""299.5916""","=""""","=""7w*""","=""""",,"=""252609.46""","=""285978.5?""","=""2s2.2p2.(1D).3d""","=""2G""","=""7/2""","=""2s2.2p2.(1D).5f H""","=""2[5]*""","=""9/2""",,"=""""","=""L10621""",
O,3,"=""""","=""299.6480""","=""""","=""""","=""4.64e+07""",C,"=""293866.49""","=""327229.25""","=""2s2.2p.(2P*).3p""","=""3D""","=""1""","=""2s2.2p.(2P*).3d""","=""3D*""","=""1""",,"=""T5376,T5791,LS""","=""""",
O,2,"=""""","=""299.6937""","=""""","=""""","=""""",,"=""232535.949""","=""265893.62""","=""2s2.2p2.(3P).3d""","=""4P""","=""3/2""","=""2s2.2p2.(3P).5f D""","=""2[1]*""","=""3/2""",,"=""""","=""L11267""",
O,2,"=""""","=""299.7188""","=""""","=""""","=""""",,"=""232602.492""","=""265957.37""","=""2s2.2p2.(3P).3d""","=""4P""","=""1/2""","=""2s2.2p2.(3P).5f F""","=""2[2]*""","=""3/2""",,"=""""","=""L11267""",
O,3,"=""""","=""299.7689""","=""""","=""""","=""6.88e+06""",C,"=""294002.86""","=""327352.17""","=""2s2.2p.(2P*).3p""","=""3D""","=""2""","=""2s2.2p.(2P*).3d""","=""3D*""","=""3""",,"=""T5376,T5791,LS""","=""""",
O,4,"=""""","=""299.937""","=""""","=""""","=""6.88e+06""",B,"=""518699""","=""552029.6""","=""2s.2p.(1P*).3s""","=""2P*""","=""1/2""","=""2s2.5d""","=""2D""","=""3/2""",,"=""T5109LS""","=""""",
O,4,"=""""","=""300.003""","=""""","=""""","=""8.25e+06""",B,"=""518709""","=""552032.3""","=""2s.2p.(1P*).3s""","=""2P*""","=""3/2""","=""2s2.5d""","=""2D""","=""5/2""",,"=""T5109LS""","=""""",
O,4,"=""""","=""300.027""","=""""","=""""","=""1.38e+06""",B,"=""518709""","=""552029.6""","=""2s.2p.(1P*).3s""","=""2P*""","=""3/2""","=""2s2.5d""","=""2D""","=""3/2""",,"=""T5109LS""","=""""",
O,2,"=""300.1696""","=""300.1693""","=""""","=""5""","=""""",,"=""232462.724""","=""265767.55""","=""2s2.2p2.(3P).3d""","=""4P""","=""5/2""","=""2s2.2p2.(3P).5f D""","=""2[2]*""","=""5/2""",,"=""""","=""L10621""",
O,2,"=""300.2977""","=""300.2978""","=""""","=""8""","=""""",,"=""232602.492""","=""265893.06""","=""2s2.2p2.(3P).3d""","=""4P""","=""1/2""","=""2s2.2p2.(3P).5f D""","=""2[1]*""","=""1/2""",,"=""""","=""L10621""",
O,3,"=""""","=""300.4344""","=""""","=""""","=""4.27e+07""",C,"=""294002.86""","=""327278.30""","=""2s2.2p.(2P*).3p""","=""3D""","=""2""","=""2s2.2p.(2P*).3d""","=""3D*""","=""2""",,"=""T5376,T5791,LS""","=""""",
O,4,"=""""","=""300.459""","=""""","=""""","=""1.28e+07""",B,"=""419533.9""","=""452806.6""","=""2s2.3d""","=""2D""","=""3/2""","=""2s.2p.(3P*).3s""","=""2P*""","=""1/2""",,"=""T5109LS""","=""""",
O,2,"=""300.5958""","=""300.5950""","=""""","=""10""","=""""",,"=""232462.724""","=""265720.38""","=""2s2.2p2.(3P).3d""","=""4P""","=""5/2""","=""2s2.2p2.(3P).5f G""","=""2[3]*""","=""7/2""",,"=""""","=""L10621""",
O,2,"=""300.5958""","=""300.5979""","=""""","=""10""","=""""",,"=""232747.562""","=""266004.90""","=""2s2.2p2.(3P).3d""","=""4D""","=""5/2""","=""2s2.2p2.(3P).5f F""","=""2[4]*""","=""7/2""",,"=""""","=""L10621""",
O,2,"=""""","=""300.6122""","=""""","=""""","=""""",,"=""232462.724""","=""265718.48""","=""2s2.2p2.(3P).3d""","=""4P""","=""5/2""","=""2s2.2p2.(3P).5f G""","=""2[3]*""","=""5/2""",,"=""""","=""L11267""",
O,2,"=""300.6565""","=""300.6544""","=""""","=""5""","=""""",,"=""232753.816""","=""266004.90""","=""2s2.2p2.(3P).3d""","=""4D""","=""7/2""","=""2s2.2p2.(3P).5f F""","=""2[4]*""","=""7/2""",,"=""""","=""L10621""",
O,2,"=""300.7035""","=""300.7010""","=""""","=""14bl*""","=""""",,"=""232753.816""","=""265999.75""","=""2s2.2p2.(3P).3d""","=""4D""","=""7/2""","=""2s2.2p2.(3P).5f F""","=""2[4]*""","=""9/2""",,"=""""","=""L10621""",
O,2,"=""300.7035""","=""300.7029""","=""""","=""14bl*""","=""""",,"=""232711.642""","=""265957.37""","=""2s2.2p2.(3P).3d""","=""4D""","=""1/2""","=""2s2.2p2.(3P).5f F""","=""2[2]*""","=""3/2""",,"=""""","=""L10621""",
O,2,"=""""","=""300.7112""","=""""","=""""","=""""",,"=""232747.562""","=""265992.37""","=""2s2.2p2.(3P).3d""","=""4D""","=""5/2""","=""2s2.2p2.(3P).5f F""","=""2[3]*""","=""5/2""",,"=""""","=""L11267""",
O,2,"=""""","=""300.7118""","=""""","=""""","=""""",,"=""232747.562""","=""265992.31""","=""2s2.2p2.(3P).3d""","=""4D""","=""5/2""","=""2s2.2p2.(3P).5f F""","=""2[3]*""","=""7/2""",,"=""""","=""L11267""",
O,2,"=""300.7681""","=""300.7678""","=""""","=""7*""","=""""",,"=""232753.816""","=""265992.37""","=""2s2.2p2.(3P).3d""","=""4D""","=""7/2""","=""2s2.2p2.(3P).5f F""","=""2[3]*""","=""5/2""",,"=""""","=""L10621""",
O,2,"=""300.7681""","=""300.7683""","=""""","=""7*""","=""""",,"=""232753.816""","=""265992.31""","=""2s2.2p2.(3P).3d""","=""4D""","=""7/2""","=""2s2.2p2.(3P).5f F""","=""2[3]*""","=""7/2""",,"=""""","=""L10621""",
O,2,"=""300.8318""","=""300.8307""","=""""","=""9""","=""""",,"=""232535.949""","=""265767.55""","=""2s2.2p2.(3P).3d""","=""4P""","=""3/2""","=""2s2.2p2.(3P).5f D""","=""2[2]*""","=""5/2""",,"=""""","=""L10621""",
O,2,"=""""","=""300.8422""","=""""","=""""","=""""",,"=""232535.949""","=""265766.28""","=""2s2.2p2.(3P).3d""","=""4P""","=""3/2""","=""2s2.2p2.(3P).5f D""","=""2[2]*""","=""3/2""",,"=""""","=""L11267""",
O,3,"=""""","=""300.8779""","=""""","=""""","=""1.53e+07""",C,"=""294002.86""","=""327229.25""","=""2s2.2p.(2P*).3p""","=""3D""","=""2""","=""2s2.2p.(2P*).3d""","=""3D*""","=""1""",,"=""T5376,T5791,LS""","=""""",
O,2,"=""300.9570""","=""300.9579""","=""""","=""7""","=""""",,"=""232745.981""","=""265963.54""","=""2s2.2p2.(3P).3d""","=""4D""","=""3/2""","=""2s2.2p2.(3P).5f F""","=""2[2]*""","=""5/2""",,"=""""","=""L10621""",
O,2,"=""""","=""300.9722""","=""""","=""""","=""""",,"=""232747.562""","=""265963.54""","=""2s2.2p2.(3P).3d""","=""4D""","=""5/2""","=""2s2.2p2.(3P).5f F""","=""2[2]*""","=""5/2""",,"=""""","=""L11267""",
O,2,"=""""","=""301.0138""","=""""","=""""","=""""",,"=""232745.981""","=""265957.37""","=""2s2.2p2.(3P).3d""","=""4D""","=""3/2""","=""2s2.2p2.(3P).5f F""","=""2[2]*""","=""3/2""",,"=""""","=""L11267""",
O,2,"=""301.1534""","=""301.1527""","=""""","=""9*""","=""""",,"=""232796.298""","=""265992.37""","=""2s2.2p2.(3P).3d""","=""2F""","=""5/2""","=""2s2.2p2.(3P).5f F""","=""2[3]*""","=""5/2""",,"=""""","=""L10621""",
O,2,"=""301.1534""","=""301.1533""","=""""","=""9*""","=""""",,"=""232796.298""","=""265992.31""","=""2s2.2p2.(3P).3d""","=""2F""","=""5/2""","=""2s2.2p2.(3P).5f F""","=""2[3]*""","=""7/2""",,"=""""","=""L10621""",
O,2,"=""""","=""301.2756""","=""""","=""""","=""""",,"=""232535.949""","=""265718.48""","=""2s2.2p2.(3P).3d""","=""4P""","=""3/2""","=""2s2.2p2.(3P).5f G""","=""2[3]*""","=""5/2""",,"=""""","=""L11267""",
O,2,"=""301.2825""","=""301.2806""","=""""","=""8*""","=""""",,"=""232711.642""","=""265893.62""","=""2s2.2p2.(3P).3d""","=""4D""","=""1/2""","=""2s2.2p2.(3P).5f D""","=""2[1]*""","=""3/2""",,"=""""","=""L10621""",
O,2,"=""301.2825""","=""301.2857""","=""""","=""8*""","=""""",,"=""232711.642""","=""265893.06""","=""2s2.2p2.(3P).3d""","=""4D""","=""1/2""","=""2s2.2p2.(3P).5f D""","=""2[1]*""","=""1/2""",,"=""""","=""L10621""",
O,2,"=""301.3357""","=""301.3361""","=""""","=""11""","=""""",,"=""232462.724""","=""265638.59""","=""2s2.2p2.(3P).3d""","=""4P""","=""5/2""","=""2s2.2p2.(3P).5f D""","=""2[3]*""","=""7/2""",,"=""""","=""L10621""",
O,2,"=""""","=""301.3497""","=""""","=""""","=""""",,"=""232462.724""","=""265637.10""","=""2s2.2p2.(3P).3d""","=""4P""","=""5/2""","=""2s2.2p2.(3P).5f D""","=""2[3]*""","=""5/2""",,"=""""","=""L11267""",
O,2,"=""301.4158""","=""301.4145""","=""""","=""7""","=""""",,"=""232796.298""","=""265963.54""","=""2s2.2p2.(3P).3d""","=""2F""","=""5/2""","=""2s2.2p2.(3P).5f F""","=""2[2]*""","=""5/2""",,"=""""","=""L10621""",
O,2,"=""301.4469""","=""301.4459""","=""""","=""8""","=""""",,"=""232602.492""","=""265766.28""","=""2s2.2p2.(3P).3d""","=""4P""","=""1/2""","=""2s2.2p2.(3P).5f D""","=""2[2]*""","=""3/2""",,"=""""","=""L10621""",
O,2,"=""""","=""301.5928""","=""""","=""""","=""""",,"=""232745.981""","=""265893.62""","=""2s2.2p2.(3P).3d""","=""4D""","=""3/2""","=""2s2.2p2.(3P).5f D""","=""2[1]*""","=""3/2""",,"=""""","=""L11267""",
O,2,"=""301.5974""","=""301.5978""","=""""","=""7""","=""""",,"=""232745.981""","=""265893.06""","=""2s2.2p2.(3P).3d""","=""4D""","=""3/2""","=""2s2.2p2.(3P).5f D""","=""2[1]*""","=""1/2""",,"=""""","=""L10621""",
O,4,"=""""","=""301.711""","=""""","=""""","=""8.60e+06""",B,"=""514220.4""","=""547355""","=""2s.2p.(3P*).3d""","=""2P*""","=""3/2""","=""2s.2p.(1P*).3p""","=""2D""","=""5/2""",,"=""T5109LS""","=""""",
O,3,"=""301.763""","=""301.7615""","=""""","=""80""","=""5.38e+07""",C,"=""294223.07""","=""327352.17""","=""2s2.2p.(2P*).3p""","=""3D""","=""3""","=""2s2.2p.(2P*).3d""","=""3D*""","=""3""",,"=""T5376,T5791,LS""","=""L3467""",
O,4,"=""""","=""301.976""","=""""","=""""","=""1.43e+06""",B,"=""514220.4""","=""547326""","=""2s.2p.(3P*).3d""","=""2P*""","=""3/2""","=""2s.2p.(1P*).3p""","=""2D""","=""3/2""",,"=""T5109LS""","=""""",
O,2,"=""302.0173""","=""302.0163""","=""""","=""5""","=""""",,"=""232535.949""","=""265637.10""","=""2s2.2p2.(3P).3d""","=""4P""","=""3/2""","=""2s2.2p2.(3P).5f D""","=""2[3]*""","=""5/2""",,"=""""","=""L10621""",
O,3,"=""""","=""302.3139""","=""""","=""""","=""2.46e+05""",D,"=""365527.08""","=""398595.65""","=""2s.2p2.(4P).3p""","=""5D*""","=""0""","=""2s.2p2.(4P).3d""","=""5P""","=""1""",,"=""T5376LS""","=""""",
O,3,"=""302.345""","=""302.3425""","=""""","=""80""","=""4.79e+07""",C+,"=""267377.11""","=""300442.55""","=""2s2.2p.(2P*).3s""","=""3P*""","=""1""","=""2s2.2p.(2P*).3p""","=""3P""","=""2""",,"=""u24""","=""L3467""",
O,3,"=""""","=""302.4359""","=""""","=""""","=""9.39e+06""",C,"=""294223.07""","=""327278.30""","=""2s2.2p.(2P*).3p""","=""3D""","=""3""","=""2s2.2p.(2P*).3d""","=""3D*""","=""2""",,"=""T5376,T5791,LS""","=""""",
O,3,"=""""","=""302.4540""","=""""","=""""","=""6.16e+07""",C+,"=""267258.71""","=""300311.96""","=""2s2.2p.(2P*).3s""","=""3P*""","=""0""","=""2s2.2p.(2P*).3p""","=""3P""","=""1""",,"=""u24""","=""""",
O,2,"=""302.5218""","=""302.5232""","=""""","=""7""","=""""",,"=""232959.210""","=""266004.90""","=""2s2.2p2.(3P).3d""","=""2F""","=""7/2""","=""2s2.2p2.(3P).5f F""","=""2[4]*""","=""7/2""",,"=""""","=""L10621""",
O,2,"=""302.5705""","=""302.5704""","=""""","=""9""","=""""",,"=""232959.210""","=""265999.75""","=""2s2.2p2.(3P).3d""","=""2F""","=""7/2""","=""2s2.2p2.(3P).5f F""","=""2[4]*""","=""9/2""",,"=""""","=""L10621""",
O,3,"=""""","=""302.6330""","=""""","=""""","=""5.51e+05""",D,"=""365561.95""","=""398595.65""","=""2s.2p2.(4P).3p""","=""5D*""","=""1""","=""2s.2p2.(4P).3d""","=""5P""","=""1""",,"=""T5376LS""","=""""",
O,2,"=""302.6383""","=""302.6380""","=""""","=""1w*""","=""""",,"=""232959.210""","=""265992.37""","=""2s2.2p2.(3P).3d""","=""2F""","=""7/2""","=""2s2.2p2.(3P).5f F""","=""2[3]*""","=""5/2""",,"=""""","=""L10621""",
O,2,"=""302.6383""","=""302.6385""","=""""","=""1w*""","=""""",,"=""232959.210""","=""265992.31""","=""2s2.2p2.(3P).3d""","=""2F""","=""7/2""","=""2s2.2p2.(3P).5f F""","=""2[3]*""","=""7/2""",,"=""""","=""L10621""",
O,2,"=""302.7577""","=""302.7559""","=""""","=""1*""","=""""",,"=""232745.981""","=""265766.28""","=""2s2.2p2.(3P).3d""","=""4D""","=""3/2""","=""2s2.2p2.(3P).5f D""","=""2[2]*""","=""3/2""",,"=""""","=""L10621""",
O,2,"=""302.7577""","=""302.7587""","=""""","=""1*""","=""""",,"=""232747.562""","=""265767.55""","=""2s2.2p2.(3P).3d""","=""4D""","=""5/2""","=""2s2.2p2.(3P).5f D""","=""2[2]*""","=""5/2""",,"=""""","=""L10621""",
O,2,"=""302.7976""","=""302.7971""","=""""","=""7""","=""""",,"=""232747.562""","=""265763.36""","=""2s2.2p2.(3P).3d""","=""4D""","=""5/2""","=""2s2.2p2.(3P).5f G""","=""2[4]*""","=""7/2""",,"=""""","=""L10621""",
O,4,"=""""","=""302.804""","=""""","=""""","=""2.64e+07""",B,"=""452806.6""","=""485821.7""","=""2s.2p.(3P*).3s""","=""2P*""","=""1/2""","=""2s2.4s""","=""2S""","=""1/2""",,"=""T5109LS""","=""""",
O,2,"=""""","=""302.8545""","=""""","=""""","=""""",,"=""232753.816""","=""265763.36""","=""2s2.2p2.(3P).3d""","=""4D""","=""7/2""","=""2s2.2p2.(3P).5f G""","=""2[4]*""","=""7/2""",,"=""""","=""L11267""",
O,2,"=""302.8736""","=""302.8735""","=""""","=""9""","=""""",,"=""232753.816""","=""265761.29""","=""2s2.2p2.(3P).3d""","=""4D""","=""7/2""","=""2s2.2p2.(3P).5f G""","=""2[4]*""","=""9/2""",,"=""""","=""L10621""",
O,3,"=""""","=""302.9860""","=""""","=""""","=""1.10e+05""",D,"=""365561.95""","=""398557.17""","=""2s.2p2.(4P).3p""","=""5D*""","=""1""","=""2s.2p2.(4P).3d""","=""5P""","=""2""",,"=""T5376LS""","=""""",
O,2,"=""303.1929""","=""303.1919""","=""""","=""3*""","=""""",,"=""232747.562""","=""265720.38""","=""2s2.2p2.(3P).3d""","=""4D""","=""5/2""","=""2s2.2p2.(3P).5f G""","=""2[3]*""","=""7/2""",,"=""""","=""L10621""",
O,2,"=""303.1929""","=""303.1948""","=""""","=""3*""","=""""",,"=""232745.981""","=""265718.48""","=""2s2.2p2.(3P).3d""","=""4D""","=""3/2""","=""2s2.2p2.(3P).5f G""","=""2[3]*""","=""5/2""",,"=""""","=""L10621""",
O,2,"=""""","=""303.2063""","=""""","=""""","=""""",,"=""232796.298""","=""265767.55""","=""2s2.2p2.(3P).3d""","=""2F""","=""5/2""","=""2s2.2p2.(3P).5f D""","=""2[2]*""","=""5/2""",,"=""""","=""L11267""",
O,2,"=""303.2084""","=""303.2077""","=""""","=""12""","=""""",,"=""232959.210""","=""265930.31""","=""2s2.2p2.(3P).3d""","=""2F""","=""7/2""","=""2s2.2p2.(3P).5f G""","=""2[5]*""","=""9/2""",,"=""""","=""L10621""",
O,2,"=""""","=""303.2093""","=""""","=""""","=""""",,"=""232747.562""","=""265718.48""","=""2s2.2p2.(3P).3d""","=""4D""","=""5/2""","=""2s2.2p2.(3P).5f G""","=""2[3]*""","=""5/2""",,"=""""","=""L11267""",
O,2,"=""303.2458""","=""303.2448""","=""""","=""9""","=""""",,"=""232796.298""","=""265763.36""","=""2s2.2p2.(3P).3d""","=""2F""","=""5/2""","=""2s2.2p2.(3P).5f G""","=""2[4]*""","=""7/2""",,"=""""","=""L10621""",
O,2,"=""""","=""303.2494""","=""""","=""""","=""""",,"=""232753.816""","=""265720.38""","=""2s2.2p2.(3P).3d""","=""4D""","=""7/2""","=""2s2.2p2.(3P).5f G""","=""2[3]*""","=""7/2""",,"=""""","=""L11267""",
O,3,"=""""","=""303.2615""","=""""","=""""","=""4.26e+05""",D,"=""365630.40""","=""398595.65""","=""2s.2p2.(4P).3p""","=""5D*""","=""2""","=""2s.2p2.(4P).3d""","=""5P""","=""1""",,"=""T5376LS""","=""""",
O,4,"=""""","=""303.359""","=""""","=""""","=""7.05e+06""",B,"=""514371.3""","=""547326""","=""2s.2p.(3P*).3d""","=""2P*""","=""1/2""","=""2s.2p.(1P*).3p""","=""2D""","=""3/2""",,"=""T5109LS""","=""""",
O,3,"=""""","=""303.4219""","=""""","=""""","=""2.93e+07""",B,"=""332778.94""","=""365726.76""","=""2s2.2p.(2P*).3d""","=""1P*""","=""1""","=""2s2.2p.(2P*).4p""","=""1P""","=""1""",,"=""T5376""","=""""",
O,3,"=""""","=""303.5414""","=""""","=""""","=""4.59e+07""",C+,"=""267377.11""","=""300311.96""","=""2s2.2p.(2P*).3s""","=""3P*""","=""1""","=""2s2.2p.(2P*).3p""","=""3P""","=""1""",,"=""u24""","=""""",
O,3,"=""""","=""303.6159""","=""""","=""""","=""4.24e+05""",D,"=""365630.40""","=""398557.17""","=""2s.2p2.(4P).3p""","=""5D*""","=""2""","=""2s.2p2.(4P).3d""","=""5P""","=""2""",,"=""T5376LS""","=""""",
O,2,"=""303.6402""","=""303.6407""","=""""","=""7""","=""""",,"=""232796.298""","=""265720.38""","=""2s2.2p2.(3P).3d""","=""2F""","=""5/2""","=""2s2.2p2.(3P).5f G""","=""2[3]*""","=""7/2""",,"=""""","=""L10621""",
O,2,"=""303.9461""","=""303.9450""","=""""","=""8*""","=""""",,"=""232745.981""","=""265637.10""","=""2s2.2p2.(3P).3d""","=""4D""","=""3/2""","=""2s2.2p2.(3P).5f D""","=""2[3]*""","=""5/2""",,"=""""","=""L10621""",
O,2,"=""303.9461""","=""303.9458""","=""""","=""8*""","=""""",,"=""232747.562""","=""265638.59""","=""2s2.2p2.(3P).3d""","=""4D""","=""5/2""","=""2s2.2p2.(3P).5f D""","=""2[3]*""","=""7/2""",,"=""""","=""L10621""",
O,2,"=""""","=""303.9596""","=""""","=""""","=""""",,"=""232747.562""","=""265637.10""","=""2s2.2p2.(3P).3d""","=""4D""","=""5/2""","=""2s2.2p2.(3P).5f D""","=""2[3]*""","=""5/2""",,"=""""","=""L11267""",
O,4,"=""""","=""303.980""","=""""","=""""","=""1.09e+07""",B,"=""485821.7""","=""518709""","=""2s2.4s""","=""2S""","=""1/2""","=""2s.2p.(1P*).3s""","=""2P*""","=""3/2""",,"=""T5109LS""","=""""",
O,2,"=""""","=""304.0036""","=""""","=""""","=""""",,"=""232753.816""","=""265638.59""","=""2s2.2p2.(3P).3d""","=""4D""","=""7/2""","=""2s2.2p2.(3P).5f D""","=""2[3]*""","=""7/2""",,"=""""","=""L11267""",
O,4,"=""""","=""304.073""","=""""","=""""","=""1.09e+07""",B,"=""485821.7""","=""518699""","=""2s2.4s""","=""2S""","=""1/2""","=""2s.2p.(1P*).3s""","=""2P*""","=""1/2""",,"=""T5109LS""","=""""",
O,3,"=""""","=""304.2636""","=""""","=""""","=""3.44e+04""",D,"=""365630.40""","=""398487.08""","=""2s.2p2.(4P).3p""","=""5D*""","=""2""","=""2s.2p2.(4P).3d""","=""5P""","=""3""",,"=""T5376LS""","=""""",
O,3,"=""""","=""304.2993""","=""""","=""""","=""1.94e+08""",C+,"=""267377.11""","=""300229.93""","=""2s2.2p.(2P*).3s""","=""3P*""","=""1""","=""2s2.2p.(2P*).3p""","=""3P""","=""0""",,"=""u24""","=""""",
O,3,"=""304.302""","=""""","=""""","=""80""","=""""",,"=""""","=""""","=""""","=""""","=""""","=""""","=""""","=""""",,"=""""","=""L3467""",
O,2,"=""304.3991""","=""304.3969""","=""""","=""2""","=""""",,"=""232796.298""","=""265638.59""","=""2s2.2p2.(3P).3d""","=""2F""","=""5/2""","=""2s2.2p2.(3P).5f D""","=""2[3]*""","=""7/2""",,"=""""","=""L10621""",
O,3,"=""""","=""304.5434""","=""""","=""""","=""6.73e+05""",C,"=""365730.68""","=""398557.17""","=""2s.2p2.(4P).3p""","=""5D*""","=""3""","=""2s.2p2.(4P).3d""","=""5P""","=""2""",,"=""T5376LS""","=""""",
O,2,"=""304.6693""","=""304.6694""","=""""","=""4w""","=""""",,"=""253048.82""","=""285861.74?""","=""2s2.2p2.(1D).3d""","=""2D""","=""5/2""","=""2s2.2p2.(1D).5f F""","=""2[3]*""","=""7/2""",,"=""""","=""L10621""",
O,4,"=""""","=""304.710""","=""""","=""""","=""4.01e+05""",B,"=""467229.3""","=""500037.8""","=""2s.2p.(3P*).3p""","=""2P""","=""1/2""","=""2s2.4p""","=""2P*""","=""3/2""",,"=""T5109LS""","=""""",
O,2,"=""304.7115""","=""304.7119""","=""""","=""13bl""","=""""",,"=""232959.210""","=""265767.55""","=""2s2.2p2.(3P).3d""","=""2F""","=""7/2""","=""2s2.2p2.(3P).5f D""","=""2[2]*""","=""5/2""",,"=""""","=""L10621""",
O,3,"=""304.713""","=""304.7100""","=""""","=""200""","=""1.49e+08""",C+,"=""267634.00""","=""300442.55""","=""2s2.2p.(2P*).3s""","=""3P*""","=""2""","=""2s2.2p.(2P*).3p""","=""3P""","=""2""",,"=""u24""","=""L3467""",
O,4,"=""""","=""305.109""","=""""","=""""","=""1.60e+06""",B,"=""467229.3""","=""499994.9""","=""2s.2p.(3P*).3p""","=""2P""","=""1/2""","=""2s2.4p""","=""2P*""","=""1/2""",,"=""T5109LS""","=""""",
O,3,"=""""","=""305.1951""","=""""","=""""","=""2.39e+05""",D,"=""365730.68""","=""398487.08""","=""2s.2p2.(4P).3p""","=""5D*""","=""3""","=""2s.2p2.(4P).3d""","=""5P""","=""3""",,"=""T5376LS""","=""""",
O,4,"=""""","=""305.253""","=""""","=""""","=""5.15e+07""",B,"=""453071.5""","=""485821.7""","=""2s.2p.(3P*).3s""","=""2P*""","=""3/2""","=""2s2.4s""","=""2S""","=""1/2""",,"=""T5109LS""","=""""",
O,4,"=""""","=""305.788""","=""""","=""""","=""1.98e+06""",B,"=""467344.9""","=""500037.8""","=""2s.2p.(3P*).3p""","=""2P""","=""3/2""","=""2s2.4p""","=""2P*""","=""3/2""",,"=""T5109LS""","=""""",
O,5,"=""""","=""305.868""","=""""","=""""","=""1.39e+08""",B,"=""664485.9""","=""697170.2""","=""1s2.2p.(2P*<3/2>).3s""","=""1P*""","=""1""","=""1s2.2p.(2P*<3/2>).3p""","=""1D""","=""2""",,"=""T5633,T3843""","=""""",
O,2,"=""305.9293""","=""305.9284""","=""""","=""10bl""","=""""",,"=""232959.210""","=""265637.10""","=""2s2.2p2.(3P).3d""","=""2F""","=""7/2""","=""2s2.2p2.(3P).5f D""","=""2[3]*""","=""5/2""",,"=""""","=""L10621""",
O,3,"=""305.930""","=""305.9277""","=""""","=""110""","=""8.72e+07""",C+,"=""267634.00""","=""300311.96""","=""2s2.2p.(2P*).3s""","=""3P*""","=""2""","=""2s2.2p.(2P*).3p""","=""3P""","=""1""",,"=""u24""","=""L3467""",
O,4,"=""""","=""306.190""","=""""","=""""","=""7.90e+05""",B,"=""467344.9""","=""499994.9""","=""2s.2p.(3P*).3p""","=""2P""","=""3/2""","=""2s2.4p""","=""2P*""","=""1/2""",,"=""T5109LS""","=""""",
O,4,"=""306.342""","=""306.343""","=""""","=""460""","=""1.30e+08""",B,"=""357614.3""","=""390248.0""","=""2s2.3s""","=""2S""","=""1/2""","=""2s2.3p""","=""2P*""","=""3/2""",,"=""T5109LS""","=""L648""",
O,3,"=""""","=""306.3850""","=""""","=""""","=""9.10e+05""",C,"=""365857.89""","=""398487.08""","=""2s.2p2.(4P).3p""","=""5D*""","=""4""","=""2s.2p2.(4P).3d""","=""5P""","=""3""",,"=""T5376LS""","=""""",
O,3,"=""""","=""306.4975""","=""""","=""""","=""2.17e+07""",C+,"=""365527.08""","=""398144.29""","=""2s.2p2.(4P).3p""","=""5D*""","=""0""","=""2s.2p2.(4P).3d""","=""5D""","=""1""",,"=""T5376LS""","=""""",
O,3,"=""""","=""306.8129""","=""""","=""""","=""6.49e+07""",C+,"=""365561.95""","=""398145.63""","=""2s.2p2.(4P).3p""","=""5D*""","=""1""","=""2s.2p2.(4P).3d""","=""5D""","=""0""",,"=""T5376LS""","=""""",
O,3,"=""""","=""306.8256""","=""""","=""""","=""5.41e+06""",C+,"=""365561.95""","=""398144.29""","=""2s.2p2.(4P).3p""","=""5D*""","=""1""","=""2s.2p2.(4P).3d""","=""5D""","=""1""",,"=""T5376LS""","=""""",
O,3,"=""""","=""306.8667""","=""""","=""""","=""2.27e+07""",C+,"=""365561.95""","=""398139.92""","=""2s.2p2.(4P).3p""","=""5D*""","=""1""","=""2s.2p2.(4P).3d""","=""5D""","=""2""",,"=""T5376LS""","=""""",
O,4,"=""307.161""","=""307.160""","=""""","=""410""","=""1.29e+08""",B,"=""357614.3""","=""390161.2""","=""2s2.3s""","=""2S""","=""1/2""","=""2s2.3p""","=""2P*""","=""1/2""",,"=""T5109LS""","=""L648""",
O,3,"=""""","=""307.4138""","=""""","=""""","=""1.84e+07""",C+,"=""365630.40""","=""398150.40""","=""2s.2p2.(4P).3p""","=""5D*""","=""2""","=""2s.2p2.(4P).3d""","=""5D""","=""3""",,"=""T5376LS""","=""""",
O,3,"=""""","=""307.4715""","=""""","=""""","=""3.76e+07""",C+,"=""365630.40""","=""398144.29""","=""2s.2p2.(4P).3p""","=""5D*""","=""2""","=""2s.2p2.(4P).3d""","=""5D""","=""1""",,"=""T5376LS""","=""""",
O,3,"=""""","=""307.5129""","=""""","=""""","=""1.61e+07""",C+,"=""365630.40""","=""398139.92""","=""2s.2p2.(4P).3p""","=""5D*""","=""2""","=""2s.2p2.(4P).3d""","=""5D""","=""2""",,"=""T5376LS""","=""""",
O,3,"=""""","=""307.5954""","=""""","=""""","=""1.07e+07""",C+,"=""365730.68""","=""398231.48""","=""2s.2p2.(4P).3p""","=""5D*""","=""3""","=""2s.2p2.(4P).3d""","=""5D""","=""4""",,"=""T5376LS""","=""""",
O,3,"=""""","=""307.813""","=""""","=""""","=""2.89e+07""",B,"=""370902.22""","=""403380.0""","=""2s2.2p.(2P*).4p""","=""1D""","=""2""","=""2s2.2p.(2P*).5d""","=""1F*""","=""3""",,"=""T5376""","=""""",
O,5,"=""""","=""307.895""","=""""","=""""","=""3.81e+08""",B,"=""808352.3""","=""840821.5""","=""1s2.2s.5d""","=""1D""","=""2""","=""1s2.2s.6f""","=""1F*""","=""3""",,"=""T5633""","=""""",
O,2,"=""308.1391""","=""308.1389""","=""""","=""9""","=""""",,"=""212593.82""","=""245037.29""","=""2s.2p4""","=""2P""","=""3/2""","=""2s2.2p2.(3P).4p""","=""2S*""","=""1/2""",,"=""""","=""L10621""",
O,3,"=""""","=""308.3647""","=""""","=""""","=""3.20e+07""",C+,"=""365730.68""","=""398150.40""","=""2s.2p2.(4P).3p""","=""5D*""","=""3""","=""2s.2p2.(4P).3d""","=""5D""","=""3""",,"=""T5376LS""","=""""",
O,3,"=""""","=""308.4644""","=""""","=""""","=""2.55e+07""",C+,"=""365730.68""","=""398139.92""","=""2s.2p2.(4P).3p""","=""5D*""","=""3""","=""2s.2p2.(4P).3d""","=""5D""","=""2""",,"=""T5376LS""","=""""",
O,3,"=""""","=""308.8041""","=""""","=""""","=""5.30e+07""",C+,"=""365857.89""","=""398231.48""","=""2s.2p2.(4P).3p""","=""5D*""","=""4""","=""2s.2p2.(4P).3d""","=""5D""","=""4""",,"=""T5376LS""","=""""",
O,2,"=""309.0376""","=""309.0386""","=""""","=""10""","=""""",,"=""233544.59""","=""265893.62""","=""2s2.2p2.(3P).3d""","=""2P""","=""1/2""","=""2s2.2p2.(3P).5f D""","=""2[1]*""","=""3/2""",,"=""""","=""L10621""",
O,2,"=""309.1536""","=""309.1533""","=""""","=""8""","=""""",,"=""233430.53""","=""265767.55""","=""2s2.2p2.(3P).3d""","=""2P""","=""3/2""","=""2s2.2p2.(3P).5f D""","=""2[2]*""","=""5/2""",,"=""""","=""L10621""",
O,3,"=""""","=""309.5795""","=""""","=""""","=""1.35e+07""",C+,"=""365857.89""","=""398150.40""","=""2s.2p2.(4P).3p""","=""5D*""","=""4""","=""2s.2p2.(4P).3d""","=""5D""","=""3""",,"=""T5376LS""","=""""",
O,2,"=""309.7477""","=""309.7471""","=""""","=""9""","=""""",,"=""212762.25""","=""245037.29""","=""2s.2p4""","=""2P""","=""1/2""","=""2s2.2p2.(3P).4p""","=""2S*""","=""1/2""",,"=""""","=""L10621""",
O,2,"=""310.2588""","=""310.2599""","=""""","=""3""","=""""",,"=""233544.59""","=""265766.28""","=""2s2.2p2.(3P).3d""","=""2P""","=""1/2""","=""2s2.2p2.(3P).5f D""","=""2[2]*""","=""3/2""",,"=""""","=""L10621""",
O,2,"=""310.4049""","=""310.4056""","=""""","=""8""","=""""",,"=""233430.53""","=""265637.10""","=""2s2.2p2.(3P).3d""","=""2P""","=""3/2""","=""2s2.2p2.(3P).5f D""","=""2[3]*""","=""5/2""",,"=""""","=""L10621""",
O,2,"=""310.7846""","=""310.7846""","=""""","=""3w""","=""""",,"=""253792.40""","=""285959.69?""","=""2s2.2p2.(1D).3d""","=""2P""","=""3/2""","=""2s2.2p2.(1D).5f D""","=""2[2]*""","=""5/2""",,"=""""","=""L10621""",
O,2,"=""311.3611""","=""311.3617""","=""""","=""11""","=""3.14e+06""",C,"=""206786.286""","=""238893.96""","=""2s2.2p2.(3P).3p""","=""4D*""","=""3/2""","=""2s2.2p2.(3P).4s""","=""4P""","=""5/2""",,"=""T5723LS""","=""L10621""",
O,3,"=""""","=""311.5674""","=""""","=""""","=""1.39e+08""",C,"=""297558.66""","=""329645.14""","=""2s2.2p.(2P*).3p""","=""3S""","=""1""","=""2s2.2p.(2P*).3d""","=""3P*""","=""0""",,"=""T5376,T5791,LS""","=""""",
O,3,"=""312.171""","=""312.1633""","=""""","=""80""","=""1.38e+08""",C,"=""297558.66""","=""329583.89""","=""2s2.2p.(2P*).3p""","=""3S""","=""1""","=""2s2.2p.(2P*).3d""","=""3P*""","=""1""",,"=""T5376,T5791,LS""","=""L3467""",
O,2,"=""312.2521""","=""312.2524""","=""""","=""17""","=""2.80e+07""",C,"=""206877.865""","=""238893.96""","=""2s2.2p2.(3P).3p""","=""4D*""","=""5/2""","=""2s2.2p2.(3P).4s""","=""4P""","=""5/2""",,"=""T5723LS""","=""L10621""",
O,2,"=""312.3921""","=""312.3910""","=""""","=""13""","=""7.76e+06""",C,"=""206730.762""","=""238732.65""","=""2s2.2p2.(3P).3p""","=""4D*""","=""1/2""","=""2s2.2p2.(3P).4s""","=""4P""","=""3/2""",,"=""T5723LS""","=""L10621""",
O,4,"=""""","=""312.889""","=""""","=""""","=""5.35e+06""",B,"=""549792""","=""581743""","=""2s.2p.(1P*).3p""","=""2P""","=""1/2""","=""2s.2p.(1P*).3d""","=""2P*""","=""3/2""",,"=""T5109LS""","=""""",
O,2,"=""312.9334""","=""312.9340""","=""""","=""17""","=""4.94e+07""",C,"=""206786.286""","=""238732.65""","=""2s2.2p2.(3P).3p""","=""4D*""","=""3/2""","=""2s2.2p2.(3P).4s""","=""4P""","=""3/2""",,"=""T5723LS""","=""L10621""",
O,4,"=""""","=""313.104""","=""""","=""""","=""2.13e+07""",B,"=""549792""","=""581721""","=""2s.2p.(1P*).3p""","=""2P""","=""1/2""","=""2s.2p.(1P*).3d""","=""2P*""","=""1/2""",,"=""T5109LS""","=""""",
O,3,"=""313.286""","=""313.2794""","=""""","=""110""","=""1.37e+08""",C,"=""297558.66""","=""329469.80""","=""2s2.2p.(2P*).3p""","=""3S""","=""1""","=""2s2.2p.(2P*).3d""","=""3P*""","=""2""",,"=""T5376,T5791,LS""","=""L3467""",
O,2,"=""313.4218""","=""313.4213""","=""""","=""17""","=""7.68e+07""",C,"=""206730.762""","=""238627.46""","=""2s2.2p2.(3P).3p""","=""4D*""","=""1/2""","=""2s2.2p2.(3P).4s""","=""4P""","=""1/2""",,"=""T5723LS""","=""L10621""",
O,2,"=""313.4720""","=""313.4726""","=""""","=""22""","=""1.23e+08""",C,"=""207002.482""","=""238893.96""","=""2s2.2p2.(3P).3p""","=""4D*""","=""7/2""","=""2s2.2p2.(3P).4s""","=""4P""","=""5/2""",,"=""T5723LS""","=""L10621""",
O,4,"=""""","=""313.507""","=""""","=""""","=""2.66e+07""",B,"=""549855""","=""581743""","=""2s.2p.(1P*).3p""","=""2P""","=""3/2""","=""2s.2p.(1P*).3d""","=""2P*""","=""3/2""",,"=""T5109LS""","=""""",
O,4,"=""""","=""313.723""","=""""","=""""","=""1.06e+07""",B,"=""549855""","=""581721""","=""2s.2p.(1P*).3p""","=""2P""","=""3/2""","=""2s.2p.(1P*).3d""","=""2P*""","=""1/2""",,"=""T5109LS""","=""""",
O,2,"=""313.8335""","=""313.8337""","=""""","=""19""","=""9.64e+07""",C,"=""206877.865""","=""238732.65""","=""2s2.2p2.(3P).3p""","=""4D*""","=""5/2""","=""2s2.2p2.(3P).4s""","=""4P""","=""3/2""",,"=""T5723LS""","=""L10621""",
O,2,"=""313.9680""","=""313.9678""","=""""","=""17""","=""7.64e+07""",C,"=""206786.286""","=""238627.46""","=""2s2.2p2.(3P).3p""","=""4D*""","=""3/2""","=""2s2.2p2.(3P).4s""","=""4P""","=""1/2""",,"=""T5723LS""","=""L10621""",
O,4,"=""""","=""314.167""","=""""","=""""","=""1.94e+07""",B,"=""600092""","=""631913""","=""2p2.(1D).3s""","=""2D""","=""3/2""","=""2p2.(1D).3p""","=""2D*""","=""3/2""",,"=""T5109LS""","=""""",
O,4,"=""""","=""314.305""","=""""","=""""","=""2.15e+06""",B,"=""600106""","=""631913""","=""2p2.(1D).3s""","=""2D""","=""5/2""","=""2p2.(1D).3p""","=""2D*""","=""3/2""",,"=""T5109LS""","=""""",
O,5,"=""314.466""","=""314.466""","=""""","=""160""","=""8.86e+07""",B,"=""580824.9""","=""612615.6""","=""1s2.2s.3p""","=""1P*""","=""1""","=""1s2.2s.3d""","=""1D""","=""2""",,"=""T5633,T3843""","=""L552""",
O,2,"=""314.7827""","=""314.7842""","=""""","=""3""","=""""",,"=""230609.45""","=""262368.05""","=""2s2.2p2.(1S).3s""","=""2S""","=""1/2""","=""2s2.2p2.(3P).5p""","=""2P*""","=""3/2""",,"=""""","=""L10621""",
O,4,"=""""","=""315.314""","=""""","=""""","=""9.87e+06""",B,"=""482666.1""","=""514371.3""","=""2s.2p.(3P*).3p""","=""2D""","=""3/2""","=""2s.2p.(3P*).3d""","=""2P*""","=""1/2""",,"=""T5109LS""","=""""",
O,2,"=""315.5906""","=""315.5914""","=""""","=""1w""","=""""",,"=""230609.45""","=""262286.82""","=""2s2.2p2.(1S).3s""","=""2S""","=""1/2""","=""2s2.2p2.(3P).5p""","=""2P*""","=""1/2""",,"=""""","=""L10621""",
O,5,"=""""","=""315.611""","=""""","=""""","=""4.16e+08""",C+,"=""808616.1""","=""840291.5""","=""1s2.2s.5f""","=""3F*""","=""4""","=""1s2.2s.6g""","=""3G""","=""5""",,"=""T5600""","=""""",
O,2,"=""316.7571""","=""316.7577""","=""""","=""9""","=""""",,"=""234402.797""","=""265963.54""","=""2s2.2p2.(3P).3d""","=""2D""","=""3/2""","=""2s2.2p2.(3P).5f F""","=""2[2]*""","=""5/2""",,"=""""","=""L10621""",
O,5,"=""""","=""316.810""","=""""","=""""","=""3.87e+08""",C+,"=""808613.9""","=""840169.4""","=""1s2.2s.5f""","=""3F*""","=""3""","=""1s2.2s.6g""","=""3G""","=""4""",,"=""T5600""","=""""",
O,4,"=""""","=""316.822""","=""""","=""""","=""9.73e+05""",B,"=""482666.1""","=""514220.4""","=""2s.2p.(3P*).3p""","=""2D""","=""3/2""","=""2s.2p.(3P*).3d""","=""2P*""","=""3/2""",,"=""T5109LS""","=""""",
O,5,"=""""","=""316.832""","=""""","=""""","=""2.58e+07""",C+,"=""808616.1""","=""840169.4""","=""1s2.2s.5f""","=""3F*""","=""4""","=""1s2.2s.6g""","=""3G""","=""4""",,"=""T5600LS""","=""""",
O,2,"=""316.8634""","=""316.8628""","=""""","=""13""","=""""",,"=""234454.634""","=""266004.90""","=""2s2.2p2.(3P).3d""","=""2D""","=""5/2""","=""2s2.2p2.(3P).5f F""","=""2[4]*""","=""7/2""",,"=""""","=""L10621""",
O,2,"=""316.9865""","=""316.9887""","=""""","=""7*""","=""""",,"=""234454.634""","=""265992.37""","=""2s2.2p2.(3P).3d""","=""2D""","=""5/2""","=""2s2.2p2.(3P).5f F""","=""2[3]*""","=""5/2""",,"=""""","=""L10621""",
O,2,"=""316.9865""","=""316.9893""","=""""","=""7*""","=""""",,"=""234454.634""","=""265992.31""","=""2s2.2p2.(3P).3d""","=""2D""","=""5/2""","=""2s2.2p2.(3P).5f F""","=""2[3]*""","=""7/2""",,"=""""","=""L10621""",
O,5,"=""""","=""317.231""","=""""","=""""","=""3.79e+08""",C+,"=""808613.0""","=""840126.7""","=""1s2.2s.5f""","=""3F*""","=""2""","=""1s2.2s.6g""","=""3G""","=""3""",,"=""T5600""","=""""",
O,5,"=""""","=""317.240""","=""""","=""""","=""3.31e+07""",C+,"=""808613.9""","=""840126.7""","=""1s2.2s.5f""","=""3F*""","=""3""","=""1s2.2s.6g""","=""3G""","=""3""",,"=""T5600LS""","=""""",
O,5,"=""""","=""317.262""","=""""","=""""","=""5.04e+05""",C+,"=""808616.1""","=""840126.7""","=""1s2.2s.5f""","=""3F*""","=""4""","=""1s2.2s.6g""","=""3G""","=""3""",,"=""T5600LS""","=""""",
O,5,"=""""","=""317.687""","=""""","=""""","=""4.12e+08""",B,"=""808916.8""","=""840385.2""","=""1s2.2s.5f""","=""1F*""","=""3""","=""1s2.2s.6g""","=""1G""","=""4""",,"=""T5600""","=""""",
O,4,"=""""","=""317.789""","=""""","=""""","=""7.59e+06""",B,"=""468337.4""","=""499795.7""","=""2s.2p.(3P*).3p""","=""4D""","=""1/2""","=""2s.2p.(3P*).3d""","=""4D*""","=""3/2""",,"=""T5109LS""","=""""",
O,4,"=""""","=""318.077""","=""""","=""""","=""1.51e+07""",B,"=""468337.4""","=""499767.2""","=""2s.2p.(3P*).3p""","=""4D""","=""1/2""","=""2s.2p.(3P*).3d""","=""4D*""","=""1/2""",,"=""T5109LS""","=""""",
O,4,"=""""","=""318.099""","=""""","=""""","=""7.06e+06""",B,"=""468414.9""","=""499842.6""","=""2s.2p.(3P*).3p""","=""4D""","=""3/2""","=""2s.2p.(3P*).3d""","=""4D*""","=""5/2""",,"=""T5109LS""","=""""",
O,4,"=""""","=""318.574""","=""""","=""""","=""1.21e+07""",B,"=""468414.9""","=""499795.7""","=""2s.2p.(3P*).3p""","=""4D""","=""3/2""","=""2s.2p.(3P*).3d""","=""4D*""","=""3/2""",,"=""T5109LS""","=""""",
O,2,"=""318.7369""","=""318.7371""","=""""","=""4w""","=""""",,"=""234402.797""","=""265767.55""","=""2s2.2p2.(3P).3d""","=""2D""","=""3/2""","=""2s2.2p2.(3P).5f D""","=""2[2]*""","=""5/2""",,"=""""","=""L10621""",
O,4,"=""""","=""318.822""","=""""","=""""","=""4.28e+06""",B,"=""468550.6""","=""499907.0""","=""2s.2p.(3P*).3p""","=""4D""","=""5/2""","=""2s.2p.(3P*).3d""","=""4D*""","=""7/2""",,"=""T5109LS""","=""""",
O,4,"=""""","=""318.864""","=""""","=""""","=""1.50e+07""",B,"=""468414.9""","=""499767.2""","=""2s.2p.(3P*).3p""","=""4D""","=""3/2""","=""2s.2p.(3P*).3d""","=""4D*""","=""1/2""",,"=""T5109LS""","=""""",
O,2,"=""319.2358""","=""319.2365""","=""""","=""3""","=""""",,"=""234402.797""","=""265718.48""","=""2s2.2p2.(3P).3d""","=""2D""","=""3/2""","=""2s2.2p2.(3P).5f G""","=""2[3]*""","=""5/2""",,"=""""","=""L10621""",
O,2,"=""319.3061""","=""319.3075""","=""""","=""3""","=""""",,"=""234454.634""","=""265763.36""","=""2s2.2p2.(3P).3d""","=""2D""","=""5/2""","=""2s2.2p2.(3P).5f G""","=""2[4]*""","=""7/2""",,"=""""","=""L10621""",
O,4,"=""""","=""319.409""","=""""","=""""","=""8.54e+06""",B,"=""482921.6""","=""514220.4""","=""2s.2p.(3P*).3p""","=""2D""","=""5/2""","=""2s.2p.(3P*).3d""","=""2P*""","=""3/2""",,"=""T5109LS""","=""""",
O,4,"=""""","=""319.478""","=""""","=""""","=""1.71e+07""",B,"=""468550.6""","=""499842.6""","=""2s.2p.(3P*).3p""","=""4D""","=""5/2""","=""2s.2p.(3P*).3d""","=""4D*""","=""5/2""",,"=""T5109LS""","=""""",
O,2,"=""319.7646""","=""319.7659""","=""""","=""1w""","=""""",,"=""234454.634""","=""265718.48""","=""2s2.2p2.(3P).3d""","=""2D""","=""5/2""","=""2s2.2p2.(3P).5f G""","=""2[3]*""","=""5/2""",,"=""""","=""L10621""",
O,3,"=""""","=""319.8181""","=""""","=""""","=""9.57e+06""",C+,"=""374571.64""","=""405830.38""","=""2s.2p2.(4P).3p""","=""3D*""","=""1""","=""2s.2p2.(4P).3d""","=""3D""","=""2""",,"=""T5376LS""","=""""",
O,4,"=""""","=""319.958""","=""""","=""""","=""1.04e+07""",B,"=""468550.6""","=""499795.7""","=""2s.2p.(3P*).3p""","=""4D""","=""5/2""","=""2s.2p.(3P*).3d""","=""4D*""","=""3/2""",,"=""T5109LS""","=""""",
O,2,"=""320.0688""","=""320.0683""","=""""","=""3""","=""""",,"=""234402.797""","=""265637.10""","=""2s2.2p2.(3P).3d""","=""2D""","=""3/2""","=""2s2.2p2.(3P).5f D""","=""2[3]*""","=""5/2""",,"=""""","=""L10621""",
O,3,"=""""","=""320.1139""","=""""","=""""","=""4.77e+07""",C+,"=""374571.64""","=""405801.50""","=""2s.2p2.(4P).3p""","=""3D*""","=""1""","=""2s.2p2.(4P).3d""","=""3D""","=""1""",,"=""T5376LS""","=""""",
O,3,"=""""","=""320.2514""","=""""","=""""","=""7.08e+06""",C+,"=""374663.52""","=""405879.97""","=""2s.2p2.(4P).3p""","=""3D*""","=""2""","=""2s.2p2.(4P).3d""","=""3D""","=""3""",,"=""T5376LS""","=""""",
O,3,"=""""","=""320.7609""","=""""","=""""","=""4.40e+07""",C+,"=""374663.52""","=""405830.38""","=""2s.2p2.(4P).3p""","=""3D*""","=""2""","=""2s.2p2.(4P).3d""","=""3D""","=""2""",,"=""T5376LS""","=""""",
O,4,"=""""","=""320.873""","=""""","=""""","=""1.75e+07""",B,"=""518699""","=""549855""","=""2s.2p.(1P*).3s""","=""2P*""","=""1/2""","=""2s.2p.(1P*).3p""","=""2P""","=""3/2""",,"=""T5109LS""","=""""",
O,4,"=""320.966""","=""320.965""","=""""","=""160""","=""2.53e+07""",B,"=""468760.0""","=""499907.0""","=""2s.2p.(3P*).3p""","=""4D""","=""7/2""","=""2s.2p.(3P*).3d""","=""4D*""","=""7/2""",,"=""T5109LS""","=""L648""",
O,4,"=""""","=""320.976""","=""""","=""""","=""8.75e+07""",B,"=""518709""","=""549855""","=""2s.2p.(1P*).3s""","=""2P*""","=""3/2""","=""2s.2p.(1P*).3p""","=""2P""","=""3/2""",,"=""T5109LS""","=""""",
O,3,"=""""","=""321.0585""","=""""","=""""","=""1.58e+07""",C+,"=""374663.52""","=""405801.50""","=""2s.2p2.(4P).3p""","=""3D*""","=""2""","=""2s.2p2.(4P).3d""","=""3D""","=""1""",,"=""T5376LS""","=""""",
O,4,"=""""","=""321.523""","=""""","=""""","=""6.96e+07""",B,"=""518699""","=""549792""","=""2s.2p.(1P*).3s""","=""2P*""","=""1/2""","=""2s.2p.(1P*).3p""","=""2P""","=""1/2""",,"=""T5109LS""","=""""",
O,2,"=""321.5877""","=""321.5866""","=""""","=""10""","=""""",,"=""267768.20+x""","=""298855.04+x""","=""2s.2p3.(5S*).3p""","=""6P""","=""3/2""","=""2s.2p3.(5S*).4s""","=""6S*""","=""5/2""",,"=""""","=""L10621""",
O,3,"=""""","=""321.6074""","=""""","=""""","=""5.58e+07""",C+,"=""374795.14""","=""405879.97""","=""2s.2p2.(4P).3p""","=""3D*""","=""3""","=""2s.2p2.(4P).3d""","=""3D""","=""3""",,"=""T5376LS""","=""""",
O,4,"=""""","=""321.626""","=""""","=""""","=""3.48e+07""",B,"=""518709""","=""549792""","=""2s.2p.(1P*).3s""","=""2P*""","=""3/2""","=""2s.2p.(1P*).3p""","=""2P""","=""1/2""",,"=""T5109LS""","=""""",
O,4,"=""""","=""321.631""","=""""","=""""","=""5.56e+06""",B,"=""468760.0""","=""499842.6""","=""2s.2p.(3P*).3p""","=""4D""","=""7/2""","=""2s.2p.(3P*).3d""","=""4D*""","=""5/2""",,"=""T5109LS""","=""""",
O,2,"=""321.6618""","=""321.6620""","=""""","=""11""","=""""",,"=""267775.48+x""","=""298855.04+x""","=""2s.2p3.(5S*).3p""","=""6P""","=""5/2""","=""2s.2p3.(5S*).4s""","=""6S*""","=""5/2""",,"=""""","=""L10621""",
O,2,"=""321.7915""","=""321.7925""","=""""","=""12""","=""""",,"=""267788.09+x""","=""298855.04+x""","=""2s.2p3.(5S*).3p""","=""6P""","=""7/2""","=""2s.2p3.(5S*).4s""","=""6S*""","=""5/2""",,"=""""","=""L10621""",
O,5,"=""""","=""321.924""","=""""","=""""","=""1.54e+07""",B,"=""677150.7""","=""708205.0""","=""1s2.2p.(2P*<1/2>).3p""","=""3D""","=""1""","=""1s2.2p.(2P*<3/2>).3d""","=""3P*""","=""0""",,"=""T3843n""","=""""",
O,3,"=""""","=""322.1213""","=""""","=""""","=""9.75e+06""",C+,"=""374795.14""","=""405830.38""","=""2s.2p2.(4P).3p""","=""3D*""","=""3""","=""2s.2p2.(4P).3d""","=""3D""","=""2""",,"=""T5376LS""","=""""",
O,5,"=""""","=""322.229""","=""""","=""""","=""1.16e+07""",B,"=""652918.0""","=""683942.9""","=""1s2.2p.(2P*<1/2>).3s""","=""3P*""","=""0""","=""1s2.2p.(2P*<3/2>).3p""","=""3S""","=""1""",,"=""T3843n""","=""""",
O,5,"=""""","=""322.754""","=""""","=""""","=""3.38e+06""",B,"=""677150.7""","=""708125.1""","=""1s2.2p.(2P*<1/2>).3p""","=""3D""","=""1""","=""1s2.2p.(2P*<3/2>).3d""","=""3P*""","=""1""",,"=""T3843n""","=""""",
O,4,"=""""","=""323.332""","=""""","=""""","=""8.67e+05""",B,"=""584541""","=""615460""","=""2s.2p.(3P*).4p""","=""2D""","=""3/2""","=""2p2.(3P).3p""","=""2D*""","=""3/2""",,"=""T5109LS""","=""""",
O,4,"=""""","=""323.636""","=""""","=""""","=""6.41e+04""",C+,"=""584541""","=""615431""","=""2s.2p.(3P*).4p""","=""2D""","=""3/2""","=""2p2.(3P).3p""","=""2D*""","=""5/2""",,"=""T5109LS""","=""""",
O,3,"=""""","=""323.641""","=""""","=""""","=""1.99e+07""",B,"=""370902.22""","=""401791.7""","=""2s2.2p.(2P*).4p""","=""1D""","=""2""","=""2s2.2p.(2P*).5d""","=""1D*""","=""2""",,"=""T5376""","=""""",
O,3,"=""323.857""","=""""","=""""","=""80""","=""""",,"=""""","=""""","=""""","=""""","=""""","=""""","=""""","=""""",,"=""""","=""L3492""",
O,5,"=""""","=""323.921""","=""""","=""""","=""3.28e+07""",B,"=""653080.1""","=""683942.9""","=""1s2.2p.(2P*<1/2>).3s""","=""3P*""","=""1""","=""1s2.2p.(2P*<3/2>).3p""","=""3S""","=""1""",,"=""T3843n""","=""""",
O,5,"=""""","=""324.261""","=""""","=""""","=""1.08e+05""",C+,"=""677150.7""","=""707981.2""","=""1s2.2p.(2P*<1/2>).3p""","=""3D""","=""1""","=""1s2.2p.(2P*<3/2>).3d""","=""3P*""","=""2""",,"=""T3843n""","=""""",
O,5,"=""""","=""324.828""","=""""","=""""","=""1.18e+07""",B,"=""677348.5""","=""708125.1""","=""1s2.2p.(2P*<1/2>).3p""","=""3D""","=""2""","=""1s2.2p.(2P*<3/2>).3d""","=""3P*""","=""1""",,"=""T3843n""","=""""",
O,4,"=""""","=""325.173""","=""""","=""""","=""1.01e+07""",B,"=""606530""","=""637274""","=""2p2.(3P).3p""","=""4P*""","=""1/2""","=""2p2.(3P).3d""","=""4P""","=""1/2""",,"=""T5109LS""","=""""",
O,4,"=""""","=""325.650""","=""""","=""""","=""9.43e+04""",C+,"=""584761""","=""615460""","=""2s.2p.(3P*).4p""","=""2D""","=""5/2""","=""2p2.(3P).3p""","=""2D*""","=""3/2""",,"=""T5109LS""","=""""",
O,4,"=""""","=""325.681""","=""""","=""""","=""5.03e+07""",B,"=""606578""","=""637274""","=""2p2.(3P).3p""","=""4P*""","=""3/2""","=""2p2.(3P).3d""","=""4P""","=""1/2""",,"=""T5109LS""","=""""",
O,3,"=""""","=""325.7087""","=""""","=""""","=""3.25e+07""",C+,"=""350024.49""","=""380717.92""","=""2s.2p2.(4P).3s""","=""3P""","=""0""","=""2s2.2p.(2P*).4d""","=""3P*""","=""1""",,"=""T5376LS""","=""""",
O,4,"=""""","=""325.830""","=""""","=""""","=""2.51e+07""",B,"=""606530""","=""637212""","=""2p2.(3P).3p""","=""4P*""","=""1/2""","=""2p2.(3P).3d""","=""4P""","=""3/2""",,"=""T5109LS""","=""""",
O,4,"=""""","=""325.958""","=""""","=""""","=""8.78e+05""",B,"=""584761""","=""615431""","=""2s.2p.(3P*).4p""","=""2D""","=""5/2""","=""2p2.(3P).3p""","=""2D*""","=""5/2""",,"=""T5109LS""","=""""",
O,3,"=""326.098""","=""326.0857""","=""""","=""200""","=""1.68e+08""",C+,"=""294002.86""","=""324660.80""","=""2s2.2p.(2P*).3p""","=""3D""","=""2""","=""2s2.2p.(2P*).3d""","=""3F*""","=""3""",,"=""T5376,T5791,LS""","=""L3467""",
O,4,"=""""","=""326.341""","=""""","=""""","=""8.00e+06""",B,"=""606578""","=""637212""","=""2p2.(3P).3p""","=""4P*""","=""3/2""","=""2p2.(3P).3d""","=""4P""","=""3/2""",,"=""T5109LS""","=""""",
O,5,"=""""","=""326.354""","=""""","=""""","=""1.86e+06""",B,"=""677348.5""","=""707981.2""","=""1s2.2p.(2P*<1/2>).3p""","=""3D""","=""2""","=""1s2.2p.(2P*<3/2>).3d""","=""3P*""","=""2""",,"=""T3843n""","=""""",
O,3,"=""326.546""","=""326.5329""","=""""","=""300""","=""1.88e+08""",C+,"=""294223.07""","=""324839.03""","=""2s2.2p.(2P*).3p""","=""3D""","=""3""","=""2s2.2p.(2P*).3d""","=""3F*""","=""4""",,"=""T5376,T5791,LS""","=""L3467""",
O,3,"=""""","=""326.5693""","=""""","=""""","=""9.68e+07""",C+,"=""350124.45""","=""380737.00""","=""2s.2p2.(4P).3s""","=""3P""","=""1""","=""2s2.2p.(2P*).4d""","=""3P*""","=""0""",,"=""T5376LS""","=""""",
O,3,"=""326.731""","=""326.7204""","=""""","=""80""","=""1.58e+08""",C+,"=""293866.49""","=""324464.88""","=""2s2.2p.(2P*).3p""","=""3D""","=""1""","=""2s2.2p.(2P*).3d""","=""3F*""","=""2""",,"=""T5376,T5791,LS""","=""L3467""",
O,3,"=""""","=""326.7729""","=""""","=""""","=""2.42e+07""",C+,"=""350124.45""","=""380717.92""","=""2s.2p2.(4P).3s""","=""3P""","=""1""","=""2s2.2p.(2P*).4d""","=""3P*""","=""1""",,"=""T5376LS""","=""""",
O,3,"=""""","=""326.8949""","=""""","=""""","=""2.41e+07""",C+,"=""350124.45""","=""380706.51""","=""2s.2p2.(4P).3s""","=""3P""","=""1""","=""2s2.2p.(2P*).4d""","=""3P*""","=""2""",,"=""T5376LS""","=""""",
O,2,"=""327.0855""","=""327.0856""","=""""","=""16""","=""1.05e+08""",C,"=""228723.84""","=""259288.07""","=""2s2.2p2.(1D).3p""","=""2F*""","=""5/2""","=""2s2.2p2.(1D).4s""","=""2D""","=""3/2""",,"=""T5723LS""","=""L10621""",
O,2,"=""""","=""327.0905""","=""""","=""""","=""5.00e+06""",C,"=""228723.84""","=""259287.61""","=""2s2.2p2.(1D).3p""","=""2F*""","=""5/2""","=""2s2.2p2.(1D).4s""","=""2D""","=""5/2""",,"=""T5723LS""","=""L11267""",
O,2,"=""327.3437""","=""327.3434""","=""""","=""17""","=""9.99e+07""",C,"=""228747.45""","=""259287.61""","=""2s2.2p2.(1D).3p""","=""2F*""","=""7/2""","=""2s2.2p2.(1D).4s""","=""2D""","=""5/2""",,"=""T5723LS""","=""L10621""",
O,4,"=""""","=""327.399""","=""""","=""""","=""1.78e+07""",B,"=""606578""","=""637113""","=""2p2.(3P).3p""","=""4P*""","=""3/2""","=""2p2.(3P).3d""","=""4P""","=""5/2""",,"=""T5109LS""","=""""",
O,4,"=""""","=""327.548""","=""""","=""""","=""2.35e+06""",C+,"=""482666.1""","=""513187.2""","=""2s.2p.(3P*).3p""","=""2D""","=""3/2""","=""2s2.4f""","=""2F*""","=""5/2""",,"=""T5109LS""","=""""",
O,2,"=""327.5622""","=""327.5612""","=""""","=""1""","=""""",,"=""231350.087""","=""261869.94""","=""2s2.2p2.(3P).3d""","=""4F""","=""5/2""","=""2s2.2p2.(3P).5p""","=""2D*""","=""5/2""",,"=""""","=""L10621""",
O,5,"=""""","=""327.564""","=""""","=""""","=""4.76e+07""",B,"=""653423.3""","=""683942.9""","=""1s2.2p.(2P*<3/2>).3s""","=""3P*""","=""2""","=""1s2.2p.(2P*<3/2>).3p""","=""3S""","=""1""",,"=""T3843n""","=""""",
O,4,"=""""","=""327.581""","=""""","=""""","=""2.67e+07""",B,"=""606694""","=""637212""","=""2p2.(3P).3p""","=""4P*""","=""5/2""","=""2p2.(3P).3d""","=""4P""","=""3/2""",,"=""T5109LS""","=""""",
O,2,"=""327.7566""","=""327.7561""","=""""","=""17""","=""2.02e+07""",B,"=""208392.258""","=""238893.96""","=""2s2.2p2.(3P).3p""","=""4P*""","=""3/2""","=""2s2.2p2.(3P).4s""","=""4P""","=""5/2""",,"=""T6632""","=""L10621""",
O,3,"=""""","=""328.1831""","=""""","=""""","=""2.89e+07""",C+,"=""294002.86""","=""324464.88""","=""2s2.2p.(2P*).3p""","=""3D""","=""2""","=""2s2.2p.(2P*).3d""","=""3F*""","=""2""",,"=""T5376,T5791,LS""","=""""",
O,2,"=""""","=""328.19936""","=""""","=""""","=""1.16e+06""",C,"=""203942.288""","=""234402.797""","=""2s2.2p2.(3P).3p""","=""2S*""","=""1/2""","=""2s2.2p2.(3P).3d""","=""2D""","=""3/2""",,"=""T6172""","=""""",
O,3,"=""""","=""328.4450""","=""""","=""""","=""2.06e+07""",C+,"=""294223.07""","=""324660.80""","=""2s2.2p.(2P*).3p""","=""3D""","=""3""","=""2s2.2p.(2P*).3d""","=""3F*""","=""3""",,"=""T5376,T5791,LS""","=""""",
O,2,"=""328.5016""","=""328.5016""","=""""","=""3w""","=""""",,"=""255622.80""","=""286055.28?""","=""2s2.2p2.(1D).3d""","=""2S""","=""1/2""","=""2s2.2p2.(1D).5f P""","=""2[1]*""","=""3/2""",,"=""""","=""L10621""",
O,3,"=""""","=""328.6414""","=""""","=""""","=""3.96e+07""",C+,"=""350298.38""","=""380717.92""","=""2s.2p2.(4P).3s""","=""3P""","=""2""","=""2s2.2p.(2P*).4d""","=""3P*""","=""1""",,"=""T5376LS""","=""""",
O,4,"=""""","=""328.647""","=""""","=""""","=""4.11e+07""",B,"=""606694""","=""637113""","=""2p2.(3P).3p""","=""4P*""","=""5/2""","=""2p2.(3P).3d""","=""4P""","=""5/2""",,"=""T5109LS""","=""""",
O,2,"=""328.7472""","=""328.7471""","=""""","=""21""","=""4.92e+07""",B,"=""208484.202""","=""238893.96""","=""2s2.2p2.(3P).3p""","=""4P*""","=""5/2""","=""2s2.2p2.(3P).4s""","=""4P""","=""5/2""",,"=""T6632""","=""L10621""",
O,3,"=""""","=""328.7647""","=""""","=""""","=""7.12e+07""",C+,"=""350298.38""","=""380706.51""","=""2s.2p2.(4P).3s""","=""3P""","=""2""","=""2s2.2p.(2P*).4d""","=""3P*""","=""2""",,"=""T5376LS""","=""""",
O,2,"=""328.9981""","=""328.9982""","=""""","=""17""","=""""",,"=""208346.104""","=""238732.65""","=""2s2.2p2.(3P).3p""","=""4P*""","=""1/2""","=""2s2.2p2.(3P).4s""","=""4P""","=""3/2""",,"=""""","=""L10621""",
O,2,"=""329.4992""","=""329.4987""","=""""","=""14""","=""1.00e+07""",B,"=""208392.258""","=""238732.65""","=""2s2.2p2.(3P).3p""","=""4P*""","=""3/2""","=""2s2.2p2.(3P).4s""","=""4P""","=""3/2""",,"=""T6632""","=""L10621""",
O,5,"=""""","=""329.762""","=""""","=""""","=""1.30e+07""",B,"=""677665.0""","=""707981.2""","=""1s2.2p.(2P*<3/2>).3p""","=""3D""","=""3""","=""1s2.2p.(2P*<3/2>).3d""","=""3P*""","=""2""",,"=""T3843n""","=""""",
O,1,"=""""","=""329.89896""","=""""","=""""","=""1.43e+05""",D,"=""99680.968""","=""129984.553""","=""2s2.2p3.(4S*).4p""","=""3P""","=""1""","=""2s2.2p3.(2D*<3/2>).4d""","=""3P*""","=""0""",,"=""T5713LS""","=""""",
O,3,"=""""","=""329.9385""","=""""","=""""","=""1.64e+07""",C+,"=""267258.71""","=""297558.66""","=""2s2.2p.(2P*).3s""","=""3P*""","=""0""","=""2s2.2p.(2P*).3p""","=""3S""","=""1""",,"=""u24""","=""""",
O,1,"=""""","=""329.95525""","=""""","=""""","=""3.57e+04""",D,"=""99680.968""","=""129979.384""","=""2s2.2p3.(4S*).4p""","=""3P""","=""1""","=""2s2.2p3.(2D*<3/2>).4d""","=""3P*""","=""1""",,"=""T5713LS""","=""""",
O,1,"=""""","=""329.95613""","=""""","=""""","=""5.95e+04""",C,"=""99681.049""","=""129979.384""","=""2s2.2p3.(4S*).4p""","=""3P""","=""2""","=""2s2.2p3.(2D*<3/2>).4d""","=""3P*""","=""1""",,"=""T5713LS""","=""""",
O,1,"=""""","=""329.95896""","=""""","=""""","=""4.76e+04""",D,"=""99681.309""","=""129979.384""","=""2s2.2p3.(4S*).4p""","=""3P""","=""0""","=""2s2.2p3.(2D*<3/2>).4d""","=""3P*""","=""1""",,"=""T5713LS""","=""""",
O,1,"=""""","=""330.05748""","=""""","=""""","=""3.57e+04""",C,"=""99680.968""","=""129970.000""","=""2s2.2p3.(4S*).4p""","=""3P""","=""1""","=""2s2.2p3.(2D*<3/2>).4d""","=""3P*""","=""2""",,"=""T5713LS""","=""""",
O,1,"=""""","=""330.05836""","=""""","=""""","=""1.07e+05""",C,"=""99681.049""","=""129970.000""","=""2s2.2p3.(4S*).4p""","=""3P""","=""2""","=""2s2.2p3.(2D*<3/2>).4d""","=""3P*""","=""2""",,"=""T5713LS""","=""""",
O,2,"=""330.1407""","=""330.1411""","=""""","=""10""","=""1.06e+07""",B,"=""208346.104""","=""238627.46""","=""2s2.2p2.(3P).3p""","=""4P*""","=""1/2""","=""2s2.2p2.(3P).4s""","=""4P""","=""1/2""",,"=""T6632""","=""L10621""",
O,4,"=""""","=""330.192""","=""""","=""""","=""2.46e+06""",C+,"=""482921.6""","=""513198.3""","=""2s.2p.(3P*).3p""","=""2D""","=""5/2""","=""2s2.4f""","=""2F*""","=""7/2""",,"=""T5109LS""","=""""",
O,4,"=""""","=""330.313""","=""""","=""""","=""1.64e+05""",C,"=""482921.6""","=""513187.2""","=""2s.2p.(3P*).3p""","=""2D""","=""5/2""","=""2s2.4f""","=""2F*""","=""5/2""",,"=""T5109LS""","=""""",
O,2,"=""330.5005""","=""330.5003""","=""""","=""17""","=""2.89e+07""",B,"=""208484.202""","=""238732.65""","=""2s2.2p2.(3P).3p""","=""4P*""","=""5/2""","=""2s2.2p2.(3P).4s""","=""4P""","=""3/2""",,"=""T6632""","=""L10621""",
O,3,"=""""","=""330.5729""","=""""","=""""","=""7.98e+05""",C+,"=""294223.07""","=""324464.88""","=""2s2.2p.(2P*).3p""","=""3D""","=""3""","=""2s2.2p.(2P*).3d""","=""3F*""","=""2""",,"=""T5376,T5791,LS""","=""""",
O,2,"=""330.6449""","=""330.6451""","=""""","=""17""","=""5.55e+07""",B,"=""208392.258""","=""238627.46""","=""2s2.2p2.(3P).3p""","=""4P*""","=""3/2""","=""2s2.2p2.(3P).4s""","=""4P""","=""1/2""",,"=""T6632""","=""L10621""",
O,3,"=""331.230""","=""331.2329""","=""""","=""80""","=""4.60e+07""",C+,"=""267377.11""","=""297558.66""","=""2s2.2p.(2P*).3s""","=""3P*""","=""1""","=""2s2.2p.(2P*).3p""","=""3S""","=""1""",,"=""u24""","=""L3467""",
O,3,"=""""","=""332.6055""","=""""","=""""","=""2.65e+07""",C+,"=""368538.65""","=""398595.65""","=""2s.2p2.(4P).3p""","=""5P*""","=""1""","=""2s.2p2.(4P).3d""","=""5P""","=""1""",,"=""T5376LS""","=""""",
O,1,"=""""","=""332.621""","=""""","=""""","=""2.17e+05""",C,"=""99680.968""","=""129736.6""","=""2s2.2p3.(4S*).4p""","=""3P""","=""1""","=""2s2.2p3.(2D*<3/2>).4d""","=""3S*""","=""1""",,"=""T5803""","=""""",
O,1,"=""""","=""332.622""","=""""","=""""","=""3.64e+05""",C+,"=""99681.049""","=""129736.6""","=""2s2.2p3.(4S*).4p""","=""3P""","=""2""","=""2s2.2p3.(2D*<3/2>).4d""","=""3S*""","=""1""",,"=""T5803""","=""""",
O,1,"=""""","=""332.624""","=""""","=""""","=""7.22e+04""",C,"=""99681.309""","=""129736.6""","=""2s2.2p3.(4S*).4p""","=""3P""","=""0""","=""2s2.2p3.(2D*<3/2>).4d""","=""3S*""","=""1""",,"=""T5803""","=""""",
O,1,"=""""","=""332.993""","=""""","=""""","=""1.10e+04""",D,"=""99680.968""","=""129703.0""","=""2s2.2p3.(4S*).4p""","=""3P""","=""1""","=""2s2.2p3.(2D*<5/2>).4d""","=""3D*""","=""1""",,"=""T5803""","=""""",
O,1,"=""""","=""332.997""","=""""","=""""","=""1.45e+04""",D,"=""99681.309""","=""129703.0""","=""2s2.2p3.(4S*).4p""","=""3P""","=""0""","=""2s2.2p3.(2D*<5/2>).4d""","=""3D*""","=""1""",,"=""T5803""","=""""",
O,3,"=""""","=""333.0301""","=""""","=""""","=""6.81e+07""",C+,"=""338577.25""","=""368595.93""","=""2s.2p2.(4P).3s""","=""5P""","=""1""","=""2s.2p2.(4P).3p""","=""5P*""","=""2""",,"=""T5376LS""","=""""",
O,3,"=""""","=""333.0319""","=""""","=""""","=""4.76e+07""",C+,"=""368538.65""","=""398557.17""","=""2s.2p2.(4P).3p""","=""5P*""","=""1""","=""2s.2p2.(4P).3d""","=""5P""","=""2""",,"=""T5376LS""","=""""",
O,1,"=""""","=""333.054""","=""""","=""""","=""2.01e+04""",D,"=""99680.968""","=""129697.5""","=""2s2.2p3.(4S*).4p""","=""3P""","=""1""","=""2s2.2p3.(2D*<5/2>).4d""","=""3D*""","=""2""",,"=""T5803""","=""""",
O,1,"=""""","=""333.055""","=""""","=""""","=""6.72e+03""",D,"=""99681.049""","=""129697.5""","=""2s2.2p3.(4S*).4p""","=""3P""","=""2""","=""2s2.2p3.(2D*<5/2>).4d""","=""3D*""","=""2""",,"=""T5803""","=""""",
O,1,"=""""","=""333.113""","=""""","=""""","=""2.81e+04""",D,"=""99681.049""","=""129692.3""","=""2s2.2p3.(4S*).4p""","=""3P""","=""2""","=""2s2.2p3.(2D*<5/2>).4d""","=""3D*""","=""3""",,"=""T5803""","=""""",
O,3,"=""""","=""333.2406""","=""""","=""""","=""7.92e+07""",C+,"=""368595.93""","=""398595.65""","=""2s.2p2.(4P).3p""","=""5P*""","=""2""","=""2s.2p2.(4P).3d""","=""5P""","=""1""",,"=""T5376LS""","=""""",
O,3,"=""""","=""333.2928""","=""""","=""""","=""5.04e+07""",C+,"=""338701.98""","=""368697.00""","=""2s.2p2.(4P).3s""","=""5P""","=""2""","=""2s.2p2.(4P).3p""","=""5P*""","=""3""",,"=""T5376LS""","=""""",
O,3,"=""""","=""333.6668""","=""""","=""""","=""3.76e+07""",C+,"=""338577.25""","=""368538.65""","=""2s.2p2.(4P).3s""","=""5P""","=""1""","=""2s.2p2.(4P).3p""","=""5P*""","=""1""",,"=""T5376LS""","=""""",
O,3,"=""""","=""333.6686""","=""""","=""""","=""8.77e+06""",C+,"=""368595.93""","=""398557.17""","=""2s.2p2.(4P).3p""","=""5P*""","=""2""","=""2s.2p2.(4P).3d""","=""5P""","=""2""",,"=""T5376LS""","=""""",
O,3,"=""334.074""","=""334.0765""","=""""","=""110""","=""6.57e+07""",C+,"=""267634.00""","=""297558.66""","=""2s2.2p.(2P*).3s""","=""3P*""","=""2""","=""2s2.2p.(2P*).3p""","=""3S""","=""1""",,"=""u24""","=""L3467""",
O,3,"=""""","=""334.4197""","=""""","=""""","=""1.25e+07""",C+,"=""338701.98""","=""368595.93""","=""2s.2p2.(4P).3s""","=""5P""","=""2""","=""2s.2p2.(4P).3p""","=""5P*""","=""2""",,"=""T5376LS""","=""""",
O,3,"=""""","=""334.4510""","=""""","=""""","=""3.48e+07""",C+,"=""368595.93""","=""398487.08""","=""2s.2p2.(4P).3p""","=""5P*""","=""2""","=""2s.2p2.(4P).3d""","=""5P""","=""3""",,"=""T5376LS""","=""""",
O,3,"=""""","=""334.7980""","=""""","=""""","=""4.86e+07""",C+,"=""368697.00""","=""398557.17""","=""2s.2p2.(4P).3p""","=""5P*""","=""3""","=""2s.2p2.(4P).3d""","=""5P""","=""2""",,"=""T5376LS""","=""""",
O,4,"=""334.808""","=""334.806""","=""""","=""230""","=""8.51e+07""",B,"=""452806.6""","=""482666.1""","=""2s.2p.(3P*).3s""","=""2P*""","=""1/2""","=""2s.2p.(3P*).3p""","=""2D""","=""3/2""",,"=""T5109LS""","=""L648""",
O,4,"=""334.911""","=""334.911""","=""""","=""270""","=""1.02e+08""",B,"=""453071.5""","=""482921.6""","=""2s.2p.(3P*).3s""","=""2P*""","=""3/2""","=""2s.2p.(3P*).3p""","=""2D""","=""5/2""",,"=""T5109LS""","=""L648""",
O,3,"=""""","=""335.0617""","=""""","=""""","=""1.12e+08""",C+,"=""338701.98""","=""368538.65""","=""2s.2p2.(4P).3s""","=""5P""","=""2""","=""2s.2p2.(4P).3p""","=""5P*""","=""1""",,"=""T5376LS""","=""""",
O,3,"=""""","=""335.0921""","=""""","=""""","=""9.91e+07""",C+,"=""338863.03""","=""368697.00""","=""2s.2p2.(4P).3s""","=""5P""","=""3""","=""2s.2p2.(4P).3p""","=""5P*""","=""3""",,"=""T5376LS""","=""""",
O,2,"=""""","=""335.1310""","=""""","=""""","=""""",,"=""231350.087""","=""261180.59""","=""2s2.2p2.(3P).3d""","=""4F""","=""5/2""","=""2s2.2p2.(3P).5p""","=""4D*""","=""7/2""",,"=""""","=""L11267""",
O,4,"=""335.427""","=""335.427""","=""""","=""160""","=""7.71e+07""",B,"=""474478.1""","=""504282.3""","=""2s.2p.(3P*).3p""","=""4S""","=""3/2""","=""2s.2p.(3P*).3d""","=""4P*""","=""1/2""",,"=""T5109LS""","=""L648""",
O,3,"=""""","=""335.5858""","=""""","=""""","=""6.89e+07""",C+,"=""368697.00""","=""398487.08""","=""2s.2p2.(4P).3p""","=""5P*""","=""3""","=""2s.2p2.(4P).3d""","=""5P""","=""3""",,"=""T5376LS""","=""""",
O,2,"=""336.0105""","=""336.0083""","=""""","=""3""","=""""",,"=""231427.970""","=""261180.59""","=""2s2.2p2.(3P).3d""","=""4F""","=""7/2""","=""2s2.2p2.(3P).5p""","=""4D*""","=""7/2""",,"=""""","=""L10621""",
O,2,"=""336.0279""","=""336.0281""","=""""","=""2""","=""""",,"=""232535.949""","=""262286.82""","=""2s2.2p2.(3P).3d""","=""4P""","=""3/2""","=""2s2.2p2.(3P).5p""","=""2P*""","=""1/2""",,"=""""","=""L10621""",
O,2,"=""""","=""336.0616""","=""""","=""""","=""""",,"=""231296.126""","=""261044.03""","=""2s2.2p2.(3P).3d""","=""4F""","=""3/2""","=""2s2.2p2.(3P).5p""","=""4D*""","=""5/2""",,"=""""","=""L11267""",
O,3,"=""""","=""336.2312""","=""""","=""""","=""6.87e+07""",C+,"=""338863.03""","=""368595.93""","=""2s.2p2.(4P).3s""","=""5P""","=""3""","=""2s.2p2.(4P).3p""","=""5P*""","=""2""",,"=""T5376LS""","=""""",
O,4,"=""""","=""336.255""","=""""","=""""","=""7.65e+07""",B,"=""474478.1""","=""504208.9""","=""2s.2p.(3P*).3p""","=""4S""","=""3/2""","=""2s.2p.(3P*).3d""","=""4P*""","=""3/2""",,"=""T5109LS""","=""""",
O,4,"=""""","=""336.321""","=""""","=""""","=""3.99e+07""",B,"=""576853""","=""606578""","=""2p2.(3P).3s""","=""4P""","=""1/2""","=""2p2.(3P).3p""","=""4P*""","=""3/2""",,"=""T5109LS""","=""""",
O,4,"=""""","=""336.638""","=""""","=""""","=""2.86e+07""",B,"=""576997""","=""606694""","=""2p2.(3P).3s""","=""4P""","=""3/2""","=""2p2.(3P).3p""","=""4P*""","=""5/2""",,"=""T5109LS""","=""""",
O,2,"=""336.6706""","=""336.6723""","=""""","=""1w""","=""""",,"=""231350.087""","=""261044.03""","=""2s2.2p2.(3P).3d""","=""4F""","=""5/2""","=""2s2.2p2.(3P).5p""","=""4D*""","=""5/2""",,"=""""","=""L10621""",
O,4,"=""""","=""336.865""","=""""","=""""","=""1.59e+07""",B,"=""576853""","=""606530""","=""2p2.(3P).3s""","=""4P""","=""1/2""","=""2p2.(3P).3p""","=""4P*""","=""1/2""",,"=""T5109LS""","=""""",
O,2,"=""337.0279""","=""337.0293""","=""""","=""6""","=""""",,"=""231296.126""","=""260958.62""","=""2s2.2p2.(3P).3d""","=""4F""","=""3/2""","=""2s2.2p2.(3P).5p""","=""4D*""","=""3/2""",,"=""""","=""L10621""",
O,2,"=""337.1683""","=""337.1674""","=""""","=""9""","=""""",,"=""231530.246""","=""261180.59""","=""2s2.2p2.(3P).3d""","=""4F""","=""9/2""","=""2s2.2p2.(3P).5p""","=""4D*""","=""7/2""",,"=""""","=""L10621""",
O,2,"=""337.4077""","=""337.4066""","=""""","=""1""","=""""",,"=""248515.30""","=""278144.62""","=""2s2.2p2.(3P).4p""","=""2P*""","=""3/2""","=""2s2.2p2.(1D).5s""","=""2D""","=""5/2""",,"=""""","=""L10621""",
O,2,"=""337.4899""","=""337.4892""","=""""","=""1""","=""""",,"=""232745.981""","=""262368.05""","=""2s2.2p2.(3P).3d""","=""4D""","=""3/2""","=""2s2.2p2.(3P).5p""","=""2P*""","=""3/2""",,"=""""","=""L10621""",
O,4,"=""337.540""","=""337.540""","=""""","=""200""","=""7.56e+07""",B,"=""474478.1""","=""504095.7""","=""2s.2p.(3P*).3p""","=""4S""","=""3/2""","=""2s.2p.(3P*).3d""","=""4P*""","=""5/2""",,"=""T5109LS""","=""L648""",
O,2,"=""337.5582""","=""337.5577""","=""""","=""3""","=""""",,"=""231427.970""","=""261044.03""","=""2s2.2p2.(3P).3d""","=""4F""","=""7/2""","=""2s2.2p2.(3P).5p""","=""4D*""","=""5/2""",,"=""""","=""L10621""",
O,2,"=""337.5606""","=""337.5603""","=""""","=""2""","=""""",,"=""231296.126""","=""260911.96""","=""2s2.2p2.(3P).3d""","=""4F""","=""3/2""","=""2s2.2p2.(3P).5p""","=""4D*""","=""1/2""",,"=""""","=""L10621""",
O,2,"=""337.6436""","=""337.6435""","=""""","=""3""","=""""",,"=""231350.087""","=""260958.62""","=""2s2.2p2.(3P).3d""","=""4F""","=""5/2""","=""2s2.2p2.(3P).5p""","=""4D*""","=""3/2""",,"=""""","=""L10621""",
O,3,"=""""","=""337.6612""","=""""","=""""","=""1.49e+08""",C+,"=""368538.65""","=""398145.63""","=""2s.2p2.(4P).3p""","=""5P*""","=""1""","=""2s.2p2.(4P).3d""","=""5D""","=""0""",,"=""T5376LS""","=""""",
O,3,"=""""","=""337.6765""","=""""","=""""","=""1.12e+08""",C+,"=""368538.65""","=""398144.29""","=""2s.2p2.(4P).3p""","=""5P*""","=""1""","=""2s.2p2.(4P).3d""","=""5D""","=""1""",,"=""T5376LS""","=""""",
O,2,"=""337.7146""","=""337.7146""","=""""","=""21""","=""1.33e+08""",C+,"=""203942.288""","=""233544.59""","=""2s2.2p2.(3P).3p""","=""2S*""","=""1/2""","=""2s2.2p2.(3P).3d""","=""2P""","=""1/2""",,"=""T6172,T6632""","=""L10621""",
O,3,"=""""","=""337.7264""","=""""","=""""","=""5.20e+07""",C+,"=""368538.65""","=""398139.92""","=""2s.2p2.(4P).3p""","=""5P*""","=""1""","=""2s.2p2.(4P).3d""","=""5D""","=""2""",,"=""T5376LS""","=""""",
O,4,"=""337.806""","=""337.802""","=""""","=""130""","=""1.66e+07""",B,"=""453071.5""","=""482666.1""","=""2s.2p.(3P*).3s""","=""2P*""","=""3/2""","=""2s.2p.(3P*).3p""","=""2D""","=""3/2""",,"=""T5109LS""","=""L648""",
O,4,"=""""","=""337.958""","=""""","=""""","=""1.26e+07""",B,"=""576997""","=""606578""","=""2p2.(3P).3s""","=""4P""","=""3/2""","=""2p2.(3P).3p""","=""4P*""","=""3/2""",,"=""T5109LS""","=""""",
O,4,"=""338.120""","=""338.121""","=""""","=""360""","=""7.19e+07""",B,"=""438983.9""","=""468550.6""","=""2s.2p.(3P*).3s""","=""4P*""","=""3/2""","=""2s.2p.(3P*).3p""","=""4D""","=""5/2""",,"=""T5109LS""","=""L648""",
O,4,"=""""","=""338.130""","=""""","=""""","=""4.28e+07""",B,"=""438849.0""","=""468414.9""","=""2s.2p.(3P*).3s""","=""4P*""","=""1/2""","=""2s.2p.(3P*).3p""","=""4D""","=""3/2""",,"=""T5109LS""","=""""",
O,3,"=""""","=""338.2612""","=""""","=""""","=""9.86e+07""",C+,"=""368595.93""","=""398150.40""","=""2s.2p2.(4P).3p""","=""5P*""","=""2""","=""2s.2p2.(4P).3d""","=""5D""","=""3""",,"=""T5376LS""","=""""",
O,3,"=""""","=""338.3311""","=""""","=""""","=""3.70e+07""",C+,"=""368595.93""","=""398144.29""","=""2s.2p2.(4P).3p""","=""5P*""","=""2""","=""2s.2p2.(4P).3d""","=""5D""","=""1""",,"=""T5376LS""","=""""",
O,3,"=""""","=""338.3812""","=""""","=""""","=""8.62e+07""",C+,"=""368595.93""","=""398139.92""","=""2s.2p2.(4P).3p""","=""5P*""","=""2""","=""2s.2p2.(4P).3d""","=""5D""","=""2""",,"=""T5376LS""","=""""",
O,3,"=""""","=""338.4901""","=""""","=""""","=""1.48e+08""",C+,"=""368697.00""","=""398231.48""","=""2s.2p2.(4P).3p""","=""5P*""","=""3""","=""2s.2p2.(4P).3d""","=""5D""","=""4""",,"=""T5376LS""","=""""",
O,4,"=""""","=""338.507""","=""""","=""""","=""7.82e+07""",B,"=""576997""","=""606530""","=""2p2.(3P).3s""","=""4P""","=""3/2""","=""2p2.(3P).3p""","=""4P*""","=""1/2""",,"=""T5109LS""","=""""",
O,4,"=""338.552""","=""338.552""","=""""","=""360""","=""1.02e+08""",B,"=""439230.9""","=""468760.0""","=""2s.2p.(3P*).3s""","=""4P*""","=""5/2""","=""2s.2p.(3P*).3p""","=""4D""","=""7/2""",,"=""T5109LS""","=""L648""",
O,4,"=""""","=""339.019""","=""""","=""""","=""8.49e+07""",B,"=""438849.0""","=""468337.4""","=""2s.2p.(3P*).3s""","=""4P*""","=""1/2""","=""2s.2p.(3P*).3p""","=""4D""","=""1/2""",,"=""T5109LS""","=""""",
O,2,"=""339.0209""","=""339.0209""","=""""","=""23""","=""1.31e+08""",C+,"=""203942.288""","=""233430.53""","=""2s2.2p2.(3P).3p""","=""2S*""","=""1/2""","=""2s2.2p2.(3P).3d""","=""2P""","=""3/2""",,"=""T6172,T6632""","=""L10621""",
O,4,"=""""","=""339.058""","=""""","=""""","=""6.54e+07""",B,"=""577209""","=""606694""","=""2p2.(3P).3s""","=""4P""","=""5/2""","=""2p2.(3P).3p""","=""4P*""","=""5/2""",,"=""T5109LS""","=""""",
O,3,"=""""","=""339.4220""","=""""","=""""","=""4.88e+07""",C+,"=""368697.00""","=""398150.40""","=""2s.2p2.(4P).3p""","=""5P*""","=""3""","=""2s.2p2.(4P).3d""","=""5D""","=""3""",,"=""T5376LS""","=""""",
O,3,"=""""","=""339.5428""","=""""","=""""","=""9.75e+06""",C+,"=""368697.00""","=""398139.92""","=""2s.2p2.(4P).3p""","=""5P*""","=""3""","=""2s.2p2.(4P).3d""","=""5D""","=""2""",,"=""T5376LS""","=""""",
O,4,"=""339.679""","=""339.680""","=""""","=""270""","=""5.40e+07""",B,"=""438983.9""","=""468414.9""","=""2s.2p.(3P*).3s""","=""4P*""","=""3/2""","=""2s.2p.(3P*).3p""","=""4D""","=""3/2""",,"=""T5109LS""","=""L648""",
O,4,"=""340.352""","=""340.355""","=""""","=""360""","=""8.52e+07""",B,"=""390161.2""","=""419533.9""","=""2s2.3p""","=""2P*""","=""1/2""","=""2s2.3d""","=""2D""","=""3/2""",,"=""T5109LS""","=""L648""",
O,4,"=""""","=""340.397""","=""""","=""""","=""4.15e+07""",B,"=""577209""","=""606578""","=""2p2.(3P).3s""","=""4P""","=""5/2""","=""2p2.(3P).3p""","=""4P*""","=""3/2""",,"=""T5109LS""","=""""",
O,3,"=""""","=""340.5718""","=""""","=""""","=""1.93e+07""",C+,"=""300229.93""","=""329583.89""","=""2s2.2p.(2P*).3p""","=""3P""","=""0""","=""2s2.2p.(2P*).3d""","=""3P*""","=""1""",,"=""T5376,T5791,LS""","=""""",
O,4,"=""""","=""340.577""","=""""","=""""","=""1.67e+07""",B,"=""438983.9""","=""468337.4""","=""2s.2p.(3P*).3s""","=""4P*""","=""3/2""","=""2s.2p.(3P*).3p""","=""4D""","=""1/2""",,"=""T5109LS""","=""""",
O,2,"=""""","=""340.7223""","=""""","=""""","=""1.09e+07""",C,"=""229947.07""","=""259288.07""","=""2s2.2p2.(1D).3p""","=""2D*""","=""5/2""","=""2s2.2p2.(1D).4s""","=""2D""","=""3/2""",,"=""T5723LS""","=""L11267""",
O,2,"=""340.7273""","=""340.7276""","=""""","=""17""","=""1.02e+08""",C,"=""229947.07""","=""259287.61""","=""2s2.2p2.(1D).3p""","=""2D*""","=""5/2""","=""2s2.2p2.(1D).4s""","=""2D""","=""5/2""",,"=""T5723LS""","=""L10621""",
O,3,"=""""","=""340.8131""","=""""","=""""","=""5.79e+07""",C+,"=""300311.96""","=""329645.14""","=""2s2.2p.(2P*).3p""","=""3P""","=""1""","=""2s2.2p.(2P*).3d""","=""3P*""","=""0""",,"=""T5376,T5791,LS""","=""""",
O,4,"=""340.966""","=""340.970""","=""""","=""230""","=""3.00e+07""",B,"=""439230.9""","=""468550.6""","=""2s.2p.(3P*).3s""","=""4P*""","=""5/2""","=""2s.2p.(3P*).3p""","=""4D""","=""5/2""",,"=""T5109LS""","=""L648""",
O,2,"=""340.9710""","=""340.9706""","=""""","=""16""","=""9.77e+07""",C,"=""229968.44""","=""259288.07""","=""2s2.2p2.(1D).3p""","=""2D*""","=""3/2""","=""2s2.2p2.(1D).4s""","=""2D""","=""3/2""",,"=""T5723LS""","=""L10621""",
O,2,"=""""","=""340.9760""","=""""","=""""","=""7.24e+06""",C,"=""229968.44""","=""259287.61""","=""2s2.2p2.(1D).3p""","=""2D*""","=""3/2""","=""2s2.2p2.(1D).4s""","=""2D""","=""5/2""",,"=""T5723LS""","=""L11267""",
O,4,"=""""","=""341.094""","=""""","=""""","=""5.26e+05""",B,"=""570797""","=""600106""","=""2s.2p.(1P*).3d""","=""2F*""","=""7/2""","=""2p2.(1D).3s""","=""2D""","=""5/2""",,"=""T5109LS""","=""""",
O,4,"=""""","=""341.024""","=""""","=""""","=""2.63e+04""",C+,"=""570791""","=""600106""","=""2s.2p.(1P*).3d""","=""2F*""","=""5/2""","=""2p2.(1D).3s""","=""2D""","=""5/2""",,"=""T5109LS""","=""""",
O,4,"=""341.169""","=""341.169""","=""""","=""410""","=""1.02e+08""",B,"=""390248.0""","=""419550.6""","=""2s2.3p""","=""2P*""","=""3/2""","=""2s2.3d""","=""2D""","=""5/2""",,"=""T5109LS""","=""L648""",
O,4,"=""""","=""341.187""","=""""","=""""","=""5.51e+05""",B,"=""570791""","=""600092""","=""2s.2p.(1P*).3d""","=""2F*""","=""5/2""","=""2p2.(1D).3s""","=""2D""","=""3/2""",,"=""T5109LS""","=""""",
O,4,"=""341.364""","=""341.363""","=""""","=""230""","=""1.69e+07""",B,"=""390248.0""","=""419533.9""","=""2s2.3p""","=""2P*""","=""3/2""","=""2s2.3d""","=""2D""","=""3/2""",,"=""T5109LS""","=""L648""",
O,3,"=""""","=""341.5262""","=""""","=""""","=""1.44e+07""",C+,"=""300311.96""","=""329583.89""","=""2s2.2p.(2P*).3p""","=""3P""","=""1""","=""2s2.2p.(2P*).3d""","=""3P*""","=""1""",,"=""T5376,T5791,LS""","=""""",
O,2,"=""341.9841""","=""341.9849""","=""""","=""6""","=""""",,"=""252987.23""","=""282219.90""","=""2s2.2p2.(1S).3p""","=""2P*""","=""1/2""","=""2s2.2p2.(1S).4s""","=""2S""","=""1/2""",,"=""""","=""L10621""",
O,2,"=""342.0571""","=""342.0570""","=""""","=""7""","=""""",,"=""252993.39""","=""282219.90""","=""2s2.2p2.(1S).3p""","=""2P*""","=""3/2""","=""2s2.2p2.(1S).4s""","=""2S""","=""1/2""",,"=""""","=""L10621""",
O,3,"=""""","=""342.3364""","=""""","=""""","=""3.62e+07""",C+,"=""350024.49""","=""379227.15""","=""2s.2p2.(4P).3s""","=""3P""","=""0""","=""2s2.2p.(2P*).4d""","=""3D*""","=""1""",,"=""T5376LS""","=""""",
O,4,"=""""","=""342.555""","=""""","=""""","=""4.94e+06""",B,"=""439230.9""","=""468414.9""","=""2s.2p.(3P*).3s""","=""4P*""","=""5/2""","=""2s.2p.(3P*).3p""","=""4D""","=""3/2""",,"=""T5109LS""","=""""",
O,3,"=""""","=""342.7364""","=""""","=""""","=""4.87e+07""",C+,"=""350124.45""","=""379293.03""","=""2s.2p2.(4P).3s""","=""3P""","=""1""","=""2s2.2p.(2P*).4d""","=""3D*""","=""2""",,"=""T5376LS""","=""""",
O,2,"=""342.8509""","=""342.8509""","=""""","=""2""","=""""",,"=""232462.724""","=""261621.56""","=""2s2.2p2.(3P).3d""","=""4P""","=""5/2""","=""2s2.2p2.(3P).5p""","=""4S*""","=""3/2""",,"=""""","=""L10621""",
O,3,"=""""","=""342.8626""","=""""","=""""","=""1.42e+07""",C+,"=""300311.96""","=""329469.80""","=""2s2.2p.(2P*).3p""","=""3P""","=""1""","=""2s2.2p.(2P*).3d""","=""3P*""","=""2""",,"=""T5376,T5791,LS""","=""""",
O,3,"=""""","=""343.0568""","=""""","=""""","=""2.37e+07""",C+,"=""300442.55""","=""329583.89""","=""2s2.2p.(2P*).3p""","=""3P""","=""2""","=""2s2.2p.(2P*).3d""","=""3P*""","=""1""",,"=""T5376,T5791,LS""","=""""",
O,3,"=""""","=""343.5123""","=""""","=""""","=""2.69e+07""",C+,"=""350124.45""","=""379227.15""","=""2s.2p2.(4P).3s""","=""3P""","=""1""","=""2s2.2p.(2P*).4d""","=""3D*""","=""1""",,"=""T5376LS""","=""""",
O,2,"=""343.7144""","=""343.7141""","=""""","=""8""","=""""",,"=""232535.949""","=""261621.56""","=""2s2.2p2.(3P).3d""","=""4P""","=""3/2""","=""2s2.2p2.(3P).5p""","=""4S*""","=""3/2""",,"=""""","=""L10621""",
O,2,"=""""","=""343.8556""","=""""","=""""","=""4.93e+05""",D,"=""232796.298""","=""261869.94""","=""2s2.2p2.(3P).3d""","=""2F""","=""5/2""","=""2s2.2p2.(3P).5p""","=""2D*""","=""5/2""",,"=""T5723LS""","=""""",
O,3,"=""""","=""344.0363""","=""""","=""""","=""6.42e+07""",C+,"=""350298.38""","=""379356.75""","=""2s.2p2.(4P).3s""","=""3P""","=""2""","=""2s2.2p.(2P*).4d""","=""3D*""","=""3""",,"=""T5376LS""","=""""",
O,3,"=""344.410""","=""344.4052""","=""""","=""80""","=""4.21e+07""",C+,"=""300442.55""","=""329469.80""","=""2s2.2p.(2P*).3p""","=""3P""","=""2""","=""2s2.2p.(2P*).3d""","=""3P*""","=""2""",,"=""T5376,T5791,LS""","=""L3467""",
O,2,"=""""","=""344.5023""","=""""","=""""","=""""",,"=""232602.492""","=""261621.56""","=""2s2.2p2.(3P).3d""","=""4P""","=""1/2""","=""2s2.2p2.(3P).5p""","=""4S*""","=""3/2""",,"=""""","=""L11267""",
O,3,"=""""","=""344.6682""","=""""","=""""","=""9.71e+07""",C+,"=""365561.95""","=""394567.05""","=""2s.2p2.(4P).3p""","=""5D*""","=""1""","=""2s.2p2.(4P).3d""","=""5F""","=""2""",,"=""T5376LS""","=""""",
O,3,"=""""","=""344.7155""","=""""","=""""","=""8.09e+07""",C+,"=""365527.08""","=""394528.20""","=""2s.2p2.(4P).3p""","=""5D*""","=""0""","=""2s.2p2.(4P).3d""","=""5F""","=""1""",,"=""T5376LS""","=""""",
O,2,"=""344.7861""","=""344.7855""","=""""","=""15bl""","=""""",,"=""211522.117""","=""240517.35""","=""2s2.2p2.(3P).3p""","=""2D*""","=""3/2""","=""2s2.2p2.(3P).4s""","=""2P""","=""3/2""",,"=""""","=""L10621""",
O,3,"=""""","=""344.7924""","=""""","=""""","=""1.60e+07""",C+,"=""350298.38""","=""379293.03""","=""2s.2p2.(4P).3s""","=""3P""","=""2""","=""2s2.2p.(2P*).4d""","=""3D*""","=""2""",,"=""T5376LS""","=""""",
O,3,"=""""","=""344.7968""","=""""","=""""","=""1.19e+08""",C+,"=""365630.40""","=""394624.68""","=""2s.2p2.(4P).3p""","=""5D*""","=""2""","=""2s.2p2.(4P).3d""","=""5F""","=""3""",,"=""T5376LS""","=""""",
O,3,"=""""","=""345.0907""","=""""","=""""","=""1.44e+08""",C+,"=""365730.68""","=""394700.27""","=""2s.2p2.(4P).3p""","=""5D*""","=""3""","=""2s.2p2.(4P).3d""","=""5F""","=""4""",,"=""T5376LS""","=""""",
O,3,"=""""","=""345.1305""","=""""","=""""","=""8.06e+07""",C+,"=""365561.95""","=""394528.20""","=""2s.2p2.(4P).3p""","=""5D*""","=""1""","=""2s.2p2.(4P).3d""","=""5F""","=""1""",,"=""T5376LS""","=""""",
O,2,"=""345.3094""","=""345.3100""","=""""","=""4""","=""""",,"=""232747.562""","=""261698.75""","=""2s2.2p2.(3P).3d""","=""4D""","=""5/2""","=""2s2.2p2.(3P).5p""","=""2D*""","=""3/2""",,"=""""","=""L10621""",
O,2,"=""345.4736""","=""345.4731""","=""""","=""6""","=""""",,"=""233430.53""","=""262368.05""","=""2s2.2p2.(3P).3d""","=""2P""","=""3/2""","=""2s2.2p2.(3P).5p""","=""2P*""","=""3/2""",,"=""""","=""L10621""",
O,3,"=""""","=""345.4835""","=""""","=""""","=""6.89e+07""",C+,"=""365630.40""","=""394567.05""","=""2s.2p2.(4P).3p""","=""5D*""","=""2""","=""2s.2p2.(4P).3d""","=""5F""","=""2""",,"=""T5376LS""","=""""",
O,2,"=""345.5085""","=""345.50754""","=""""","=""9bl""","=""""",,"=""185235.281""","=""214169.920""","=""2s2.2p2.(3P).3s""","=""4P""","=""1/2""","=""2s2.2p2.(3P).3p""","=""2P*""","=""1/2""",,"=""""","=""L10621""",
O,3,"=""345.512""","=""345.4986""","=""""","=""80""","=""1.72e+08""",C+,"=""365857.89""","=""394793.28""","=""2s.2p2.(4P).3p""","=""5D*""","=""4""","=""2s.2p2.(4P).3d""","=""5F""","=""5""",,"=""T5376LS""","=""L3467""",
O,3,"=""""","=""345.5776""","=""""","=""""","=""1.76e+06""",C+,"=""350298.38""","=""379227.15""","=""2s.2p2.(4P).3s""","=""3P""","=""2""","=""2s2.2p.(2P*).4d""","=""3D*""","=""1""",,"=""T5376LS""","=""""",
O,2,"=""345.7920""","=""345.7933""","=""""","=""10""","=""9.69e+06""",D,"=""232959.210""","=""261869.94""","=""2s2.2p2.(3P).3d""","=""2F""","=""7/2""","=""2s2.2p2.(3P).5p""","=""2D*""","=""5/2""",,"=""T5723LS""","=""L10621""",
O,2,"=""345.8936""","=""345.8923""","=""""","=""8""","=""1.02e+07""",D,"=""232796.298""","=""261698.75""","=""2s2.2p2.(3P).3d""","=""2F""","=""5/2""","=""2s2.2p2.(3P).5p""","=""2D*""","=""3/2""",,"=""T5723LS""","=""L10621""",
O,3,"=""""","=""345.9480""","=""""","=""""","=""1.14e+07""",C+,"=""365630.40""","=""394528.20""","=""2s.2p2.(4P).3p""","=""5D*""","=""2""","=""2s.2p2.(4P).3d""","=""5F""","=""1""",,"=""T5376LS""","=""""",
O,3,"=""""","=""345.9935""","=""""","=""""","=""5.14e+07""",C+,"=""365730.68""","=""394624.68""","=""2s.2p2.(4P).3p""","=""5D*""","=""3""","=""2s.2p2.(4P).3d""","=""5F""","=""3""",,"=""T5376LS""","=""""",
O,2,"=""345.9988""","=""346.0019""","=""""","=""8""","=""""",,"=""232462.724""","=""261356.02""","=""2s2.2p2.(3P).3d""","=""4P""","=""5/2""","=""2s2.2p2.(3P).5p""","=""4P*""","=""5/2""",,"=""""","=""L10621""",
O,3,"=""""","=""346.6128""","=""""","=""""","=""2.84e+07""",C+,"=""365857.89""","=""394700.27""","=""2s.2p2.(4P).3p""","=""5D*""","=""4""","=""2s.2p2.(4P).3d""","=""5F""","=""4""",,"=""T5376LS""","=""""",
O,3,"=""""","=""346.6850""","=""""","=""""","=""6.82e+06""",C+,"=""365730.68""","=""394567.05""","=""2s.2p2.(4P).3p""","=""5D*""","=""3""","=""2s.2p2.(4P).3d""","=""5F""","=""2""",,"=""T5376LS""","=""""",
O,2,"=""346.8421""","=""346.8403""","=""""","=""4""","=""""",,"=""233544.59""","=""262368.05""","=""2s2.2p2.(3P).3d""","=""2P""","=""1/2""","=""2s2.2p2.(3P).5p""","=""2P*""","=""3/2""",,"=""""","=""L10621""",
O,2,"=""""","=""346.8811""","=""""","=""""","=""""",,"=""232535.949""","=""261356.02""","=""2s2.2p2.(3P).3d""","=""4P""","=""3/2""","=""2s2.2p2.(3P).5p""","=""4P*""","=""5/2""",,"=""""","=""L11267""",
O,2,"=""347.0281""","=""347.0277""","=""""","=""20""","=""1.09e+08""",B,"=""211522.117""","=""240330.01""","=""2s2.2p2.(3P).3p""","=""2D*""","=""3/2""","=""2s2.2p2.(3P).4s""","=""2P""","=""1/2""",,"=""T6632""","=""L10621""",
O,2,"=""347.0676""","=""347.0672""","=""""","=""21""","=""8.63e+07""",B,"=""211712.732""","=""240517.35""","=""2s2.2p2.(3P).3p""","=""2D*""","=""5/2""","=""2s2.2p2.(3P).4s""","=""2P""","=""3/2""",,"=""T6632""","=""L10621""",
O,2,"=""""","=""347.07832""","=""""","=""""","=""3.43e+05""",C,"=""203942.288""","=""232745.981""","=""2s2.2p2.(3P).3p""","=""2S*""","=""1/2""","=""2s2.2p2.(3P).3d""","=""4D""","=""3/2""",,"=""T6172""","=""""",
O,2,"=""347.1402""","=""347.1401""","=""""","=""6""","=""""",,"=""232462.724""","=""261261.29""","=""2s2.2p2.(3P).3d""","=""4P""","=""5/2""","=""2s2.2p2.(3P).5p""","=""4P*""","=""3/2""",,"=""""","=""L10621""",
O,2,"=""347.4926""","=""347.49260""","=""""","=""5""","=""7.19e+05""",C,"=""203942.288""","=""232711.642""","=""2s2.2p2.(3P).3p""","=""2S*""","=""1/2""","=""2s2.2p2.(3P).3d""","=""4D""","=""1/2""",,"=""T6172""","=""L10621""",
O,3,"=""""","=""347.5236""","=""""","=""""","=""2.42e+06""",C+,"=""365857.89""","=""394624.68""","=""2s.2p2.(4P).3p""","=""5D*""","=""4""","=""2s.2p2.(4P).3d""","=""5F""","=""3""",,"=""T5376LS""","=""""",
O,2,"=""347.8219""","=""347.8205""","=""""","=""3""","=""""",,"=""233544.59""","=""262286.82""","=""2s2.2p2.(3P).3d""","=""2P""","=""1/2""","=""2s2.2p2.(3P).5p""","=""2P*""","=""1/2""",,"=""""","=""L10621""",
O,2,"=""""","=""348.0250""","=""""","=""""","=""""",,"=""232535.949""","=""261261.29""","=""2s2.2p2.(3P).3d""","=""4P""","=""3/2""","=""2s2.2p2.(3P).5p""","=""4P*""","=""3/2""",,"=""""","=""L11267""",
O,2,"=""""","=""348.1156""","=""""","=""""","=""""",,"=""232462.724""","=""261180.59""","=""2s2.2p2.(3P).3d""","=""4P""","=""5/2""","=""2s2.2p2.(3P).5p""","=""4D*""","=""7/2""",,"=""""","=""L11267""",
O,2,"=""""","=""348.5932""","=""""","=""""","=""""",,"=""232535.949""","=""261214.47""","=""2s2.2p2.(3P).3d""","=""4P""","=""3/2""","=""2s2.2p2.(3P).5p""","=""4P*""","=""1/2""",,"=""""","=""L11267""",
O,2,"=""348.8173""","=""348.81604""","=""""","=""4""","=""3.56e+05""",C,"=""203942.288""","=""232602.492""","=""2s2.2p2.(3P).3p""","=""2S*""","=""1/2""","=""2s2.2p2.(3P).3d""","=""4P""","=""1/2""",,"=""T6172""","=""L10621""",
O,2,"=""348.8258""","=""348.8273""","=""""","=""6""","=""2.04e+05""",D,"=""229947.07""","=""258606.35""","=""2s2.2p2.(1D).3p""","=""2D*""","=""5/2""","=""2s2.2p2.(3P).5s""","=""2P""","=""3/2""",,"=""T5723LS""","=""L10621""",
O,2,"=""""","=""348.8332""","=""""","=""""","=""""",,"=""232602.492""","=""261261.29""","=""2s2.2p2.(3P).3d""","=""4P""","=""1/2""","=""2s2.2p2.(3P).5p""","=""4P*""","=""3/2""",,"=""""","=""L11267""",
O,4,"=""348.983""","=""348.989""","=""""","=""200""","=""7.29e+07""",B,"=""518709""","=""547355""","=""2s.2p.(1P*).3s""","=""2P*""","=""3/2""","=""2s.2p.(1P*).3p""","=""2D""","=""5/2""",,"=""T5109LS""","=""L648""",
O,2,"=""""","=""349.0876""","=""""","=""""","=""2.26e+04""",E,"=""229968.44""","=""258606.35""","=""2s2.2p2.(1D).3p""","=""2D*""","=""3/2""","=""2s2.2p2.(3P).5s""","=""2P""","=""3/2""",,"=""T5723LS""","=""L11267""",
O,4,"=""349.224""","=""349.221""","=""""","=""160""","=""6.06e+07""",B,"=""518699""","=""547326""","=""2s.2p.(1P*).3s""","=""2P*""","=""1/2""","=""2s.2p.(1P*).3p""","=""2D""","=""3/2""",,"=""T5109LS""","=""L648""",
O,4,"=""""","=""349.343""","=""""","=""""","=""1.21e+07""",B,"=""518709""","=""547326""","=""2s.2p.(1P*).3s""","=""2P*""","=""3/2""","=""2s.2p.(1P*).3p""","=""2D""","=""3/2""",,"=""T5109LS""","=""""",
O,2,"=""""","=""349.4040""","=""""","=""""","=""""",,"=""232602.492""","=""261214.47""","=""2s2.2p2.(3P).3d""","=""4P""","=""1/2""","=""2s2.2p2.(3P).5p""","=""4P*""","=""1/2""",,"=""""","=""L11267""",
O,2,"=""""","=""349.4277""","=""""","=""""","=""""",,"=""232745.981""","=""261356.02""","=""2s2.2p2.(3P).3d""","=""4D""","=""3/2""","=""2s2.2p2.(3P).5p""","=""4P*""","=""5/2""",,"=""""","=""L11267""",
O,2,"=""349.4490""","=""349.4470""","=""""","=""6""","=""""",,"=""232747.562""","=""261356.02""","=""2s2.2p2.(3P).3d""","=""4D""","=""5/2""","=""2s2.2p2.(3P).5p""","=""4P*""","=""5/2""",,"=""""","=""L10621""",
O,2,"=""349.5235""","=""349.5234""","=""""","=""8""","=""""",,"=""232753.816""","=""261356.02""","=""2s2.2p2.(3P).3d""","=""4D""","=""7/2""","=""2s2.2p2.(3P).5p""","=""4P*""","=""5/2""",,"=""""","=""L10621""",
O,2,"=""349.6276""","=""349.62783""","=""""","=""8""","=""5.69e+05""",C,"=""203942.288""","=""232535.949""","=""2s2.2p2.(3P).3p""","=""2S*""","=""1/2""","=""2s2.2p2.(3P).3d""","=""4P""","=""3/2""",,"=""T6172""","=""L10621""",
O,2,"=""349.7771""","=""349.7790""","=""""","=""3""","=""""",,"=""232462.724""","=""261044.03""","=""2s2.2p2.(3P).3d""","=""4P""","=""5/2""","=""2s2.2p2.(3P).5p""","=""4D*""","=""5/2""",,"=""""","=""L10621""",
O,2,"=""350.1669""","=""350.1668""","=""""","=""4""","=""""",,"=""232711.642""","=""261261.29""","=""2s2.2p2.(3P).3d""","=""4D""","=""1/2""","=""2s2.2p2.(3P).5p""","=""4P*""","=""3/2""",,"=""""","=""L10621""",
O,4,"=""""","=""350.167""","=""""","=""""","=""2.60e+06""",B,"=""485821.7""","=""514371.3""","=""2s2.4s""","=""2S""","=""1/2""","=""2s.2p.(3P*).3d""","=""2P*""","=""1/2""",,"=""T5109LS""","=""""",
O,4,"=""""","=""350.445""","=""""","=""""","=""1.28e+06""",B,"=""547326""","=""575853""","=""2s.2p.(1P*).3p""","=""2D""","=""3/2""","=""2s.2p.(1P*).3d""","=""2D*""","=""5/2""",,"=""T5109LS""","=""""",
O,2,"=""350.5839""","=""350.5885""","=""""","=""6""","=""""",,"=""232745.981""","=""261261.29""","=""2s2.2p2.(3P).3d""","=""4D""","=""3/2""","=""2s2.2p2.(3P).5p""","=""4P*""","=""3/2""",,"=""""","=""L10621""",
O,2,"=""""","=""350.6080""","=""""","=""""","=""""",,"=""232747.562""","=""261261.29""","=""2s2.2p2.(3P).3d""","=""4D""","=""5/2""","=""2s2.2p2.(3P).5p""","=""4P*""","=""3/2""",,"=""""","=""L11267""",
O,2,"=""""","=""350.6774""","=""""","=""""","=""""",,"=""232535.949""","=""261044.03""","=""2s2.2p2.(3P).3d""","=""4P""","=""3/2""","=""2s2.2p2.(3P).5p""","=""4D*""","=""5/2""",,"=""""","=""L11267""",
O,2,"=""350.7416""","=""350.7421""","=""""","=""3""","=""""",,"=""232711.642""","=""261214.47""","=""2s2.2p2.(3P).3d""","=""4D""","=""1/2""","=""2s2.2p2.(3P).5p""","=""4P*""","=""1/2""",,"=""""","=""L10621""",
O,4,"=""""","=""350.801""","=""""","=""""","=""1.78e+07""",B,"=""547355""","=""575853""","=""2s.2p.(1P*).3p""","=""2D""","=""5/2""","=""2s.2p.(1P*).3d""","=""2D*""","=""5/2""",,"=""T5109LS""","=""""",
O,2,"=""""","=""350.8274""","=""""","=""""","=""""",,"=""232462.724""","=""260958.62""","=""2s2.2p2.(3P).3d""","=""4P""","=""5/2""","=""2s2.2p2.(3P).5p""","=""4D*""","=""3/2""",,"=""""","=""L11267""",
O,4,"=""""","=""350.863""","=""""","=""""","=""1.72e+07""",B,"=""547326""","=""575819""","=""2s.2p.(1P*).3p""","=""2D""","=""3/2""","=""2s.2p.(1P*).3d""","=""2D*""","=""3/2""",,"=""T5109LS""","=""""",
O,2,"=""351.1655""","=""351.1651""","=""""","=""5""","=""""",,"=""232745.981""","=""261214.47""","=""2s2.2p2.(3P).3d""","=""4D""","=""3/2""","=""2s2.2p2.(3P).5p""","=""4P*""","=""1/2""",,"=""""","=""L10621""",
O,4,"=""""","=""351.221""","=""""","=""""","=""1.90e+06""",B,"=""547355""","=""575819""","=""2s.2p.(1P*).3p""","=""2D""","=""5/2""","=""2s.2p.(1P*).3d""","=""2D*""","=""3/2""",,"=""T5109LS""","=""""",
O,2,"=""351.4823""","=""351.4821""","=""""","=""2""","=""2.22e+05""",D,"=""229968.44""","=""258411.26""","=""2s2.2p2.(1D).3p""","=""2D*""","=""3/2""","=""2s2.2p2.(3P).5s""","=""2P""","=""1/2""",,"=""T5723LS""","=""L10621""",
O,2,"=""""","=""351.5242""","=""""","=""""","=""1.25e+05""",D,"=""233430.53""","=""261869.94""","=""2s2.2p2.(3P).3d""","=""2P""","=""3/2""","=""2s2.2p2.(3P).5p""","=""2D*""","=""5/2""",,"=""T5723LS""","=""""",
O,2,"=""351.6027""","=""351.6031""","=""""","=""3""","=""""",,"=""232747.562""","=""261180.59""","=""2s2.2p2.(3P).3d""","=""4D""","=""5/2""","=""2s2.2p2.(3P).5p""","=""4D*""","=""7/2""",,"=""""","=""L10621""",
O,2,"=""351.6794""","=""351.6805""","=""""","=""4""","=""""",,"=""232753.816""","=""261180.59""","=""2s2.2p2.(3P).3d""","=""4D""","=""7/2""","=""2s2.2p2.(3P).5p""","=""4D*""","=""7/2""",,"=""""","=""L10621""",
O,2,"=""351.7307""","=""351.7312""","=""""","=""1""","=""""",,"=""232535.949""","=""260958.62""","=""2s2.2p2.(3P).3d""","=""4P""","=""3/2""","=""2s2.2p2.(3P).5p""","=""4D*""","=""3/2""",,"=""""","=""L10621""",
O,4,"=""""","=""352.028""","=""""","=""""","=""2.55e+06""",B,"=""485821.7""","=""514220.4""","=""2s2.4s""","=""2S""","=""1/2""","=""2s.2p.(3P*).3d""","=""2P*""","=""3/2""",,"=""T5109LS""","=""""",
O,3,"=""""","=""352.0945""","=""""","=""""","=""1.50e+07""",C+,"=""350024.49""","=""378417.84""","=""2s.2p2.(4P).3s""","=""3P""","=""0""","=""2s.2p2.(4P).3p""","=""3P*""","=""1""",,"=""T5376LS""","=""""",
O,2,"=""""","=""352.3096""","=""""","=""""","=""""",,"=""232535.949""","=""260911.96""","=""2s2.2p2.(3P).3d""","=""4P""","=""3/2""","=""2s2.2p2.(3P).5p""","=""4D*""","=""1/2""",,"=""""","=""L11267""",
O,2,"=""""","=""352.5567""","=""""","=""""","=""""",,"=""232602.492""","=""260958.62""","=""2s2.2p2.(3P).3d""","=""4P""","=""1/2""","=""2s2.2p2.(3P).5p""","=""4D*""","=""3/2""",,"=""""","=""L11267""",
O,3,"=""""","=""353.1223""","=""""","=""""","=""4.45e+07""",C+,"=""350124.45""","=""378435.16""","=""2s.2p2.(4P).3s""","=""3P""","=""1""","=""2s.2p2.(4P).3p""","=""3P*""","=""0""",,"=""T5376LS""","=""""",
O,2,"=""""","=""353.1378""","=""""","=""""","=""""",,"=""232602.492""","=""260911.96""","=""2s2.2p2.(3P).3d""","=""4P""","=""1/2""","=""2s2.2p2.(3P).5p""","=""4D*""","=""1/2""",,"=""""","=""L11267""",
O,2,"=""""","=""353.2803""","=""""","=""""","=""""",,"=""232745.981""","=""261044.03""","=""2s2.2p2.(3P).3d""","=""4D""","=""3/2""","=""2s2.2p2.(3P).5p""","=""4D*""","=""5/2""",,"=""""","=""L11267""",
O,2,"=""353.3004""","=""353.3000""","=""""","=""2""","=""""",,"=""232747.562""","=""261044.03""","=""2s2.2p2.(3P).3d""","=""4D""","=""5/2""","=""2s2.2p2.(3P).5p""","=""4D*""","=""5/2""",,"=""""","=""L10621""",
O,3,"=""""","=""353.3385""","=""""","=""""","=""1.11e+07""",C+,"=""350124.45""","=""378417.84""","=""2s.2p2.(4P).3s""","=""3P""","=""1""","=""2s.2p2.(4P).3p""","=""3P*""","=""1""",,"=""T5376LS""","=""""",
O,2,"=""""","=""353.3781""","=""""","=""""","=""""",,"=""232753.816""","=""261044.03""","=""2s2.2p2.(3P).3d""","=""4D""","=""7/2""","=""2s2.2p2.(3P).5p""","=""4D*""","=""5/2""",,"=""""","=""L11267""",
O,3,"=""""","=""353.4904""","=""""","=""""","=""1.11e+07""",C+,"=""350124.45""","=""378405.68""","=""2s.2p2.(4P).3s""","=""3P""","=""1""","=""2s.2p2.(4P).3p""","=""3P*""","=""2""",,"=""T5376LS""","=""""",
O,2,"=""""","=""353.6531""","=""""","=""""","=""2.05e+04""",E,"=""233430.53""","=""261698.75""","=""2s2.2p2.(3P).3d""","=""2P""","=""3/2""","=""2s2.2p2.(3P).5p""","=""2D*""","=""3/2""",,"=""T5723LS""","=""""",
O,2,"=""353.9200""","=""353.9190""","=""""","=""1""","=""""",,"=""232711.642""","=""260958.62""","=""2s2.2p2.(3P).3d""","=""4D""","=""1/2""","=""2s2.2p2.(3P).5p""","=""4D*""","=""3/2""",,"=""""","=""L10621""",
O,2,"=""354.3499""","=""354.3498""","=""""","=""2""","=""""",,"=""232745.981""","=""260958.62""","=""2s2.2p2.(3P).3d""","=""4D""","=""3/2""","=""2s2.2p2.(3P).5p""","=""4D*""","=""3/2""",,"=""""","=""L10621""",
O,2,"=""""","=""354.3697""","=""""","=""""","=""""",,"=""232747.562""","=""260958.62""","=""2s2.2p2.(3P).3d""","=""4D""","=""5/2""","=""2s2.2p2.(3P).5p""","=""4D*""","=""3/2""",,"=""""","=""L11267""",
O,2,"=""354.5044""","=""354.5046""","=""""","=""1""","=""""",,"=""232711.642""","=""260911.96""","=""2s2.2p2.(3P).3d""","=""4D""","=""1/2""","=""2s2.2p2.(3P).5p""","=""4D*""","=""1/2""",,"=""""","=""L10621""",
O,2,"=""354.6212""","=""354.6214""","=""""","=""1bl""","=""""",,"=""233430.53""","=""261621.56""","=""2s2.2p2.(3P).3d""","=""2P""","=""3/2""","=""2s2.2p2.(3P).5p""","=""4S*""","=""3/2""",,"=""""","=""L10621""",
O,2,"=""354.9091""","=""354.9098""","=""""","=""3""","=""""",,"=""212161.881""","=""240330.01""","=""2s2.2p2.(3P).3p""","=""4S*""","=""3/2""","=""2s2.2p2.(3P).4s""","=""2P""","=""1/2""",,"=""""","=""L10621""",
O,2,"=""""","=""354.9368""","=""""","=""""","=""""",,"=""232745.981""","=""260911.96""","=""2s2.2p2.(3P).3d""","=""4D""","=""3/2""","=""2s2.2p2.(3P).5p""","=""4D*""","=""1/2""",,"=""""","=""L11267""",
O,2,"=""355.0857""","=""355.0859""","=""""","=""1""","=""1.01e+05""",E,"=""233544.59""","=""261698.75""","=""2s2.2p2.(3P).3d""","=""2P""","=""1/2""","=""2s2.2p2.(3P).5p""","=""2D*""","=""3/2""",,"=""T5723LS""","=""L10621""",
O,3,"=""""","=""355.5241""","=""""","=""""","=""1.82e+07""",C+,"=""350298.38""","=""378417.84""","=""2s.2p2.(4P).3s""","=""3P""","=""2""","=""2s.2p2.(4P).3p""","=""3P*""","=""1""",,"=""T5376LS""","=""""",
O,3,"=""""","=""355.6779""","=""""","=""""","=""3.26e+07""",C+,"=""350298.38""","=""378405.68""","=""2s.2p2.(4P).3s""","=""3P""","=""2""","=""2s.2p2.(4P).3p""","=""3P*""","=""2""",,"=""T5376LS""","=""""",
O,4,"=""356.039""","=""356.039""","=""""","=""230""","=""1.03e+08""",B,"=""482666.1""","=""510744.9""","=""2s.2p.(3P*).3p""","=""2D""","=""3/2""","=""2s.2p.(3P*).3d""","=""2F*""","=""5/2""",,"=""T5109LS""","=""L648""",
O,2,"=""""","=""356.2128""","=""""","=""""","=""3.77e+03""",E,"=""248010.23""","=""276075.32""","=""2s2.2p2.(3P).4p""","=""2D*""","=""3/2""","=""2s2.2p2.(1S).3d""","=""2D""","=""5/2""",,"=""T5723LS""","=""""",
O,4,"=""356.333""","=""356.333""","=""""","=""270""","=""1.10e+08""",B,"=""482921.6""","=""510977.2""","=""2s.2p.(3P*).3p""","=""2D""","=""5/2""","=""2s.2p.(3P*).3d""","=""2F*""","=""7/2""",,"=""T5109LS""","=""L648""",
O,2,"=""356.6568""","=""356.6569""","=""""","=""2""","=""""",,"=""240517.35""","=""268547.50""","=""2s2.2p2.(3P).4s""","=""2P""","=""3/2""","=""2s2.2p2.(3P).6p""","=""4D*""","=""5/2""",,"=""""","=""L10621""",
O,2,"=""""","=""357.3763""","=""""","=""""","=""5.03e+04""",D,"=""248010.23""","=""275983.95""","=""2s2.2p2.(3P).4p""","=""2D*""","=""3/2""","=""2s2.2p2.(1S).3d""","=""2D""","=""3/2""",,"=""T5723LS""","=""""",
O,2,"=""357.4838""","=""357.4845""","=""""","=""3""","=""""",,"=""234402.797""","=""262368.05""","=""2s2.2p2.(3P).3d""","=""2D""","=""3/2""","=""2s2.2p2.(3P).5p""","=""2P*""","=""3/2""",,"=""""","=""L10621""",
O,2,"=""358.1487""","=""358.1484""","=""""","=""4""","=""""",,"=""234454.634""","=""262368.05""","=""2s2.2p2.(3P).3d""","=""2D""","=""5/2""","=""2s2.2p2.(3P).5p""","=""2P*""","=""3/2""",,"=""""","=""L10621""",
O,2,"=""""","=""358.4661""","=""""","=""""","=""5.17e+04""",D,"=""248186.64""","=""276075.32""","=""2s2.2p2.(3P).4p""","=""2D*""","=""5/2""","=""2s2.2p2.(1S).3d""","=""2D""","=""5/2""",,"=""T5723LS""","=""""",
O,4,"=""""","=""359.308""","=""""","=""""","=""7.15e+06""",B,"=""482921.6""","=""510744.9""","=""2s.2p.(3P*).3p""","=""2D""","=""5/2""","=""2s.2p.(3P*).3d""","=""2F*""","=""5/2""",,"=""T5109LS""","=""""",
O,2,"=""""","=""359.6444""","=""""","=""""","=""5.49e+03""",E,"=""248186.64""","=""275983.95""","=""2s2.2p2.(3P).4p""","=""2D*""","=""5/2""","=""2s2.2p2.(1S).3d""","=""2D""","=""3/2""",,"=""T5723LS""","=""""",
O,2,"=""360.5124""","=""360.5127""","=""""","=""3""","=""""",,"=""238893.96""","=""266624.32""","=""2s2.2p2.(3P).4s""","=""4P""","=""5/2""","=""2s2.2p2.(1D).4p""","=""2D*""","=""3/2""",,"=""""","=""L10621""",
O,2,"=""360.5530""","=""360.5525""","=""""","=""2""","=""""",,"=""229968.44""","=""257695.74""","=""2s2.2p2.(1D).3p""","=""2D*""","=""3/2""","=""2s2.2p2.(3P).5s""","=""4P""","=""1/2""",,"=""""","=""L10621""",
O,4,"=""""","=""361.362""","=""""","=""""","=""3.71e+06""",C+,"=""568901""","=""596566.2""","=""2s.2p.(3P*).4s""","=""4P*""","=""1/2""","=""2s.2p.(3P*).4f""","=""4D""","=""1/2""",,"=""T5109LS""","=""""",
O,4,"=""""","=""362.066""","=""""","=""""","=""1.85e+06""",C+,"=""568901""","=""596512.4""","=""2s.2p.(3P*).4s""","=""4P*""","=""1/2""","=""2s.2p.(3P*).4f""","=""4D""","=""3/2""",,"=""T5109LS""","=""""",
O,2,"=""""","=""362.7410""","=""""","=""""","=""6.31e+06""",D,"=""248515.30""","=""276075.32""","=""2s2.2p2.(3P).4p""","=""2P*""","=""3/2""","=""2s2.2p2.(1S).3d""","=""2D""","=""5/2""",,"=""T5723LS""","=""""",
O,2,"=""""","=""362.7737""","=""""","=""""","=""5.25e+06""",D,"=""248426.41""","=""275983.95""","=""2s2.2p2.(3P).4p""","=""2P*""","=""1/2""","=""2s2.2p2.(1S).3d""","=""2D""","=""3/2""",,"=""T5723LS""","=""""",
O,4,"=""""","=""363.134""","=""""","=""""","=""7.31e+05""",C+,"=""569036""","=""596566.2""","=""2s.2p.(3P*).4s""","=""4P*""","=""3/2""","=""2s.2p.(3P*).4f""","=""4D""","=""1/2""",,"=""T5109LS""","=""""",
O,4,"=""""","=""363.775""","=""""","=""""","=""4.01e+07""",C+,"=""547326""","=""574807.7""","=""2s.2p.(1P*).3p""","=""2D""","=""3/2""","=""2s2.6f""","=""2F*""","=""5/2""",,"=""T5109LS""","=""""",
O,4,"=""""","=""363.845""","=""""","=""""","=""2.33e+06""",C+,"=""569036""","=""596512.4""","=""2s.2p.(3P*).4s""","=""4P*""","=""3/2""","=""2s.2p.(3P*).4f""","=""4D""","=""3/2""",,"=""T5109LS""","=""""",
O,2,"=""""","=""363.9477""","=""""","=""""","=""1.04e+06""",D,"=""248515.30""","=""275983.95""","=""2s2.2p2.(3P).4p""","=""2P*""","=""3/2""","=""2s2.2p2.(1S).3d""","=""2D""","=""3/2""",,"=""T5723LS""","=""""",
O,2,"=""""","=""363.9676""","=""""","=""""","=""9.02e+04""",E,"=""234402.797""","=""261869.94""","=""2s2.2p2.(3P).3d""","=""2D""","=""3/2""","=""2s2.2p2.(3P).5p""","=""2D*""","=""5/2""",,"=""T5723LS""","=""""",
O,4,"=""""","=""364.159""","=""""","=""""","=""4.28e+07""",C+,"=""547355""","=""574807.7""","=""2s.2p.(1P*).3p""","=""2D""","=""5/2""","=""2s2.6f""","=""2F*""","=""7/2""",,"=""T5109LS""","=""""",
O,4,"=""""","=""364.159""","=""""","=""""","=""2.85e+06""",C+,"=""547355""","=""574807.7""","=""2s.2p.(1P*).3p""","=""2D""","=""5/2""","=""2s2.6f""","=""2F*""","=""5/2""",,"=""T5109LS""","=""""",
O,2,"=""364.6560""","=""364.6558""","=""""","=""3""","=""1.26e+06""",D,"=""234454.634""","=""261869.94""","=""2s2.2p2.(3P).3d""","=""2D""","=""5/2""","=""2s2.2p2.(3P).5p""","=""2D*""","=""5/2""",,"=""T5723LS""","=""L10621""",
O,4,"=""""","=""364.753""","=""""","=""""","=""3.04e+06""",C+,"=""569036""","=""596444""","=""2s.2p.(3P*).4s""","=""4P*""","=""3/2""","=""2s.2p.(3P*).4f""","=""4D""","=""5/2""",,"=""T5109LS""","=""""",
O,3,"=""""","=""365.3767""","=""""","=""""","=""3.97e+02""",C,"=""273081.33""","=""300442.55""","=""2s2.2p.(2P*).3s""","=""1P*""","=""1""","=""2s2.2p.(2P*).3p""","=""3P""","=""2""",,"=""u24""","=""""",
O,2,"=""366.2502""","=""366.2504""","=""""","=""1""","=""1.20e+06""",D,"=""234402.797""","=""261698.75""","=""2s2.2p2.(3P).3d""","=""2D""","=""3/2""","=""2s2.2p2.(3P).5p""","=""2D*""","=""3/2""",,"=""T5723LS""","=""L10621""",
O,4,"=""""","=""366.478""","=""""","=""""","=""3.92e+07""",B,"=""554464""","=""581743""","=""2s.2p.(1P*).3p""","=""2S""","=""1/2""","=""2s.2p.(1P*).3d""","=""2P*""","=""3/2""",,"=""T5109LS""","=""""",
O,4,"=""""","=""366.774""","=""""","=""""","=""3.91e+07""",B,"=""554464""","=""581721""","=""2s.2p.(1P*).3p""","=""2S""","=""1/2""","=""2s.2p.(1P*).3d""","=""2P*""","=""1/2""",,"=""T5109LS""","=""""",
O,2,"=""366.7903""","=""366.7907""","=""""","=""3""","=""""",,"=""233430.53""","=""260686.27""","=""2s2.2p2.(3P).3d""","=""2P""","=""3/2""","=""2s2.2p2.(3P).5p""","=""2S*""","=""1/2""",,"=""""","=""L10621""",
O,2,"=""366.9472""","=""366.9472""","=""""","=""3""","=""1.32e+05""",E,"=""234454.634""","=""261698.75""","=""2s2.2p2.(3P).3d""","=""2D""","=""5/2""","=""2s2.2p2.(3P).5p""","=""2D*""","=""3/2""",,"=""T5723LS""","=""L10621""",
O,3,"=""""","=""367.1290""","=""""","=""""","=""4.20e+04""",C,"=""273081.33""","=""300311.96""","=""2s2.2p.(2P*).3s""","=""1P*""","=""1""","=""2s2.2p.(2P*).3p""","=""3P""","=""1""",,"=""u24""","=""""",
O,4,"=""""","=""367.146""","=""""","=""""","=""2.13e+05""",C,"=""569283""","=""596512.4""","=""2s.2p.(3P*).4s""","=""4P*""","=""5/2""","=""2s.2p.(3P*).4f""","=""4D""","=""3/2""",,"=""T5109LS""","=""""",
O,2,"=""""","=""367.8975""","=""""","=""""","=""1.14e+04""",E,"=""228723.84""","=""255897.59""","=""2s2.2p2.(1D).3p""","=""2F*""","=""5/2""","=""2s2.2p2.(3P).4d""","=""2D""","=""5/2""",,"=""T5723LS""","=""""",
O,4,"=""""","=""368.070""","=""""","=""""","=""1.27e+06""",C+,"=""569283""","=""596444""","=""2s.2p.(3P*).4s""","=""4P*""","=""5/2""","=""2s.2p.(3P*).4f""","=""4D""","=""5/2""",,"=""T5109LS""","=""""",
O,2,"=""""","=""368.2174""","=""""","=""""","=""2.28e+05""",D,"=""228747.45""","=""255897.59""","=""2s2.2p2.(1D).3p""","=""2F*""","=""7/2""","=""2s2.2p2.(3P).4d""","=""2D""","=""5/2""",,"=""T5723LS""","=""""",
O,3,"=""""","=""368.2383""","=""""","=""""","=""2.52e+04""",C,"=""273081.33""","=""300229.93""","=""2s2.2p.(2P*).3s""","=""1P*""","=""1""","=""2s2.2p.(2P*).3p""","=""3P""","=""0""",,"=""u24""","=""""",
O,2,"=""368.3326""","=""368.3322""","=""""","=""1""","=""""",,"=""233544.59""","=""260686.27""","=""2s2.2p2.(3P).3d""","=""2P""","=""1/2""","=""2s2.2p2.(3P).5p""","=""2S*""","=""1/2""",,"=""""","=""L10621""",
O,2,"=""""","=""368.6393""","=""""","=""""","=""2.39e+05""",D,"=""228723.84""","=""255842.91""","=""2s2.2p2.(1D).3p""","=""2F*""","=""5/2""","=""2s2.2p2.(3P).4d""","=""2D""","=""3/2""",,"=""T5723LS""","=""""",
O,5,"=""""","=""369.017""","=""""","=""""","=""1.97e+06""",B,"=""677150.7""","=""704242.0""","=""1s2.2p.(2P*<1/2>).3p""","=""3D""","=""1""","=""1s2.2p.(2P*<3/2>).3d""","=""3D*""","=""2""",,"=""T3843n""","=""""",
O,1,"=""""","=""369.23558""","=""""","=""""","=""9.30e+04""",D,"=""76794.978""","=""103870.252""","=""2s2.2p3.(4S*).3s""","=""3S*""","=""1""","=""2s2.2p3.(4S*).5p""","=""3P""","=""0""",,"=""T5713LS""","=""""",
O,1,"=""""","=""369.23864""","=""""","=""""","=""9.30e+04""",C,"=""76794.978""","=""103870.028""","=""2s2.2p3.(4S*).3s""","=""3S*""","=""1""","=""2s2.2p3.(4S*).5p""","=""3P""","=""1""",,"=""T5713LS""","=""""",
O,1,"=""""","=""369.23945""","=""""","=""""","=""9.30e+04""",C,"=""76794.978""","=""103869.968""","=""2s2.2p3.(4S*).3s""","=""3S*""","=""1""","=""2s2.2p3.(4S*).5p""","=""3P""","=""2""",,"=""T5713LS""","=""""",
O,3,"=""""","=""369.5162""","=""""","=""""","=""7.76e+07""",B,"=""365726.76""","=""392781.47""","=""2s2.2p.(2P*).4p""","=""1P""","=""1""","=""2s2.2p.(2P*).5s""","=""1P*""","=""1""",,"=""T5376""","=""""",
O,3,"=""""","=""369.5375""","=""""","=""""","=""4.01e+07""",C+,"=""338577.25""","=""365630.40""","=""2s.2p2.(4P).3s""","=""5P""","=""1""","=""2s.2p2.(4P).3p""","=""5D*""","=""2""",,"=""T5376LS""","=""""",
O,4,"=""""","=""369.608""","=""""","=""""","=""4.17e+06""",C+,"=""569283""","=""596331""","=""2s.2p.(3P*).4s""","=""4P*""","=""5/2""","=""2s.2p.(3P*).4f""","=""4D""","=""7/2""",,"=""T5109LS""","=""""",
O,5,"=""""","=""369.836""","=""""","=""""","=""1.03e+07""",B,"=""677150.7""","=""704182.0""","=""1s2.2p.(2P*<1/2>).3p""","=""3D""","=""1""","=""1s2.2p.(2P*<1/2>).3d""","=""3D*""","=""1""",,"=""T3843n""","=""""",
O,3,"=""369.870""","=""369.8718""","=""""","=""80""","=""7.62e+07""",C+,"=""338701.98""","=""365730.68""","=""2s.2p2.(4P).3s""","=""5P""","=""2""","=""2s.2p2.(4P).3p""","=""5D*""","=""3""",,"=""T5376LS""","=""L3467""",
O,5,"=""""","=""370.265""","=""""","=""""","=""1.98e+07""",B,"=""719274.9""","=""746274.9""","=""1s2.2p.(2P*<3/2>).3d""","=""1P*""","=""1""","=""1s2.2s.4d""","=""1D""","=""2""",,"=""T5633""","=""""",
O,5,"=""""","=""370.272""","=""""","=""""","=""1.41e+06""",B,"=""677348.5""","=""704348.0""","=""1s2.2p.(2P*<1/2>).3p""","=""3D""","=""2""","=""1s2.2p.(2P*<3/2>).3d""","=""3D*""","=""3""",,"=""T3843n""","=""""",
O,3,"=""""","=""370.2743""","=""""","=""""","=""5.45e+07""",C+,"=""300229.93""","=""327229.25""","=""2s2.2p.(2P*).3p""","=""3P""","=""0""","=""2s2.2p.(2P*).3d""","=""3D*""","=""1""",,"=""T5376,T5791,LS""","=""""",
O,3,"=""370.275""","=""""","=""""","=""80""","=""""",,"=""""","=""""","=""""","=""""","=""""","=""""","=""""","=""""",,"=""""","=""L3467""",
O,3,"=""370.337""","=""370.3355""","=""""","=""80""","=""1.14e+08""",C+,"=""338863.03""","=""365857.89""","=""2s.2p2.(4P).3s""","=""5P""","=""3""","=""2s.2p2.(4P).3p""","=""5D*""","=""4""",,"=""T5376LS""","=""L3467""",
O,3,"=""""","=""370.4749""","=""""","=""""","=""8.53e+07""",C+,"=""338577.25""","=""365561.95""","=""2s.2p2.(4P).3s""","=""5P""","=""1""","=""2s.2p2.(4P).3p""","=""5D*""","=""1""",,"=""T5376LS""","=""""",
O,3,"=""370.724""","=""370.7272""","=""""","=""110""","=""7.34e+07""",C+,"=""300311.96""","=""327278.30""","=""2s2.2p.(2P*).3p""","=""3P""","=""1""","=""2s2.2p.(2P*).3d""","=""3D*""","=""2""",,"=""T5376,T5791,LS""","=""L3467""",
O,3,"=""""","=""370.9543""","=""""","=""""","=""1.13e+08""",C+,"=""338577.25""","=""365527.08""","=""2s.2p2.(4P).3s""","=""5P""","=""1""","=""2s.2p2.(4P).3p""","=""5D*""","=""0""",,"=""T5376LS""","=""""",
O,3,"=""""","=""371.2493""","=""""","=""""","=""6.59e+07""",C+,"=""338701.98""","=""365630.40""","=""2s.2p2.(4P).3s""","=""5P""","=""2""","=""2s.2p2.(4P).3p""","=""5D*""","=""2""",,"=""T5376LS""","=""""",
O,2,"=""371.2741""","=""371.27435""","=""""","=""25""","=""2.75e+07""",B,"=""185235.281""","=""212161.881""","=""2s2.2p2.(3P).3s""","=""4P""","=""1/2""","=""2s2.2p2.(3P).3p""","=""4S*""","=""3/2""",,"=""T6172,T6632""","=""L10621""",
O,2,"=""""","=""371.396""","=""""","=""""","=""1.56e+05""",E,"=""248010.23""","=""274928.0""","=""2s2.2p2.(3P).4p""","=""2D*""","=""3/2""","=""2s2.2p2.(1D).4d""","=""2D""","=""5/2""",,"=""T5723LS""","=""""",
O,3,"=""""","=""371.4028""","=""""","=""""","=""4.06e+07""",C+,"=""300311.96""","=""327229.25""","=""2s2.2p.(2P*).3p""","=""3P""","=""1""","=""2s2.2p.(2P*).3d""","=""3D*""","=""1""",,"=""T5376,T5791,LS""","=""""",
O,3,"=""371.508""","=""371.5086""","=""""","=""110""","=""9.73e+07""",C+,"=""300442.55""","=""327352.17""","=""2s2.2p.(2P*).3p""","=""3P""","=""2""","=""2s2.2p.(2P*).3d""","=""3D*""","=""3""",,"=""T5376,T5791,LS""","=""L3467""",
O,2,"=""""","=""371.562""","=""""","=""""","=""2.11e+06""",D,"=""248010.23""","=""274916.0""","=""2s2.2p2.(3P).4p""","=""2D*""","=""3/2""","=""2s2.2p2.(1D).4d""","=""2D""","=""3/2""",,"=""T5723LS""","=""""",
O,5,"=""""","=""371.731""","=""""","=""""","=""9.63e+06""",B,"=""677348.5""","=""704242.0""","=""1s2.2p.(2P*<1/2>).3p""","=""3D""","=""2""","=""1s2.2p.(2P*<3/2>).3d""","=""3D*""","=""2""",,"=""T3843n""","=""""",
O,3,"=""""","=""372.0890""","=""""","=""""","=""3.74e+07""",C+,"=""338863.03""","=""365730.68""","=""2s.2p2.(4P).3s""","=""5P""","=""3""","=""2s.2p2.(4P).3p""","=""5D*""","=""3""",,"=""T5376LS""","=""""",
O,3,"=""""","=""372.1954""","=""""","=""""","=""2.80e+07""",C+,"=""338701.98""","=""365561.95""","=""2s.2p2.(4P).3s""","=""5P""","=""2""","=""2s.2p2.(4P).3p""","=""5D*""","=""1""",,"=""T5376LS""","=""""",
O,3,"=""""","=""372.5313""","=""""","=""""","=""2.41e+07""",C+,"=""300442.55""","=""327278.30""","=""2s2.2p.(2P*).3p""","=""3P""","=""2""","=""2s2.2p.(2P*).3d""","=""3D*""","=""2""",,"=""T5376,T5791,LS""","=""""",
O,5,"=""""","=""372.563""","=""""","=""""","=""2.91e+06""",B,"=""677348.5""","=""704182.0""","=""1s2.2p.(2P*<1/2>).3p""","=""3D""","=""2""","=""1s2.2p.(2P*<1/2>).3d""","=""3D*""","=""1""",,"=""T3843n""","=""""",
O,4,"=""""","=""372.589""","=""""","=""""","=""5.61e+07""",B,"=""468337.4""","=""495169""","=""2s.2p.(3P*).3p""","=""4D""","=""1/2""","=""2s.2p.(3P*).3d""","=""4F*""","=""3/2""",,"=""T5109LS""","=""""",
O,4,"=""372.593""","=""372.594""","=""""","=""315w""","=""6.01e+07""",B,"=""468414.9""","=""495246.1""","=""2s.2p.(3P*).3p""","=""4D""","=""3/2""","=""2s.2p.(3P*).3d""","=""4F*""","=""5/2""",,"=""T5109LS""","=""L648""",
O,2,"=""""","=""372.6032""","=""""","=""""","=""1.86e-05""",C,"=""0.00""","=""26830.57""","=""2s2.2p3""","=""4S*""","=""3/2""","=""2s2.2p3""","=""2D*""","=""3/2""",E2,"=""T5047,T4644""","=""""",
O,2,"=""372.604""","=""372.6032""","=""""","=""""","=""1.59e-04""",C,"=""0.00""","=""26830.57""","=""2s2.2p3""","=""4S*""","=""3/2""","=""2s2.2p3""","=""2D*""","=""3/2""",M1,"=""T5047""","=""L3452""",
O,2,"=""372.7320""","=""372.73195""","=""""","=""27""","=""5.64e+07""",B,"=""185340.577""","=""212161.881""","=""2s2.2p2.(3P).3s""","=""4P""","=""3/2""","=""2s2.2p2.(3P).3p""","=""4S*""","=""3/2""",,"=""T6172,T6632""","=""L10621""",
O,2,"=""""","=""372.8359""","=""""","=""""","=""7.22e+04""",C,"=""206730.762""","=""233544.59""","=""2s2.2p2.(3P).3p""","=""4D*""","=""1/2""","=""2s2.2p2.(3P).3d""","=""2P""","=""1/2""",,"=""T6172""","=""""",
O,3,"=""""","=""372.8506""","=""""","=""""","=""1.29e+08""",C+,"=""374663.52""","=""401476.29""","=""2s.2p2.(4P).3p""","=""3D*""","=""2""","=""2s.2p2.(4P).3d""","=""3F""","=""3""",,"=""T5376LS""","=""""",
O,2,"=""372.880""","=""372.8815""","=""""","=""""","=""2.86e-05""",C,"=""0.00""","=""26810.55""","=""2s2.2p3""","=""4S*""","=""3/2""","=""2s2.2p3""","=""2D*""","=""5/2""",E2,"=""T5047,T4644""","=""L3452""",
O,2,"=""""","=""372.8815""","=""""","=""""","=""1.98e-06""",C,"=""0.00""","=""26810.55""","=""2s2.2p3""","=""4S*""","=""3/2""","=""2s2.2p3""","=""2D*""","=""5/2""",M1,"=""T5047""","=""""",
O,3,"=""""","=""372.8838""","=""""","=""""","=""1.45e+08""",C+,"=""374795.14""","=""401605.52""","=""2s.2p2.(4P).3p""","=""3D*""","=""3""","=""2s.2p2.(4P).3d""","=""3F""","=""4""",,"=""T5376LS""","=""""",
O,4,"=""372.903""","=""372.903""","=""""","=""360""","=""6.86e+07""",B,"=""468550.6""","=""495359.6""","=""2s.2p.(3P*).3p""","=""4D""","=""5/2""","=""2s.2p.(3P*).3d""","=""4F*""","=""7/2""",,"=""T5109LS""","=""L648""",
O,2,"=""372.9225""","=""372.9221""","=""""","=""14""","=""2.44e+07""",C,"=""232480.44""","=""259288.07""","=""2s2.2p2.(1D).3p""","=""2P*""","=""1/2""","=""2s2.2p2.(1D).4s""","=""2D""","=""3/2""",,"=""T5723LS""","=""L10621""",
O,3,"=""""","=""372.9802""","=""""","=""""","=""1.22e+08""",C+,"=""374571.64""","=""401375.09""","=""2s.2p2.(4P).3p""","=""3D*""","=""1""","=""2s.2p2.(4P).3d""","=""3F""","=""2""",,"=""T5376LS""","=""""",
O,3,"=""""","=""373.2135""","=""""","=""""","=""2.67e+06""",C+,"=""300442.55""","=""327229.25""","=""2s2.2p.(2P*).3p""","=""3P""","=""2""","=""2s2.2p.(2P*).3d""","=""3D*""","=""1""",,"=""T5376,T5791,LS""","=""""",
O,3,"=""""","=""373.4830""","=""""","=""""","=""7.40e+06""",C+,"=""338863.03""","=""365630.40""","=""2s.2p2.(4P).3s""","=""5P""","=""3""","=""2s.2p2.(4P).3p""","=""5D*""","=""2""",,"=""T5376LS""","=""""",
O,2,"=""""","=""373.5722""","=""""","=""""","=""4.86e+06""",D,"=""232527.09""","=""259288.07""","=""2s2.2p2.(1D).3p""","=""2P*""","=""3/2""","=""2s2.2p2.(1D).4s""","=""2D""","=""3/2""",,"=""T5723LS""","=""L11267""",
O,2,"=""373.5784""","=""373.5786""","=""""","=""15""","=""2.92e+07""",C,"=""232527.09""","=""259287.61""","=""2s2.2p2.(1D).3p""","=""2P*""","=""3/2""","=""2s2.2p2.(1D).4s""","=""2D""","=""5/2""",,"=""T5723LS""","=""L10621""",
O,2,"=""""","=""373.6095""","=""""","=""""","=""8.99e+04""",C,"=""206786.286""","=""233544.59""","=""2s2.2p2.(3P).3p""","=""4D*""","=""3/2""","=""2s2.2p2.(3P).3d""","=""2P""","=""1/2""",,"=""T6172""","=""""",
O,4,"=""""","=""373.668""","=""""","=""""","=""2.23e+07""",B,"=""468414.9""","=""495169""","=""2s.2p.(3P*).3p""","=""4D""","=""3/2""","=""2s.2p.(3P*).3d""","=""4F*""","=""3/2""",,"=""T5109LS""","=""""",
O,4,"=""373.685""","=""373.685""","=""""","=""410""","=""7.95e+07""",B,"=""468760.0""","=""495512.9""","=""2s.2p.(3P*).3p""","=""4D""","=""7/2""","=""2s.2p.(3P*).3d""","=""4F*""","=""9/2""",,"=""T5109LS""","=""L648""",
O,2,"=""""","=""373.8337""","=""""","=""""","=""1.67e+05""",D,"=""228723.84""","=""255466.10""","=""2s2.2p2.(1D).3p""","=""2F*""","=""5/2""","=""2s2.2p2.(3P).4d""","=""2F""","=""7/2""",,"=""T5723LS""","=""L11267""",
O,2,"=""""","=""373.846""","=""""","=""""","=""2.15e+06""",D,"=""248186.64""","=""274928.0""","=""2s2.2p2.(3P).4p""","=""2D*""","=""5/2""","=""2s2.2p2.(1D).4d""","=""2D""","=""5/2""",,"=""T5723LS""","=""""",
O,2,"=""373.9762""","=""373.9761""","=""""","=""20""","=""2.97e+07""",B,"=""212161.881""","=""238893.96""","=""2s2.2p2.(3P).3p""","=""4S*""","=""3/2""","=""2s2.2p2.(3P).4s""","=""4P""","=""5/2""",,"=""T6632""","=""L10621""",
O,2,"=""""","=""373.999""","=""""","=""""","=""8.06e+05""",D,"=""248010.23""","=""274740.7""","=""2s2.2p2.(3P).4p""","=""2D*""","=""3/2""","=""2s2.2p2.(1D).4d""","=""2F""","=""5/2""",,"=""T5723LS""","=""""",
O,2,"=""""","=""374.014""","=""""","=""""","=""2.30e+05""",E,"=""248186.64""","=""274916.0""","=""2s2.2p2.(3P).4p""","=""2D*""","=""5/2""","=""2s2.2p2.(1D).4d""","=""2D""","=""3/2""",,"=""T5723LS""","=""""",
O,2,"=""374.1639""","=""374.1640""","=""""","=""11""","=""4.50e+06""",D,"=""228747.45""","=""255466.10""","=""2s2.2p2.(1D).3p""","=""2F*""","=""7/2""","=""2s2.2p2.(3P).4d""","=""2F""","=""7/2""",,"=""T5723LS""","=""L10621""",
O,3,"=""""","=""374.2632""","=""""","=""""","=""2.24e+07""",C+,"=""374663.52""","=""401375.09""","=""2s.2p2.(4P).3p""","=""3D*""","=""2""","=""2s.2p2.(4P).3d""","=""3F""","=""2""",,"=""T5376LS""","=""""",
O,3,"=""374.400""","=""""","=""""","=""110""","=""""",,"=""""","=""""","=""""","=""""","=""""","=""""","=""""","=""""",,"=""""","=""L3467""",
O,2,"=""""","=""374.4286""","=""""","=""""","=""6.76e+04""",C,"=""206730.762""","=""233430.53""","=""2s2.2p2.(3P).3p""","=""4D*""","=""1/2""","=""2s2.2p2.(3P).3d""","=""2P""","=""3/2""",,"=""T6172""","=""""",
O,4,"=""374.489""","=""374.489""","=""""","=""230""","=""1.92e+07""",B,"=""468550.6""","=""495246.1""","=""2s.2p.(3P*).3p""","=""4D""","=""5/2""","=""2s.2p.(3P*).3d""","=""4F*""","=""5/2""",,"=""T5109LS""","=""L648""",
O,5,"=""""","=""374.664""","=""""","=""""","=""1.18e+07""",B,"=""677665.0""","=""704348.0""","=""1s2.2p.(2P*<3/2>).3p""","=""3D""","=""3""","=""1s2.2p.(2P*<3/2>).3d""","=""3D*""","=""3""",,"=""T3843n""","=""""",
O,3,"=""""","=""374.6899""","=""""","=""""","=""1.59e+07""",C+,"=""374795.14""","=""401476.29""","=""2s.2p2.(4P).3p""","=""3D*""","=""3""","=""2s.2p2.(4P).3d""","=""3F""","=""3""",,"=""T5376LS""","=""""",
O,2,"=""374.8880""","=""374.8865""","=""""","=""6""","=""""",,"=""203942.288""","=""230609.45""","=""2s2.2p2.(3P).3p""","=""2S*""","=""1/2""","=""2s2.2p2.(1S).3s""","=""2S""","=""1/2""",,"=""""","=""L10621""",
O,2,"=""374.9486""","=""374.94841""","=""""","=""30""","=""8.97e+07""",B,"=""185499.124""","=""212161.881""","=""2s2.2p2.(3P).3s""","=""4P""","=""5/2""","=""2s2.2p2.(3P).3p""","=""4S*""","=""3/2""",,"=""T6172,T6632""","=""L10621""",
O,2,"=""""","=""375.2089""","=""""","=""""","=""4.64e+04""",C,"=""206786.286""","=""233430.53""","=""2s2.2p2.(3P).3p""","=""4D*""","=""3/2""","=""2s2.2p2.(3P).3d""","=""2P""","=""3/2""",,"=""T6172""","=""""",
O,3,"=""375.467""","=""375.4696""","=""""","=""150""","=""7.53e+07""",C+,"=""267377.11""","=""294002.86""","=""2s2.2p.(2P*).3s""","=""3P*""","=""1""","=""2s2.2p.(2P*).3p""","=""3D""","=""2""",,"=""u24""","=""L3467""",
O,4,"=""""","=""375.573""","=""""","=""""","=""1.57e+06""",B,"=""468550.6""","=""495169""","=""2s.2p.(3P*).3p""","=""4D""","=""5/2""","=""2s.2p.(3P*).3d""","=""4F*""","=""3/2""",,"=""T5109LS""","=""""",
O,3,"=""375.721""","=""375.7232""","=""""","=""80""","=""5.56e+07""",C+,"=""267258.71""","=""293866.49""","=""2s2.2p.(2P*).3s""","=""3P*""","=""0""","=""2s2.2p.(2P*).3p""","=""3D""","=""1""",,"=""u24""","=""L3467""",
O,4,"=""""","=""375.839""","=""""","=""""","=""1.11e+07""",B,"=""468760.0""","=""495359.6""","=""2s.2p.(3P*).3p""","=""4D""","=""7/2""","=""2s.2p.(3P*).3d""","=""4F*""","=""7/2""",,"=""T5109LS""","=""""",
O,2,"=""""","=""375.906""","=""""","=""""","=""8.51e+05""",D,"=""248186.64""","=""274781.5""","=""2s2.2p2.(3P).4p""","=""2D*""","=""5/2""","=""2s2.2p2.(1D).4d""","=""2F""","=""7/2""",,"=""T5723LS""","=""""",
O,3,"=""375.987""","=""375.9875""","=""""","=""250""","=""9.79e+07""",C+,"=""267634.00""","=""294223.07""","=""2s2.2p.(2P*).3s""","=""3P*""","=""2""","=""2s2.2p.(2P*).3p""","=""3D""","=""3""",,"=""u24""","=""L3467""",
O,3,"=""""","=""376.1166""","=""""","=""""","=""6.22e+05""",C+,"=""374795.14""","=""401375.09""","=""2s.2p2.(4P).3p""","=""3D*""","=""3""","=""2s.2p2.(4P).3d""","=""3F""","=""2""",,"=""T5376LS""","=""""",
O,2,"=""376.1400""","=""376.1403""","=""""","=""9""","=""4.37e+06""",D,"=""228723.84""","=""255302.11""","=""2s2.2p2.(1D).3p""","=""2F*""","=""5/2""","=""2s2.2p2.(3P).4d""","=""2F""","=""5/2""",,"=""T5723LS""","=""L10621""",
O,5,"=""""","=""376.158""","=""""","=""""","=""1.61e+06""",B,"=""677665.0""","=""704242.0""","=""1s2.2p.(2P*<3/2>).3p""","=""3D""","=""3""","=""1s2.2p.(2P*<3/2>).3d""","=""3D*""","=""2""",,"=""T3843n""","=""""",
O,4,"=""""","=""376.187""","=""""","=""""","=""5.40e+05""",B,"=""547326""","=""573901""","=""2s.2p.(1P*).3p""","=""2D""","=""3/2""","=""2s.2p.(3P*).4s""","=""2P*""","=""3/2""",,"=""T5109LS""","=""""",
O,2,"=""376.2465""","=""376.2465""","=""""","=""19""","=""3.10e+07""",B,"=""212161.881""","=""238732.65""","=""2s2.2p2.(3P).3p""","=""4S*""","=""3/2""","=""2s2.2p2.(3P).4s""","=""4P""","=""3/2""",,"=""T6632""","=""L10621""",
O,2,"=""""","=""376.4748""","=""""","=""""","=""2.18e+05""",D,"=""228747.45""","=""255302.11""","=""2s2.2p2.(1D).3p""","=""2F*""","=""7/2""","=""2s2.2p2.(3P).4d""","=""2F""","=""5/2""",,"=""T5723LS""","=""L11267""",
O,2,"=""""","=""376.483""","=""""","=""""","=""5.64e+04""",E,"=""248186.64""","=""274740.7""","=""2s2.2p2.(3P).4p""","=""2D*""","=""5/2""","=""2s2.2p2.(1D).4d""","=""2F""","=""5/2""",,"=""T5723LS""","=""""",
O,2,"=""""","=""376.5031""","=""""","=""""","=""3.88e+04""",C,"=""206877.865""","=""233430.53""","=""2s2.2p2.(3P).3p""","=""4D*""","=""5/2""","=""2s2.2p2.(3P).3d""","=""2P""","=""3/2""",,"=""T6172""","=""""",
O,4,"=""""","=""376.598""","=""""","=""""","=""4.84e+06""",B,"=""547355""","=""573901""","=""2s.2p.(1P*).3p""","=""2D""","=""5/2""","=""2s.2p.(3P*).4s""","=""2P*""","=""3/2""",,"=""T5109LS""","=""""",
O,2,"=""""","=""377.400""","=""""","=""""","=""4.90e+06""",D,"=""248426.41""","=""274916.0""","=""2s2.2p2.(3P).4p""","=""2P*""","=""1/2""","=""2s2.2p2.(1D).4d""","=""2D""","=""3/2""",,"=""T5723LS""","=""""",
O,3,"=""""","=""377.4026""","=""""","=""""","=""3.91e+07""",C+,"=""267377.11""","=""293866.49""","=""2s2.2p.(2P*).3s""","=""3P*""","=""1""","=""2s2.2p.(2P*).3p""","=""3D""","=""1""",,"=""u24""","=""""",
O,4,"=""""","=""377.449""","=""""","=""""","=""7.45e+05""",B,"=""468760.0""","=""495246.1""","=""2s.2p.(3P*).3p""","=""4D""","=""7/2""","=""2s.2p.(3P*).3d""","=""4F*""","=""5/2""",,"=""T5109LS""","=""""",
O,2,"=""377.7421""","=""377.7420""","=""""","=""16""","=""2.25e+07""",B,"=""212161.881""","=""238627.46""","=""2s2.2p2.(3P).3p""","=""4S*""","=""3/2""","=""2s2.2p2.(3P).4s""","=""4P""","=""1/2""",,"=""T6632""","=""L10621""",
O,2,"=""""","=""378.498""","=""""","=""""","=""5.83e+06""",D,"=""248515.30""","=""274928.0""","=""2s2.2p2.(3P).4p""","=""2P*""","=""3/2""","=""2s2.2p2.(1D).4d""","=""2D""","=""5/2""",,"=""T5723LS""","=""""",
O,2,"=""""","=""378.670""","=""""","=""""","=""9.70e+05""",D,"=""248515.30""","=""274916.0""","=""2s2.2p2.(3P).4p""","=""2P*""","=""3/2""","=""2s2.2p2.(1D).4d""","=""2D""","=""3/2""",,"=""T5723LS""","=""""",
O,4,"=""""","=""378.738""","=""""","=""""","=""8.25e+06""",B,"=""573696""","=""600092""","=""2s.2p.(3P*).4s""","=""2P*""","=""1/2""","=""2p2.(1D).3s""","=""2D""","=""3/2""",,"=""T5109LS""","=""""",
O,4,"=""""","=""379.111""","=""""","=""""","=""5.27e+06""",B,"=""547326""","=""573696""","=""2s.2p.(1P*).3p""","=""2D""","=""3/2""","=""2s.2p.(3P*).4s""","=""2P*""","=""1/2""",,"=""T5109LS""","=""""",
O,3,"=""379.126""","=""379.1275""","=""""","=""110""","=""2.24e+07""",C+,"=""267634.00""","=""294002.86""","=""2s2.2p.(2P*).3s""","=""3P*""","=""2""","=""2s2.2p.(2P*).3p""","=""3D""","=""2""",,"=""u24""","=""L3467""",
O,2,"=""379.4361""","=""379.4359""","=""""","=""14""","=""6.86e+06""",C,"=""214169.920""","=""240517.35""","=""2s2.2p2.(3P).3p""","=""2P*""","=""1/2""","=""2s2.2p2.(3P).4s""","=""2P""","=""3/2""",,"=""T5723LS""","=""L10621""",
O,2,"=""380.2032""","=""380.2025""","=""""","=""4""","=""""",,"=""240330.01""","=""266624.32""","=""2s2.2p2.(3P).4s""","=""2P""","=""1/2""","=""2s2.2p2.(1D).4p""","=""2D*""","=""3/2""",,"=""""","=""L10621""",
O,2,"=""380.2985""","=""380.2984""","=""""","=""19""","=""3.41e+07""",C,"=""214229.671""","=""240517.35""","=""2s2.2p2.(3P).3p""","=""2P*""","=""3/2""","=""2s2.2p2.(3P).4s""","=""2P""","=""3/2""",,"=""T5723LS""","=""L10621""",
O,3,"=""""","=""381.0985""","=""""","=""""","=""2.37e+06""",C+,"=""267634.00""","=""293866.49""","=""2s2.2p.(2P*).3s""","=""3P*""","=""2""","=""2s2.2p.(2P*).3p""","=""3D""","=""1""",,"=""u24""","=""""",
O,6,"=""""","=""381.135""","=""""","=""""","=""5.14e+07""",A,"=""640039.8""","=""666269.8""","=""1s2.3s""","=""2S""","=""1/2""","=""1s2.3p""","=""2P*""","=""3/2""",,"=""T5118LS""","=""""",
O,2,"=""381.3706""","=""381.37301""","=""""","=""6""","=""3.74e+04""",C,"=""185499.124""","=""211712.732""","=""2s2.2p2.(3P).3s""","=""4P""","=""5/2""","=""2s2.2p2.(3P).3p""","=""2D*""","=""5/2""",,"=""T6172""","=""L10621""",
O,4,"=""""","=""381.498""","=""""","=""""","=""9.68e+06""",B,"=""573901""","=""600106""","=""2s.2p.(3P*).4s""","=""2P*""","=""3/2""","=""2p2.(1D).3s""","=""2D""","=""5/2""",,"=""T5109LS""","=""""",
O,3,"=""""","=""381.6751""","=""""","=""""","=""9.63e+06""",C,"=""306586.08""","=""332778.94""","=""2s2.2p.(2P*).3p""","=""1D""","=""2""","=""2s2.2p.(2P*).3d""","=""1P*""","=""1""",,"=""T5376,T5791""","=""""",
O,4,"=""""","=""381.702""","=""""","=""""","=""1.61e+06""",B,"=""573901""","=""600092""","=""2s.2p.(3P*).4s""","=""2P*""","=""3/2""","=""2p2.(1D).3s""","=""2D""","=""3/2""",,"=""T5109LS""","=""""",
O,2,"=""382.1538""","=""382.1532""","=""""","=""15""","=""2.69e+07""",C,"=""214169.920""","=""240330.01""","=""2s2.2p2.(3P).3p""","=""2P*""","=""1/2""","=""2s2.2p2.(3P).4s""","=""2P""","=""1/2""",,"=""T5723LS""","=""L10621""",
O,1,"=""""","=""382.25769""","=""""","=""""","=""1.17e+05""",C,"=""101135.407""","=""127288.349""","=""2s2.2p3.(2D*).3s""","=""3D*""","=""3""","=""2s2.2p3.(2P*).3p""","=""3D""","=""2""",,"=""T5713LS""","=""""",
O,1,"=""382.341""","=""382.34136""","=""""","=""120""","=""6.63e+05""",C+,"=""101135.407""","=""127282.626""","=""2s2.2p3.(2D*).3s""","=""3D*""","=""3""","=""2s2.2p3.(2P*).3p""","=""3D""","=""3""",,"=""T5713LS""","=""L3760""",
O,1,"=""""","=""382.38679""","=""""","=""""","=""1.87e+05""",C,"=""101147.526""","=""127291.638""","=""2s2.2p3.(2D*).3s""","=""3D*""","=""2""","=""2s2.2p3.(2P*).3p""","=""3D""","=""1""",,"=""T5713LS""","=""""",
O,1,"=""""","=""382.43491""","=""""","=""""","=""5.19e+05""",C+,"=""101147.526""","=""127288.349""","=""2s2.2p3.(2D*).3s""","=""3D*""","=""2""","=""2s2.2p3.(2P*).3p""","=""3D""","=""2""",,"=""T5713LS""","=""""",
O,1,"=""""","=""382.50232""","=""""","=""""","=""5.59e+05""",C+,"=""101155.422""","=""127291.638""","=""2s2.2p3.(2D*).3s""","=""3D*""","=""1""","=""2s2.2p3.(2P*).3p""","=""3D""","=""1""",,"=""T5713LS""","=""""",
O,1,"=""""","=""382.51865""","=""""","=""""","=""8.31e+04""",C,"=""101147.526""","=""127282.626""","=""2s2.2p3.(2D*).3s""","=""3D*""","=""2""","=""2s2.2p3.(2P*).3p""","=""3D""","=""3""",,"=""T5713LS""","=""""",
O,1,"=""""","=""382.55046""","=""""","=""""","=""1.12e+05""",C,"=""101155.422""","=""127288.349""","=""2s2.2p3.(2D*).3s""","=""3D*""","=""1""","=""2s2.2p3.(2P*).3p""","=""3D""","=""2""",,"=""T5713LS""","=""""",
O,2,"=""383.0290""","=""383.0281""","=""""","=""13""","=""1.33e+07""",C,"=""214229.671""","=""240330.01""","=""2s2.2p2.(3P).3p""","=""2P*""","=""3/2""","=""2s2.2p2.(3P).4s""","=""2P""","=""1/2""",,"=""T5723LS""","=""L10621""",
O,2,"=""383.3074""","=""383.30706""","=""""","=""12""","=""1.02e+06""",C,"=""206877.865""","=""232959.210""","=""2s2.2p2.(3P).3p""","=""4D*""","=""5/2""","=""2s2.2p2.(3P).3d""","=""2F""","=""7/2""",,"=""T6172""","=""L10621""",
O,6,"=""""","=""383.424""","=""""","=""""","=""5.05e+07""",A,"=""640039.8""","=""666113.2""","=""1s2.3s""","=""2S""","=""1/2""","=""1s2.3p""","=""2P*""","=""1/2""",,"=""T5118LS""","=""""",
O,2,"=""383.5855""","=""383.58605""","=""""","=""4""","=""2.45e+04""",C,"=""208392.258""","=""234454.634""","=""2s2.2p2.(3P).3p""","=""4P*""","=""3/2""","=""2s2.2p2.(3P).3d""","=""2D""","=""5/2""",,"=""T6172""","=""L10621""",
O,2,"=""""","=""383.66972""","=""""","=""""","=""1.64e+04""",C,"=""208346.104""","=""234402.797""","=""2s2.2p2.(3P).3p""","=""4P*""","=""1/2""","=""2s2.2p2.(3P).3d""","=""2D""","=""3/2""",,"=""T6172""","=""""",
O,4,"=""""","=""383.759""","=""""","=""""","=""2.16e+06""",C+,"=""570797""","=""596847.6""","=""2s.2p.(1P*).3d""","=""2F*""","=""7/2""","=""2s.2p.(3P*).4f""","=""2G""","=""9/2""",,"=""T5109LS""","=""""",
O,4,"=""""","=""384.107""","=""""","=""""","=""3.91e+07""",B,"=""549792""","=""575819""","=""2s.2p.(1P*).3p""","=""2P""","=""1/2""","=""2s.2p.(1P*).3d""","=""2D*""","=""3/2""",,"=""T5109LS""","=""""",
O,2,"=""384.2815""","=""384.28138""","=""""","=""15""","=""8.13e+06""",C,"=""206730.762""","=""232745.981""","=""2s2.2p2.(3P).3p""","=""4D*""","=""1/2""","=""2s2.2p2.(3P).3d""","=""4D""","=""3/2""",,"=""T6172,T6632""","=""L10621""",
O,2,"=""384.3587""","=""384.35832""","=""""","=""14""","=""3.55e+06""",C,"=""206786.286""","=""232796.298""","=""2s2.2p2.(3P).3p""","=""4D*""","=""3/2""","=""2s2.2p2.(3P).3d""","=""2F""","=""5/2""",,"=""T6172""","=""L10621""",
O,4,"=""""","=""384.400""","=""""","=""""","=""1.37e+06""",C+,"=""570791""","=""596798.2""","=""2s.2p.(1P*).3d""","=""2F*""","=""5/2""","=""2s.2p.(3P*).4f""","=""2D""","=""3/2""",,"=""T5109LS""","=""""",
O,4,"=""""","=""384.536""","=""""","=""""","=""4.68e+07""",B,"=""549855""","=""575853""","=""2s.2p.(1P*).3p""","=""2P""","=""3/2""","=""2s.2p.(1P*).3d""","=""2D*""","=""5/2""",,"=""T5109LS""","=""""",
O,2,"=""384.7892""","=""384.78930""","=""""","=""14""","=""1.87e+07""",B+,"=""206730.762""","=""232711.642""","=""2s2.2p2.(3P).3p""","=""4D*""","=""1/2""","=""2s2.2p2.(3P).3d""","=""4D""","=""1/2""",,"=""T6172,T6632""","=""L10621""",
O,4,"=""""","=""385.039""","=""""","=""""","=""7.77e+06""",B,"=""549855""","=""575819""","=""2s.2p.(1P*).3p""","=""2P""","=""3/2""","=""2s.2p.(1P*).3d""","=""2D*""","=""3/2""",,"=""T5109LS""","=""""",
O,2,"=""385.0797""","=""385.07987""","=""""","=""14""","=""3.40e+06""",C,"=""206786.286""","=""232747.562""","=""2s2.2p2.(3P).3p""","=""4D*""","=""3/2""","=""2s2.2p2.(3P).3d""","=""4D""","=""5/2""",,"=""T6172,T6632""","=""L10621""",
O,2,"=""385.1032""","=""385.10332""","=""""","=""17""","=""1.52e+07""",B+,"=""206786.286""","=""232745.981""","=""2s2.2p2.(3P).3p""","=""4D*""","=""3/2""","=""2s2.2p2.(3P).3d""","=""4D""","=""3/2""",,"=""T6172,T6632""","=""L10621""",
O,2,"=""385.1471""","=""385.14735""","=""""","=""15""","=""2.72e+06""",C,"=""207002.482""","=""232959.210""","=""2s2.2p2.(3P).3p""","=""4D*""","=""7/2""","=""2s2.2p2.(3P).3d""","=""2F""","=""7/2""",,"=""T6172""","=""L10621""",
O,2,"=""385.2383""","=""385.2395""","=""""","=""9""","=""2.98e+06""",D,"=""229947.07""","=""255897.59""","=""2s2.2p2.(1D).3p""","=""2D*""","=""5/2""","=""2s2.2p2.(3P).4d""","=""2D""","=""5/2""",,"=""T5723LS""","=""L10621""",
O,3,"=""""","=""385.3474""","=""""","=""""","=""5.20e+05""",D,"=""374571.64""","=""400514.89""","=""2s.2p2.(4P).3p""","=""3D*""","=""1""","=""2s.2p2.(4P).3d""","=""3P""","=""0""",,"=""T5376LS""","=""""",
O,1,"=""""","=""385.50139""","=""""","=""""","=""1.63e+06""",B,"=""102662.026""","=""128594.916""","=""2s2.2p3.(2D*).3s""","=""1D*""","=""2""","=""2s2.2p3.(2P*).3p""","=""1D""","=""2""",,"=""T5713""","=""""",
O,2,"=""""","=""385.5570""","=""""","=""""","=""2.12e+05""",D,"=""229968.44""","=""255897.59""","=""2s2.2p2.(1D).3p""","=""2D*""","=""3/2""","=""2s2.2p2.(3P).4d""","=""2D""","=""5/2""",,"=""T5723LS""","=""L11267""",
O,2,"=""385.6134""","=""385.61342""","=""""","=""16""","=""2.45e+07""",C+,"=""206786.286""","=""232711.642""","=""2s2.2p2.(3P).3p""","=""4D*""","=""3/2""","=""2s2.2p2.(3P).3d""","=""4D""","=""1/2""",,"=""T6172,T6632""","=""L10621""",
O,2,"=""385.7166""","=""385.71642""","=""""","=""17""","=""6.59e+06""",C,"=""206877.865""","=""232796.298""","=""2s2.2p2.(3P).3p""","=""4D*""","=""5/2""","=""2s2.2p2.(3P).3d""","=""2F""","=""5/2""",,"=""T6172""","=""L10621""",
O,2,"=""""","=""386.0530""","=""""","=""""","=""3.17e+05""",D,"=""229947.07""","=""255842.91""","=""2s2.2p2.(1D).3p""","=""2D*""","=""5/2""","=""2s2.2p2.(3P).4d""","=""2D""","=""3/2""",,"=""T5723LS""","=""L11267""",
O,3,"=""""","=""386.1497""","=""""","=""""","=""1.29e+05""",D,"=""374571.64""","=""400460.99""","=""2s.2p2.(4P).3p""","=""3D*""","=""1""","=""2s.2p2.(4P).3d""","=""3P""","=""1""",,"=""T5376LS""","=""""",
O,2,"=""386.3502""","=""386.34969""","=""""","=""17""","=""5.99e+06""",B+,"=""206877.865""","=""232753.816""","=""2s2.2p2.(3P).3p""","=""4D*""","=""5/2""","=""2s2.2p2.(3P).3d""","=""4D""","=""7/2""",,"=""T6172,T6632""","=""L10621""",
O,2,"=""""","=""386.3718""","=""""","=""""","=""2.85e+06""",D,"=""229968.44""","=""255842.91""","=""2s2.2p2.(1D).3p""","=""2D*""","=""3/2""","=""2s2.2p2.(3P).4d""","=""2D""","=""3/2""",,"=""T5723LS""","=""L11267""",
O,2,"=""386.4125""","=""386.41272""","=""""","=""11""","=""9.12e+06""",C,"=""206730.762""","=""232602.492""","=""2s2.2p2.(3P).3p""","=""4D*""","=""1/2""","=""2s2.2p2.(3P).3d""","=""4P""","=""1/2""",,"=""T6172""","=""L10621""",
O,2,"=""386.4426""","=""386.44309""","=""""","=""17""","=""2.06e+07""",B+,"=""206877.865""","=""232747.562""","=""2s2.2p2.(3P).3p""","=""4D*""","=""5/2""","=""2s2.2p2.(3P).3d""","=""4D""","=""5/2""",,"=""T6172,T6632""","=""L10621""",
O,2,"=""386.4667""","=""386.46671""","=""""","=""16""","=""1.91e+07""",C+,"=""206877.865""","=""232745.981""","=""2s2.2p2.(3P).3p""","=""4D*""","=""5/2""","=""2s2.2p2.(3P).3d""","=""4D""","=""3/2""",,"=""T6172,T6632""","=""L10621""",
O,4,"=""""","=""386.569""","=""""","=""""","=""1.28e+06""",C+,"=""570797""","=""596658.3""","=""2s.2p.(1P*).3d""","=""2F*""","=""7/2""","=""2s.2p.(3P*).4f""","=""2D""","=""5/2""",,"=""T5109LS""","=""""",
O,4,"=""""","=""386.479""","=""""","=""""","=""6.40e+04""",C,"=""570791""","=""596658.3""","=""2s.2p.(1P*).3d""","=""2F*""","=""5/2""","=""2s.2p.(3P*).4f""","=""2D""","=""5/2""",,"=""T5109LS""","=""""",
O,4,"=""""","=""386.874""","=""""","=""""","=""2.03e+06""",C+,"=""570791""","=""596631.9""","=""2s.2p.(1P*).3d""","=""2F*""","=""5/2""","=""2s.2p.(3P*).4f""","=""2G""","=""7/2""",,"=""T5109LS""","=""""",
O,4,"=""""","=""386.964""","=""""","=""""","=""7.51e+04""",C,"=""570797""","=""596631.9""","=""2s.2p.(1P*).3d""","=""2F*""","=""7/2""","=""2s.2p.(3P*).4f""","=""2G""","=""7/2""",,"=""T5109LS""","=""""",
O,4,"=""""","=""387.215""","=""""","=""""","=""2.99e+06""",B,"=""492890.9""","=""518709""","=""2s.2p.(3P*).3p""","=""2S""","=""1/2""","=""2s.2p.(1P*).3s""","=""2P*""","=""3/2""",,"=""T5109LS""","=""""",
O,2,"=""387.2439""","=""387.24382""","=""""","=""10""","=""4.84e+05""",C,"=""206786.286""","=""232602.492""","=""2s2.2p2.(3P).3p""","=""4D*""","=""3/2""","=""2s2.2p2.(3P).3d""","=""4P""","=""1/2""",,"=""T6172""","=""L10621""",
O,4,"=""""","=""387.365""","=""""","=""""","=""2.99e+06""",B,"=""492890.9""","=""518699""","=""2s.2p.(3P*).3p""","=""2S""","=""1/2""","=""2s.2p.(1P*).3s""","=""2P*""","=""1/2""",,"=""T5109LS""","=""""",
O,2,"=""387.4092""","=""387.40918""","=""""","=""12""","=""3.26e+06""",C,"=""206730.762""","=""232535.949""","=""2s2.2p2.(3P).3p""","=""4D*""","=""1/2""","=""2s2.2p2.(3P).3d""","=""4P""","=""3/2""",,"=""T6172""","=""L10621""",
O,3,"=""""","=""387.5251""","=""""","=""""","=""3.83e+05""",C,"=""374663.52""","=""400460.99""","=""2s.2p2.(4P).3p""","=""3D*""","=""2""","=""2s.2p2.(4P).3d""","=""3P""","=""1""",,"=""T5376LS""","=""""",
O,2,"=""387.5796""","=""387.57997""","=""""","=""13""","=""3.38e+06""",C,"=""207002.482""","=""232796.298""","=""2s2.2p2.(3P).3p""","=""4D*""","=""7/2""","=""2s2.2p2.(3P).3d""","=""2F""","=""5/2""",,"=""T6172""","=""L10621""",
O,3,"=""""","=""387.7889""","=""""","=""""","=""5.10e+03""",D,"=""374571.64""","=""400351.56""","=""2s.2p2.(4P).3p""","=""3D*""","=""1""","=""2s.2p2.(4P).3d""","=""3P""","=""2""",,"=""T5376LS""","=""""",
O,2,"=""388.2192""","=""388.21937""","=""""","=""20""","=""5.10e+07""",B+,"=""207002.482""","=""232753.816""","=""2s2.2p2.(3P).3p""","=""4D*""","=""7/2""","=""2s2.2p2.(3P).3d""","=""4D""","=""7/2""",,"=""T6172,T6632""","=""L10621""",
O,2,"=""388.2446""","=""388.24457""","=""""","=""13""","=""8.94e+06""",C,"=""206786.286""","=""232535.949""","=""2s2.2p2.(3P).3p""","=""4D*""","=""3/2""","=""2s2.2p2.(3P).3d""","=""4P""","=""3/2""",,"=""T6172""","=""L10621""",
O,2,"=""388.3130""","=""388.31368""","=""""","=""14""","=""1.07e+07""",B+,"=""207002.482""","=""232747.562""","=""2s2.2p2.(3P).3p""","=""4D*""","=""7/2""","=""2s2.2p2.(3P).3d""","=""4D""","=""5/2""",,"=""T6172,T6632""","=""L10621""",
O,3,"=""""","=""388.6760""","=""""","=""""","=""1.23e+06""",C+,"=""366488.45""","=""392209.53""","=""2s2.2p.(2P*).4p""","=""3D""","=""1""","=""2s2.2p.(2P*).5s""","=""3P*""","=""2""",,"=""T5376LS""","=""""",
O,3,"=""""","=""389.1759""","=""""","=""""","=""7.57e+04""",D,"=""374663.52""","=""400351.56""","=""2s.2p2.(4P).3p""","=""3D*""","=""2""","=""2s.2p2.(4P).3d""","=""3P""","=""2""",,"=""T5376LS""","=""""",
O,2,"=""389.3516""","=""389.35180""","=""""","=""11""","=""1.89e+06""",C,"=""206786.286""","=""232462.724""","=""2s2.2p2.(3P).3p""","=""4D*""","=""3/2""","=""2s2.2p2.(3P).3d""","=""4P""","=""5/2""",,"=""T6172""","=""L10621""",
O,2,"=""389.6304""","=""389.63032""","=""""","=""10""","=""1.62e+05""",C,"=""206877.865""","=""232535.949""","=""2s2.2p2.(3P).3p""","=""4D*""","=""5/2""","=""2s2.2p2.(3P).3d""","=""4P""","=""3/2""",,"=""T6172""","=""L10621""",
O,3,"=""""","=""390.3044""","=""""","=""""","=""1.82e+07""",C+,"=""366595.76""","=""392209.53""","=""2s2.2p.(2P*).4p""","=""3D""","=""2""","=""2s2.2p.(2P*).5s""","=""3P*""","=""2""",,"=""T5376LS""","=""""",
O,2,"=""390.7455""","=""390.74549""","=""""","=""15""","=""8.64e+06""",C,"=""206877.865""","=""232462.724""","=""2s2.2p2.(3P).3p""","=""4D*""","=""5/2""","=""2s2.2p2.(3P).3d""","=""4P""","=""5/2""",,"=""T6172""","=""L10621""",
O,3,"=""""","=""391.1803""","=""""","=""""","=""4.17e+05""",C,"=""374795.14""","=""400351.56""","=""2s.2p2.(4P).3p""","=""3D*""","=""3""","=""2s.2p2.(4P).3d""","=""3P""","=""2""",,"=""T5376LS""","=""""",
O,2,"=""391.1957""","=""391.1958""","=""""","=""20""","=""1.09e+08""",B+,"=""206971.68""","=""232527.09""","=""2s2.2p2.(1D).3s""","=""2D""","=""5/2""","=""2s2.2p2.(1D).3p""","=""2P*""","=""3/2""",,"=""T6172n""","=""L10621""",
O,2,"=""391.2107""","=""391.2117""","=""""","=""16""","=""1.41e+07""",B,"=""206972.72""","=""232527.09""","=""2s2.2p2.(1D).3s""","=""2D""","=""3/2""","=""2s2.2p2.(1D).3p""","=""2P*""","=""3/2""",,"=""T6172n""","=""L10621""",
O,2,"=""391.7537""","=""391.7535""","=""""","=""7""","=""7.64e+05""",D,"=""229947.07""","=""255466.10""","=""2s2.2p2.(1D).3p""","=""2D*""","=""5/2""","=""2s2.2p2.(3P).4d""","=""2F""","=""7/2""",,"=""T5723LS""","=""L10621""",
O,2,"=""391.9285""","=""391.9272""","=""""","=""18""","=""1.22e+08""",B+,"=""206972.72""","=""232480.44""","=""2s2.2p2.(1D).3s""","=""2D""","=""3/2""","=""2s2.2p2.(1D).3p""","=""2P*""","=""1/2""",,"=""T6172n""","=""L10621""",
O,2,"=""392.6584""","=""392.65806""","=""""","=""5""","=""5.05e+05""",C,"=""207002.482""","=""232462.724""","=""2s2.2p2.(3P).3p""","=""4D*""","=""7/2""","=""2s2.2p2.(3P).3d""","=""4P""","=""5/2""",,"=""T6172""","=""L10621""",
O,4,"=""""","=""393.068""","=""""","=""""","=""3.80e+06""",B,"=""478848.6""","=""504282.3""","=""2s.2p.(3P*).3p""","=""4P""","=""1/2""","=""2s.2p.(3P*).3d""","=""4P*""","=""1/2""",,"=""T5109LS""","=""""",
O,3,"=""""","=""393.1351""","=""""","=""""","=""2.96e+07""",C+,"=""366488.45""","=""391917.80""","=""2s2.2p.(2P*).4p""","=""3D""","=""1""","=""2s2.2p.(2P*).5s""","=""3P*""","=""1""",,"=""T5376LS""","=""""",
O,3,"=""""","=""393.4823""","=""""","=""""","=""9.93e+07""",C+,"=""366802.62""","=""392209.53""","=""2s2.2p.(2P*).4p""","=""3D""","=""3""","=""2s2.2p.(2P*).5s""","=""3P*""","=""2""",,"=""T5376LS""","=""""",
O,4,"=""""","=""394.206""","=""""","=""""","=""9.42e+06""",B,"=""478848.6""","=""504208.9""","=""2s.2p.(3P*).3p""","=""4P""","=""1/2""","=""2s.2p.(3P*).3d""","=""4P*""","=""3/2""",,"=""T5109LS""","=""""",
O,2,"=""""","=""394.2873""","=""""","=""""","=""5.00e+04""",E,"=""229947.07""","=""255302.11""","=""2s2.2p2.(1D).3p""","=""2D*""","=""5/2""","=""2s2.2p2.(3P).4d""","=""2F""","=""5/2""",,"=""T5723LS""","=""L11267""",
O,3,"=""""","=""394.4854""","=""""","=""""","=""1.17e+08""",C+,"=""366488.45""","=""391830.76""","=""2s2.2p.(2P*).4p""","=""3D""","=""1""","=""2s2.2p.(2P*).5s""","=""3P*""","=""0""",,"=""T5376LS""","=""""",
O,2,"=""394.50375""","=""394.50376""","=""""","=""19""","=""2.01e+07""",B,"=""188888.543""","=""214229.671""","=""2s2.2p2.(3P).3s""","=""2P""","=""1/2""","=""2s2.2p2.(3P).3p""","=""2P*""","=""3/2""",,"=""T6172,T6632""","=""L6915""",
O,4,"=""""","=""394.531""","=""""","=""""","=""1.88e+07""",B,"=""478942.9""","=""504282.3""","=""2s.2p.(3P*).3p""","=""4P""","=""3/2""","=""2s.2p.(3P*).3d""","=""4P*""","=""1/2""",,"=""T5109LS""","=""""",
O,2,"=""""","=""394.6199""","=""""","=""""","=""6.98e+05""",D,"=""229968.44""","=""255302.11""","=""2s2.2p2.(1D).3p""","=""2D*""","=""3/2""","=""2s2.2p2.(3P).4d""","=""2F""","=""5/2""",,"=""T5723LS""","=""L11267""",
O,1,"=""394.729""","=""394.72949""","=""""","=""185""","=""4.91e+05""",B,"=""73768.200""","=""99094.837""","=""2s2.2p3.(4S*).3s""","=""5S*""","=""2""","=""2s2.2p3.(4S*).4p""","=""5P""","=""3""",,"=""T5803,LS""","=""L3760""",
O,1,"=""394.748""","=""394.74813""","=""""","=""160""","=""4.88e+05""",B,"=""73768.200""","=""99093.641""","=""2s2.2p3.(4S*).3s""","=""5S*""","=""2""","=""2s2.2p3.(4S*).4p""","=""5P""","=""2""",,"=""T5803,LS""","=""L3760""",
O,1,"=""394.759""","=""394.75862""","=""""","=""140""","=""4.87e+05""",B,"=""73768.200""","=""99092.968""","=""2s2.2p3.(4S*).3s""","=""5S*""","=""2""","=""2s2.2p3.(4S*).4p""","=""5P""","=""1""",,"=""T5803,LS""","=""L3760""",
O,3,"=""""","=""394.8012""","=""""","=""""","=""8.78e+07""",C+,"=""366595.76""","=""391917.80""","=""2s2.2p.(2P*).4p""","=""3D""","=""2""","=""2s2.2p.(2P*).5s""","=""3P*""","=""1""",,"=""T5376LS""","=""""",
O,2,"=""""","=""394.9345""","=""""","=""""","=""9.80e+06""",D,"=""229968.44""","=""255281.93""","=""2s2.2p2.(1D).3p""","=""2D*""","=""3/2""","=""2s2.2p2.(3P).4d""","=""2P""","=""1/2""",,"=""T5723LS""","=""""",
O,1,"=""""","=""395.19278""","=""""","=""""","=""3.10e+05""",C,"=""88630.587""","=""113927.534""","=""2s2.2p3.(4S*).3p""","=""3P""","=""1""","=""2s2.2p3.(2P*).3s""","=""3P*""","=""0""",,"=""T5713LS""","=""""",
O,1,"=""""","=""395.28877""","=""""","=""""","=""7.74e+04""",C,"=""88630.587""","=""113921.391""","=""2s2.2p3.(4S*).3p""","=""3P""","=""1""","=""2s2.2p3.(2P*).3s""","=""3P*""","=""1""",,"=""T5713LS""","=""""",
O,1,"=""""","=""395.29751""","=""""","=""""","=""1.29e+05""",C,"=""88631.146""","=""113921.391""","=""2s2.2p3.(4S*).3p""","=""3P""","=""2""","=""2s2.2p3.(2P*).3s""","=""3P*""","=""1""",,"=""T5713LS""","=""""",
O,1,"=""""","=""395.29996""","=""""","=""""","=""1.03e+05""",C,"=""88631.303""","=""113921.391""","=""2s2.2p3.(4S*).3p""","=""3P""","=""0""","=""2s2.2p3.(2P*).3s""","=""3P*""","=""1""",,"=""T5713LS""","=""""",
O,2,"=""395.43619""","=""395.43617""","=""""","=""20""","=""8.57e+07""",B,"=""188888.543""","=""214169.920""","=""2s2.2p2.(3P).3s""","=""2P""","=""1/2""","=""2s2.2p2.(3P).3p""","=""2P*""","=""1/2""",,"=""T6172""","=""L6915""",
O,1,"=""""","=""395.45192""","=""""","=""""","=""7.73e+04""",C,"=""88630.587""","=""113910.957""","=""2s2.2p3.(4S*).3p""","=""3P""","=""1""","=""2s2.2p3.(2P*).3s""","=""3P*""","=""2""",,"=""T5713LS""","=""""",
O,1,"=""395.461""","=""395.46067""","=""""","=""100""","=""2.32e+05""",C+,"=""88631.146""","=""113910.957""","=""2s2.2p3.(4S*).3p""","=""3P""","=""2""","=""2s2.2p3.(2P*).3s""","=""3P*""","=""2""",,"=""T5713LS""","=""L3760""",
O,4,"=""""","=""395.677""","=""""","=""""","=""2.98e+06""",B,"=""478942.9""","=""504208.9""","=""2s.2p.(3P*).3p""","=""4P""","=""3/2""","=""2s.2p.(3P*).3d""","=""4P*""","=""3/2""",,"=""T5109LS""","=""""",
O,3,"=""396.159""","=""396.1573""","=""""","=""200""","=""1.25e+08""",B,"=""306586.08""","=""331821.44""","=""2s2.2p.(2P*).3p""","=""1D""","=""2""","=""2s2.2p.(2P*).3d""","=""1F*""","=""3""",,"=""T5376,T5791""","=""L3492""",
O,2,"=""""","=""396.2963""","=""""","=""""","=""8.73e+06""",D,"=""229947.07""","=""255173.58""","=""2s2.2p2.(1D).3p""","=""2D*""","=""5/2""","=""2s2.2p2.(3P).4d""","=""2P""","=""3/2""",,"=""T5723LS""","=""""",
O,2,"=""""","=""396.6323""","=""""","=""""","=""9.67e+05""",D,"=""229968.44""","=""255173.58""","=""2s2.2p2.(1D).3p""","=""2D*""","=""3/2""","=""2s2.2p2.(3P).4d""","=""2P""","=""3/2""",,"=""T5723LS""","=""""",
O,2,"=""""","=""396.7370""","=""""","=""""","=""1.00e+06""",C,"=""208346.104""","=""233544.59""","=""2s2.2p2.(3P).3p""","=""4P*""","=""1/2""","=""2s2.2p2.(3P).3d""","=""2P""","=""1/2""",,"=""T6172""","=""""",
O,2,"=""397.2065""","=""397.2073""","=""""","=""8""","=""""",,"=""232527.09""","=""257695.74""","=""2s2.2p2.(1D).3p""","=""2P*""","=""3/2""","=""2s2.2p2.(3P).5s""","=""4P""","=""1/2""",,"=""""","=""L10621""",
O,2,"=""397.32562""","=""397.32560""","=""""","=""24""","=""1.02e+08""",B,"=""189068.514""","=""214229.671""","=""2s2.2p2.(3P).3s""","=""2P""","=""3/2""","=""2s2.2p2.(3P).3p""","=""2P*""","=""3/2""",,"=""T6172,T6632""","=""L6915""",
O,4,"=""""","=""397.458""","=""""","=""""","=""6.62e+06""",B,"=""478942.9""","=""504095.7""","=""2s.2p.(3P*).3p""","=""4P""","=""3/2""","=""2s.2p.(3P*).3d""","=""4P*""","=""5/2""",,"=""T5109LS""","=""""",
O,2,"=""397.4821""","=""397.4824""","=""""","=""6""","=""""",,"=""252993.39""","=""278144.62""","=""2s2.2p2.(1S).3p""","=""2P*""","=""3/2""","=""2s2.2p2.(1D).5s""","=""2D""","=""5/2""",,"=""""","=""L10621""",
O,4,"=""""","=""397.540""","=""""","=""""","=""2.38e+06""",B,"=""514220.4""","=""539368""","=""2s.2p.(3P*).3d""","=""2P*""","=""3/2""","=""2s2.5s""","=""2S""","=""1/2""",,"=""T5109LS""","=""""",
O,4,"=""""","=""397.709""","=""""","=""""","=""9.91e+06""",B,"=""479072.0""","=""504208.9""","=""2s.2p.(3P*).3p""","=""4P""","=""5/2""","=""2s.2p.(3P*).3d""","=""4P*""","=""3/2""",,"=""T5109LS""","=""""",
O,2,"=""398.27140""","=""398.27141""","=""""","=""18""","=""4.16e+07""",B,"=""189068.514""","=""214169.920""","=""2s2.2p2.(3P).3s""","=""2P""","=""3/2""","=""2s2.2p2.(3P).3p""","=""2P*""","=""1/2""",,"=""T6172,T6632""","=""L6915""",
O,2,"=""398.5418""","=""398.5410""","=""""","=""7""","=""6.68e+05""",C,"=""208346.104""","=""233430.53""","=""2s2.2p2.(3P).3p""","=""4P*""","=""1/2""","=""2s2.2p2.(3P).3d""","=""2P""","=""3/2""",,"=""T6172""","=""L10621""",
O,2,"=""399.2757""","=""399.2757""","=""""","=""5""","=""1.27e+05""",C,"=""208392.258""","=""233430.53""","=""2s2.2p2.(3P).3p""","=""4P*""","=""3/2""","=""2s2.2p2.(3P).3d""","=""2P""","=""3/2""",,"=""T6172""","=""L10621""",
O,4,"=""""","=""399.508""","=""""","=""""","=""1.52e+07""",B,"=""479072.0""","=""504095.7""","=""2s.2p.(3P*).3p""","=""4P""","=""5/2""","=""2s.2p.(3P*).3d""","=""4P*""","=""5/2""",,"=""T5109LS""","=""""",
O,1,"=""""","=""399.79533""","=""""","=""""","=""2.41e+06""",B,"=""102662.026""","=""127667.754""","=""2s2.2p3.(2D*).3s""","=""1D*""","=""2""","=""2s2.2p3.(2P*).3p""","=""1P""","=""1""",,"=""T5713""","=""""",
O,4,"=""""","=""399.940""","=""""","=""""","=""1.17e+06""",B,"=""514371.3""","=""539368""","=""2s.2p.(3P*).3d""","=""2P*""","=""1/2""","=""2s2.5s""","=""2S""","=""1/2""",,"=""T5109LS""","=""""",
O,2,"=""400.7462""","=""400.7473""","=""""","=""7""","=""""",,"=""208484.202""","=""233430.53""","=""2s2.2p2.(3P).3p""","=""4P*""","=""5/2""","=""2s2.2p2.(3P).3d""","=""2P""","=""3/2""",,"=""""","=""L10621""",
O,2,"=""402.3858""","=""402.3868""","=""""","=""5""","=""""",,"=""251222.19""","=""276066.88""","=""2s2.2p2.(1D).3d""","=""2F""","=""7/2""","=""2s2.2p2.(1D).4f D""","=""2[2]*""","=""5/2""",,"=""""","=""L10621""",
O,2,"=""402.6312""","=""402.63037""","=""""","=""5""","=""""",,"=""231296.126""","=""256125.785""","=""2s2.2p2.(3P).3d""","=""4F""","=""3/2""","=""2s2.2p2.(3P).4f F""","=""2[3]*""","=""5/2""",,"=""""","=""L10621""",
O,2,"=""403.2248""","=""403.22409""","=""""","=""7""","=""""",,"=""231350.087""","=""256143.187""","=""2s2.2p2.(3P).3d""","=""4F""","=""5/2""","=""2s2.2p2.(3P).4f F""","=""2[4]*""","=""7/2""",,"=""""","=""L10621""",
O,2,"=""403.2483""","=""403.24816""","=""""","=""5""","=""""",,"=""231296.126""","=""256087.746""","=""2s2.2p2.(3P).3d""","=""4F""","=""3/2""","=""2s2.2p2.(3P).4f F""","=""2[2]*""","=""5/2""",,"=""""","=""L10621""",
O,2,"=""403.3155""","=""403.31554""","=""""","=""8""","=""""",,"=""231296.126""","=""256083.604""","=""2s2.2p2.(3P).3d""","=""4F""","=""3/2""","=""2s2.2p2.(3P).4f F""","=""2[2]*""","=""3/2""",,"=""""","=""L10621""",
O,2,"=""403.5068""","=""403.50731""","=""""","=""9""","=""""",,"=""231350.087""","=""256125.785""","=""2s2.2p2.(3P).3d""","=""4F""","=""5/2""","=""2s2.2p2.(3P).4f F""","=""2[3]*""","=""5/2""",,"=""""","=""L10621""",
O,2,"=""403.5461""","=""403.54891""","=""""","=""6bl""","=""""",,"=""231350.087""","=""256123.231""","=""2s2.2p2.(3P).3d""","=""4F""","=""5/2""","=""2s2.2p2.(3P).4f F""","=""2[3]*""","=""7/2""",,"=""""","=""L10621""",
O,2,"=""404.1289""","=""404.12779""","=""""","=""9""","=""""",,"=""231350.087""","=""256087.746""","=""2s2.2p2.(3P).3d""","=""4F""","=""5/2""","=""2s2.2p2.(3P).4f F""","=""2[2]*""","=""5/2""",,"=""""","=""L10621""",
O,2,"=""404.1951""","=""404.19547""","=""""","=""7""","=""""",,"=""231350.087""","=""256083.604""","=""2s2.2p2.(3P).3d""","=""4F""","=""5/2""","=""2s2.2p2.(3P).4f F""","=""2[2]*""","=""3/2""",,"=""""","=""L10621""",
O,2,"=""404.4942""","=""404.49476""","=""""","=""8""","=""""",,"=""231427.970""","=""256143.187""","=""2s2.2p2.(3P).3d""","=""4F""","=""7/2""","=""2s2.2p2.(3P).4f F""","=""2[4]*""","=""7/2""",,"=""""","=""L10621""",
O,2,"=""404.6113""","=""404.61183""","=""""","=""7""","=""""",,"=""231427.970""","=""256136.036""","=""2s2.2p2.(3P).3d""","=""4F""","=""7/2""","=""2s2.2p2.(3P).4f F""","=""2[4]*""","=""9/2""",,"=""""","=""L10621""",
O,2,"=""404.7799""","=""404.77977""","=""""","=""6""","=""""",,"=""231427.970""","=""256125.785""","=""2s2.2p2.(3P).3d""","=""4F""","=""7/2""","=""2s2.2p2.(3P).4f F""","=""2[3]*""","=""5/2""",,"=""""","=""L10621""",
O,2,"=""404.8214""","=""404.82163""","=""""","=""11""","=""""",,"=""231427.970""","=""256123.231""","=""2s2.2p2.(3P).3d""","=""4F""","=""7/2""","=""2s2.2p2.(3P).4f F""","=""2[3]*""","=""7/2""",,"=""""","=""L10621""",
O,2,"=""405.4081""","=""405.40418""","=""""","=""9*""","=""""",,"=""231427.970""","=""256087.746""","=""2s2.2p2.(3P).3d""","=""4F""","=""7/2""","=""2s2.2p2.(3P).4f F""","=""2[2]*""","=""5/2""",,"=""""","=""L10621""",
O,2,"=""405.4081""","=""405.4094""","=""""","=""9*""","=""""",,"=""251222.19""","=""275881.65""","=""2s2.2p2.(1D).3d""","=""2F""","=""7/2""","=""2s2.2p2.(1D).4f F""","=""2[3]*""","=""7/2""",,"=""""","=""L10621""",
O,2,"=""405.4081""","=""405.4094""","=""""","=""9*""","=""""",,"=""251222.19""","=""275881.65""","=""2s2.2p2.(1D).3d""","=""2F""","=""7/2""","=""2s2.2p2.(1D).4f F""","=""2[3]*""","=""5/2""",,"=""""","=""L10621""",
O,2,"=""405.4528""","=""405.4521""","=""""","=""8*""","=""""",,"=""251224.79""","=""275881.65""","=""2s2.2p2.(1D).3d""","=""2F""","=""5/2""","=""2s2.2p2.(1D).4f F""","=""2[3]*""","=""7/2""",,"=""""","=""L10621""",
O,2,"=""405.4528""","=""405.4521""","=""""","=""8*""","=""""",,"=""251224.79""","=""275881.65""","=""2s2.2p2.(1D).3d""","=""2F""","=""5/2""","=""2s2.2p2.(1D).4f F""","=""2[3]*""","=""5/2""",,"=""""","=""L10621""",
O,1,"=""""","=""405.477""","=""""","=""""","=""2.72e+05""",C+,"=""99680.968""","=""124336.3""","=""2s2.2p3.(4S*).4p""","=""3P""","=""1""","=""2s2.2p3.(2D*<3/2>).3d""","=""3S*""","=""1""",,"=""T5803""","=""""",
O,1,"=""""","=""405.479""","=""""","=""""","=""4.56e+05""",B,"=""99681.049""","=""124336.3""","=""2s2.2p3.(4S*).4p""","=""3P""","=""2""","=""2s2.2p3.(2D*<3/2>).3d""","=""3S*""","=""1""",,"=""T5803""","=""""",
O,1,"=""""","=""405.483""","=""""","=""""","=""9.05e+04""",C,"=""99681.309""","=""124336.3""","=""2s2.2p3.(4S*).4p""","=""3P""","=""0""","=""2s2.2p3.(2D*<3/2>).3d""","=""3S*""","=""1""",,"=""T5803""","=""""",
O,2,"=""406.0599""","=""406.0600""","=""""","=""13*""","=""""",,"=""251222.19""","=""275842.14""","=""2s2.2p2.(1D).3d""","=""2F""","=""7/2""","=""2s2.2p2.(1D).4f G""","=""2[4]*""","=""9/2""",,"=""""","=""L10621""",
O,2,"=""406.0599""","=""406.0600""","=""""","=""13*""","=""""",,"=""251222.19""","=""275842.14""","=""2s2.2p2.(1D).3d""","=""2F""","=""7/2""","=""2s2.2p2.(1D).4f G""","=""2[4]*""","=""7/2""",,"=""""","=""L10621""",
O,2,"=""406.1028""","=""406.1029""","=""""","=""12""","=""""",,"=""251224.79""","=""275842.14""","=""2s2.2p2.(1D).3d""","=""2F""","=""5/2""","=""2s2.2p2.(1D).4f G""","=""2[4]*""","=""7/2""",,"=""""","=""L10621""",
O,2,"=""""","=""406.17562""","=""""","=""""","=""""",,"=""231530.246""","=""256143.187""","=""2s2.2p2.(3P).3d""","=""4F""","=""9/2""","=""2s2.2p2.(3P).4f F""","=""2[4]*""","=""7/2""",,"=""""","=""L11267""",
O,2,"=""406.2936""","=""406.29367""","=""""","=""14""","=""""",,"=""231530.246""","=""256136.036""","=""2s2.2p2.(3P).3d""","=""4F""","=""9/2""","=""2s2.2p2.(3P).4f F""","=""2[4]*""","=""9/2""",,"=""""","=""L10621""",
O,2,"=""406.5044""","=""406.50522""","=""""","=""7""","=""""",,"=""231530.246""","=""256123.231""","=""2s2.2p2.(3P).3d""","=""4F""","=""9/2""","=""2s2.2p2.(3P).4f F""","=""2[3]*""","=""7/2""",,"=""""","=""L10621""",
O,1,"=""""","=""406.670""","=""""","=""""","=""9.60e+04""",C,"=""99680.968""","=""124264.0""","=""2s2.2p3.(4S*).4p""","=""3P""","=""1""","=""2s2.2p3.(2D*<5/2>).3d""","=""3D*""","=""1""",,"=""T5803""","=""""",
O,1,"=""""","=""406.671""","=""""","=""""","=""6.43e+03""",D,"=""99681.049""","=""124264.0""","=""2s2.2p3.(4S*).4p""","=""3P""","=""2""","=""2s2.2p3.(2D*<5/2>).3d""","=""3D*""","=""1""",,"=""T5803""","=""""",
O,1,"=""""","=""406.675""","=""""","=""""","=""1.28e+05""",C,"=""99681.309""","=""124264.0""","=""2s2.2p3.(4S*).4p""","=""3P""","=""0""","=""2s2.2p3.(2D*<5/2>).3d""","=""3D*""","=""1""",,"=""T5803""","=""""",
O,1,"=""""","=""406.774""","=""""","=""""","=""1.74e+05""",C+,"=""99680.968""","=""124257.7""","=""2s2.2p3.(4S*).4p""","=""3P""","=""1""","=""2s2.2p3.(2D*<5/2>).3d""","=""3D*""","=""2""",,"=""T5803""","=""""",
O,1,"=""""","=""406.775""","=""""","=""""","=""5.84e+04""",C,"=""99681.049""","=""124257.7""","=""2s2.2p3.(4S*).4p""","=""3P""","=""2""","=""2s2.2p3.(2D*<5/2>).3d""","=""3D*""","=""2""",,"=""T5803""","=""""",
O,1,"=""""","=""406.951""","=""""","=""""","=""2.35e+05""",C+,"=""99681.049""","=""124247.1""","=""2s2.2p3.(4S*).4p""","=""3P""","=""2""","=""2s2.2p3.(2D*<5/2>).3d""","=""3D*""","=""3""",,"=""T5803""","=""""",
O,2,"=""406.9623""","=""406.96230""","=""""","=""20""","=""1.42e+08""",B+,"=""206730.762""","=""231296.126""","=""2s2.2p2.(3P).3p""","=""4D*""","=""1/2""","=""2s2.2p2.(3P).3d""","=""4F""","=""3/2""",,"=""T6172,T6632""","=""L10621""",
O,2,"=""406.9886""","=""406.98819""","=""""","=""21""","=""1.48e+08""",B+,"=""206786.286""","=""231350.087""","=""2s2.2p2.(3P).3p""","=""4D*""","=""3/2""","=""2s2.2p2.(3P).3d""","=""4F""","=""5/2""",,"=""T6172,T6632""","=""L10621""",
O,2,"=""407.1233""","=""407.12389""","=""""","=""14""","=""""",,"=""231427.970""","=""255983.584""","=""2s2.2p2.(3P).3d""","=""4F""","=""7/2""","=""2s2.2p2.(3P).4f G""","=""2[5]*""","=""9/2""",,"=""""","=""L10621""",
O,2,"=""407.2157""","=""407.21525""","=""""","=""23""","=""1.79e+08""",B+,"=""206877.865""","=""231427.970""","=""2s2.2p2.(3P).3p""","=""4D*""","=""5/2""","=""2s2.2p2.(3P).3d""","=""4F""","=""7/2""",,"=""T6172,T6632""","=""L10621""",
O,3,"=""""","=""407.2643""","=""""","=""""","=""3.37e+07""",C+,"=""350024.49""","=""374571.64""","=""2s.2p2.(4P).3s""","=""3P""","=""0""","=""2s.2p2.(4P).3p""","=""3D*""","=""1""",,"=""T5376LS""","=""""",
O,3,"=""""","=""407.3984""","=""""","=""""","=""4.54e+07""",C+,"=""350124.45""","=""374663.52""","=""2s.2p2.(4P).3s""","=""3P""","=""1""","=""2s.2p2.(4P).3p""","=""3D*""","=""2""",,"=""T5376LS""","=""""",
O,2,"=""407.5862""","=""407.58617""","=""""","=""24""","=""1.98e+08""",B+,"=""207002.482""","=""231530.246""","=""2s2.2p2.(3P).3p""","=""4D*""","=""7/2""","=""2s2.2p2.(3P).3d""","=""4F""","=""9/2""",,"=""T6172,T6632""","=""L10621""",
O,2,"=""407.7715""","=""407.77174""","=""""","=""6""","=""""",,"=""231296.126""","=""255812.728""","=""2s2.2p2.(3P).3d""","=""4F""","=""3/2""","=""2s2.2p2.(3P).4f D""","=""2[2]*""","=""3/2""",,"=""""","=""L10621""",
O,2,"=""407.8842""","=""407.88424""","=""""","=""17""","=""5.21e+07""",B+,"=""206786.286""","=""231296.126""","=""2s2.2p2.(3P).3p""","=""4D*""","=""3/2""","=""2s2.2p2.(3P).3d""","=""4F""","=""3/2""",,"=""T6172,T6632""","=""L10621""",
O,3,"=""""","=""408.1020""","=""""","=""""","=""6.02e+07""",C+,"=""350298.38""","=""374795.14""","=""2s.2p2.(4P).3s""","=""3P""","=""2""","=""2s.2p2.(4P).3p""","=""3D*""","=""3""",,"=""T5376LS""","=""""",
O,2,"=""408.3895""","=""408.3899""","=""""","=""15""","=""""",,"=""231350.087""","=""255829.58""","=""2s2.2p2.(3P).3d""","=""4F""","=""5/2""","=""2s2.2p2.(3P).4f G""","=""2[4]*""","=""7/2""",,"=""""","=""L10621""",
O,3,"=""""","=""408.4260""","=""""","=""""","=""9.02e+04""",C,"=""273081.33""","=""297558.66""","=""2s2.2p.(2P*).3s""","=""1P*""","=""1""","=""2s2.2p.(2P*).3p""","=""3S""","=""1""",,"=""u24""","=""""",
O,2,"=""408.4652""","=""408.46474""","=""""","=""13""","=""7.28e+06""",C,"=""208484.202""","=""232959.210""","=""2s2.2p2.(3P).3p""","=""4P*""","=""5/2""","=""2s2.2p2.(3P).3d""","=""2F""","=""7/2""",,"=""T6172""","=""L10621""",
O,2,"=""408.51125""","=""408.51124""","=""""","=""19""","=""4.31e+07""",B+,"=""206877.865""","=""231350.087""","=""2s2.2p2.(3P).3p""","=""4D*""","=""5/2""","=""2s2.2p2.(3P).3d""","=""4F""","=""5/2""",,"=""T6172,T6632""","=""L6915""",
O,2,"=""""","=""408.65881""","=""""","=""""","=""""",,"=""231350.087""","=""255813.472""","=""2s2.2p2.(3P).3d""","=""4F""","=""5/2""","=""2s2.2p2.(3P).4f D""","=""2[2]*""","=""5/2""",,"=""""","=""L11267""",
O,2,"=""408.7152""","=""408.71528""","=""""","=""15""","=""""",,"=""231296.126""","=""255756.131""","=""2s2.2p2.(3P).3d""","=""4F""","=""3/2""","=""2s2.2p2.(3P).4f G""","=""2[3]*""","=""5/2""",,"=""""","=""L6915""",
O,2,"=""408.8268""","=""408.82672""","=""""","=""9""","=""""",,"=""231530.246""","=""255983.584""","=""2s2.2p2.(3P).3d""","=""4F""","=""9/2""","=""2s2.2p2.(3P).4f G""","=""2[5]*""","=""9/2""",,"=""""","=""L10621""",
O,2,"=""408.9288""","=""408.92878""","=""""","=""19""","=""""",,"=""231530.246""","=""255977.481""","=""2s2.2p2.(3P).3d""","=""4F""","=""9/2""","=""2s2.2p2.(3P).4f G""","=""2[5]*""","=""11/2""",,"=""""","=""L6915""",
O,3,"=""""","=""408.9295""","=""""","=""""","=""2.49e+07""",C+,"=""350124.45""","=""374571.64""","=""2s.2p2.(4P).3s""","=""3P""","=""1""","=""2s.2p2.(4P).3p""","=""3D*""","=""1""",,"=""T5376LS""","=""""",
O,2,"=""409.29289""","=""409.29287""","=""""","=""17""","=""2.45e+07""",B+,"=""207002.482""","=""231427.970""","=""2s2.2p2.(3P).3p""","=""4D*""","=""7/2""","=""2s2.2p2.(3P).3d""","=""4F""","=""7/2""",,"=""T6172,T6632""","=""L6915""",
O,2,"=""409.4140""","=""409.41401""","=""""","=""11""","=""3.85e+06""",C+,"=""206877.865""","=""231296.126""","=""2s2.2p2.(3P).3p""","=""4D*""","=""5/2""","=""2s2.2p2.(3P).3d""","=""4F""","=""3/2""",,"=""T6172,T6632""","=""L10621""",
O,2,"=""409.5644""","=""409.56437""","=""""","=""15""","=""""",,"=""231350.087""","=""255759.384""","=""2s2.2p2.(3P).3d""","=""4F""","=""5/2""","=""2s2.2p2.(3P).4f G""","=""2[3]*""","=""7/2""",,"=""""","=""L6915""",
O,2,"=""409.6188""","=""409.61896""","=""""","=""11""","=""""",,"=""231350.087""","=""255756.131""","=""2s2.2p2.(3P).3d""","=""4F""","=""5/2""","=""2s2.2p2.(3P).4f G""","=""2[3]*""","=""5/2""",,"=""""","=""L10621""",
O,2,"=""409.6525""","=""409.65260""","=""""","=""15""","=""1.73e+07""",C,"=""208392.258""","=""232796.298""","=""2s2.2p2.(3P).3p""","=""4P*""","=""3/2""","=""2s2.2p2.(3P).3d""","=""2F""","=""5/2""",,"=""T6172""","=""L6915""",
O,2,"=""409.6929""","=""409.6934""","=""""","=""9""","=""""",,"=""231427.970""","=""255829.58""","=""2s2.2p2.(3P).3d""","=""4F""","=""7/2""","=""2s2.2p2.(3P).4f G""","=""2[4]*""","=""7/2""",,"=""""","=""L10621""",
O,2,"=""409.7258""","=""409.72249""","=""""","=""17*""","=""3.79e+07""",C+,"=""208346.104""","=""232745.981""","=""2s2.2p2.(3P).3p""","=""4P*""","=""1/2""","=""2s2.2p2.(3P).3d""","=""4D""","=""3/2""",,"=""T6632n""","=""L6915""",
O,2,"=""409.7258""","=""409.72568""","=""""","=""17*""","=""""",,"=""231427.970""","=""255827.657""","=""2s2.2p2.(3P).3d""","=""4F""","=""7/2""","=""2s2.2p2.(3P).4f G""","=""2[4]*""","=""9/2""",,"=""""","=""L6915""",
O,2,"=""409.8243""","=""409.82435""","=""""","=""14""","=""""",,"=""231296.126""","=""255689.939""","=""2s2.2p2.(3P).3d""","=""4F""","=""3/2""","=""2s2.2p2.(3P).4f D""","=""2[3]*""","=""5/2""",,"=""""","=""L6915""",
O,2,"=""410.3001""","=""410.29994""","=""""","=""14""","=""5.32e+07""",C+,"=""208346.104""","=""232711.642""","=""2s2.2p2.(3P).3p""","=""4P*""","=""1/2""","=""2s2.2p2.(3P).3d""","=""4D""","=""1/2""",,"=""T6632n""","=""L6915""",
O,3,"=""""","=""410.3066""","=""""","=""""","=""1.48e+07""",C+,"=""350298.38""","=""374663.52""","=""2s.2p2.(4P).3s""","=""3P""","=""2""","=""2s.2p2.(4P).3p""","=""3D*""","=""2""",,"=""T5376LS""","=""""",
O,2,"=""410.47231""","=""410.47235""","=""""","=""16""","=""3.29e+07""",C+,"=""208392.258""","=""232747.562""","=""2s2.2p2.(3P).3p""","=""4P*""","=""3/2""","=""2s2.2p2.(3P).3d""","=""4D""","=""5/2""",,"=""T6632n""","=""L6915""",
O,2,"=""410.4993""","=""410.49899""","=""""","=""18""","=""9.55e+07""",C+,"=""208392.258""","=""232745.981""","=""2s2.2p2.(3P).3p""","=""4P*""","=""3/2""","=""2s2.2p2.(3P).3d""","=""4D""","=""3/2""",,"=""T6632n""","=""L6915""",
O,2,"=""410.6019""","=""410.60214""","=""""","=""9""","=""1.51e+06""",B+,"=""207002.482""","=""231350.087""","=""2s2.2p2.(3P).3p""","=""4D*""","=""7/2""","=""2s2.2p2.(3P).3d""","=""4F""","=""5/2""",,"=""T6172,T6632""","=""L10621""",
O,2,"=""410.7091""","=""410.70920""","=""""","=""13""","=""""",,"=""231350.087""","=""255691.346""","=""2s2.2p2.(3P).3d""","=""4F""","=""5/2""","=""2s2.2p2.(3P).4f D""","=""2[3]*""","=""7/2""",,"=""""","=""L6915""",
O,2,"=""410.7333""","=""410.73294""","=""""","=""6""","=""""",,"=""231350.087""","=""255689.939""","=""2s2.2p2.(3P).3d""","=""4F""","=""5/2""","=""2s2.2p2.(3P).4f D""","=""2[3]*""","=""5/2""",,"=""""","=""L10621""",
O,2,"=""410.8753""","=""410.87538""","=""""","=""9""","=""""",,"=""231427.970""","=""255759.384""","=""2s2.2p2.(3P).3d""","=""4F""","=""7/2""","=""2s2.2p2.(3P).4f G""","=""2[3]*""","=""7/2""",,"=""""","=""L10621""",
O,2,"=""410.9287""","=""410.93032""","=""""","=""6""","=""""",,"=""231427.970""","=""255756.131""","=""2s2.2p2.(3P).3d""","=""4F""","=""7/2""","=""2s2.2p2.(3P).4f G""","=""2[3]*""","=""5/2""",,"=""""","=""L10621""",
O,2,"=""410.9839""","=""410.9841""","=""""","=""6""","=""1.21e+06""",D,"=""228723.84""","=""253048.82""","=""2s2.2p2.(1D).3p""","=""2F*""","=""5/2""","=""2s2.2p2.(1D).3d""","=""2D""","=""5/2""",,"=""T5723LS""","=""L10621""",
O,2,"=""411.0198""","=""411.0192""","=""""","=""10""","=""2.54e+07""",D,"=""228723.84""","=""253046.74""","=""2s2.2p2.(1D).3p""","=""2F*""","=""5/2""","=""2s2.2p2.(1D).3d""","=""2D""","=""3/2""",,"=""T5723LS""","=""L10621""",
O,2,"=""411.07858""","=""411.07863""","=""""","=""15""","=""8.05e+07""",C+,"=""208392.258""","=""232711.642""","=""2s2.2p2.(3P).3p""","=""4P*""","=""3/2""","=""2s2.2p2.(3P).3d""","=""4D""","=""1/2""",,"=""T6632n""","=""L6915""",
O,2,"=""411.2022""","=""411.20186""","=""""","=""15""","=""1.81e+07""",C,"=""208484.202""","=""232796.298""","=""2s2.2p2.(3P).3p""","=""4P*""","=""5/2""","=""2s2.2p2.(3P).3d""","=""2F""","=""5/2""",,"=""T6172""","=""L10621""",
O,2,"=""411.3835""","=""411.3834""","=""""","=""12""","=""2.41e+07""",D,"=""228747.45""","=""253048.82""","=""2s2.2p2.(1D).3p""","=""2F*""","=""7/2""","=""2s2.2p2.(1D).3d""","=""2D""","=""5/2""",,"=""T5723LS""","=""L10621""",
O,2,"=""""","=""411.4178""","=""""","=""""","=""""",,"=""231530.246""","=""255829.58""","=""2s2.2p2.(3P).3d""","=""4F""","=""9/2""","=""2s2.2p2.(3P).4f G""","=""2[4]*""","=""7/2""",,"=""""","=""L11267""",
O,2,"=""411.4502""","=""411.45039""","=""""","=""8""","=""""",,"=""231530.246""","=""255827.657""","=""2s2.2p2.(3P).3d""","=""4F""","=""9/2""","=""2s2.2p2.(3P).4f G""","=""2[4]*""","=""9/2""",,"=""""","=""L10621""",
O,4,"=""""","=""411.627""","=""""","=""""","=""2.87e+04""",C+,"=""575819""","=""600106""","=""2s.2p.(1P*).3d""","=""2D*""","=""3/2""","=""2p2.(1D).3s""","=""2D""","=""5/2""",,"=""T5109LS""","=""""",
O,3,"=""""","=""411.8598""","=""""","=""""","=""1.63e+06""",C+,"=""350298.38""","=""374571.64""","=""2s.2p2.(4P).3s""","=""3P""","=""2""","=""2s.2p2.(4P).3p""","=""3D*""","=""1""",,"=""T5376LS""","=""""",
O,4,"=""""","=""411.864""","=""""","=""""","=""3.87e+05""",B,"=""575819""","=""600092""","=""2s.2p.(1P*).3d""","=""2D*""","=""3/2""","=""2p2.(1D).3s""","=""2D""","=""3/2""",,"=""T5109LS""","=""""",
O,2,"=""411.9215""","=""411.92165""","=""""","=""22""","=""1.39e+08""",C+,"=""208484.202""","=""232753.816""","=""2s2.2p2.(3P).3p""","=""4P*""","=""5/2""","=""2s2.2p2.(3P).3d""","=""4D""","=""7/2""",,"=""T6632n""","=""L6915""",
O,5,"=""""","=""411.942""","=""""","=""""","=""3.66e+07""",B,"=""653080.1""","=""677348.5""","=""1s2.2p.(2P*<1/2>).3s""","=""3P*""","=""1""","=""1s2.2p.(2P*<1/2>).3p""","=""3D""","=""2""",,"=""T3843n""","=""""",
O,2,"=""""","=""412.02756""","=""""","=""""","=""""",,"=""231427.970""","=""255691.346""","=""2s2.2p2.(3P).3d""","=""4F""","=""7/2""","=""2s2.2p2.(3P).4f D""","=""2[3]*""","=""7/2""",,"=""""","=""L11267""",
O,2,"=""412.0280""","=""412.02783""","=""""","=""17""","=""2.25e+07""",C+,"=""208484.202""","=""232747.562""","=""2s2.2p2.(3P).3p""","=""4P*""","=""5/2""","=""2s2.2p2.(3P).3d""","=""4D""","=""5/2""",,"=""T6632n""","=""L6915""",
O,5,"=""""","=""412.049""","=""""","=""""","=""3.33e+07""",B,"=""683942.9""","=""708205.0""","=""1s2.2p.(2P*<3/2>).3p""","=""3S""","=""1""","=""1s2.2p.(2P*<3/2>).3d""","=""3P*""","=""0""",,"=""T3843n""","=""""",
O,2,"=""412.0544""","=""412.05468""","=""""","=""14""","=""2.95e+07""",C,"=""208484.202""","=""232745.981""","=""2s2.2p2.(3P).3p""","=""4P*""","=""5/2""","=""2s2.2p2.(3P).3d""","=""4D""","=""3/2""",,"=""T6172n""","=""L6915""",
O,2,"=""412.14619""","=""412.14626""","=""""","=""14""","=""5.60e+07""",C,"=""208346.104""","=""232602.492""","=""2s2.2p2.(3P).3p""","=""4P*""","=""1/2""","=""2s2.2p2.(3P).3d""","=""4P""","=""1/2""",,"=""T6172n""","=""L6915""",
O,3,"=""""","=""412.1591""","=""""","=""""","=""1.73e+07""",C+,"=""367953.90""","=""392209.53""","=""2s2.2p.(2P*).4p""","=""3S""","=""1""","=""2s2.2p.(2P*).5s""","=""3P*""","=""2""",,"=""T5376LS""","=""""",
O,4,"=""""","=""412.204""","=""""","=""""","=""4.01e+05""",B,"=""575853""","=""600106""","=""2s.2p.(1P*).3d""","=""2D*""","=""5/2""","=""2p2.(1D).3s""","=""2D""","=""5/2""",,"=""T5109LS""","=""""",
O,5,"=""412.399""","=""412.396""","=""""","=""100""","=""4.81e+07""",B,"=""653423.3""","=""677665.0""","=""1s2.2p.(2P*<3/2>).3s""","=""3P*""","=""2""","=""1s2.2p.(2P*<3/2>).3p""","=""3D""","=""3""",,"=""T3843n""","=""L552""",
O,4,"=""""","=""412.442""","=""""","=""""","=""4.29e+04""",C+,"=""575853""","=""600092""","=""2s.2p.(1P*).3d""","=""2D*""","=""5/2""","=""2p2.(1D).3s""","=""2D""","=""3/2""",,"=""T5109LS""","=""""",
O,5,"=""""","=""412.549""","=""""","=""""","=""2.70e+07""",B,"=""652918.0""","=""677150.7""","=""1s2.2p.(2P*<1/2>).3s""","=""3P*""","=""0""","=""1s2.2p.(2P*<1/2>).3p""","=""3D""","=""1""",,"=""T3843n""","=""""",
O,2,"=""""","=""412.60980""","=""""","=""""","=""""",,"=""231530.246""","=""255759.384""","=""2s2.2p2.(3P).3d""","=""4F""","=""9/2""","=""2s2.2p2.(3P).4f G""","=""2[3]*""","=""7/2""",,"=""""","=""L11267""",
O,2,"=""412.9321""","=""412.93198""","=""""","=""11""","=""1.65e+07""",B,"=""208392.258""","=""232602.492""","=""2s2.2p2.(3P).3p""","=""4P*""","=""3/2""","=""2s2.2p2.(3P).3d""","=""4P""","=""1/2""",,"=""T6632n""","=""L10621""",
O,2,"=""413.28004""","=""413.28004""","=""""","=""17""","=""8.40e+07""",B,"=""208346.104""","=""232535.949""","=""2s2.2p2.(3P).3p""","=""4P*""","=""1/2""","=""2s2.2p2.(3P).3d""","=""4P""","=""3/2""",,"=""T6632n""","=""L6915""",
O,5,"=""""","=""413.411""","=""""","=""""","=""3.34e+07""",B,"=""683942.9""","=""708125.1""","=""1s2.2p.(2P*<3/2>).3p""","=""3S""","=""1""","=""1s2.2p.(2P*<3/2>).3d""","=""3P*""","=""1""",,"=""T3843n""","=""""",
O,2,"=""414.0703""","=""414.07010""","=""""","=""8""","=""3.76e+06""",B,"=""208392.258""","=""232535.949""","=""2s2.2p2.(3P).3p""","=""4P*""","=""3/2""","=""2s2.2p2.(3P).3d""","=""4P""","=""3/2""",,"=""T6632n""","=""L10621""",
O,2,"=""414.1933""","=""414.1933""","=""""","=""12""","=""""",,"=""267768.20+x""","=""291904.71+x""","=""2s.2p3.(5S*).3p""","=""6P""","=""3/2""","=""2s.2p3.(5S*).3d""","=""6D*""","=""1/2""",,"=""""","=""L10621""",
O,2,"=""414.2065""","=""414.2070""","=""""","=""12""","=""""",,"=""267768.20+x""","=""291903.91+x""","=""2s.2p3.(5S*).3p""","=""6P""","=""3/2""","=""2s.2p3.(5S*).3d""","=""6D*""","=""3/2""",,"=""""","=""L10621""",
O,2,"=""414.2268""","=""414.2273""","=""""","=""10""","=""""",,"=""267768.20+x""","=""291902.73+x""","=""2s.2p3.(5S*).3p""","=""6P""","=""3/2""","=""2s.2p3.(5S*).3d""","=""6D*""","=""5/2""",,"=""""","=""L10621""",
O,2,"=""414.3324""","=""414.3320""","=""""","=""9""","=""""",,"=""267775.48+x""","=""291903.91+x""","=""2s.2p3.(5S*).3p""","=""6P""","=""5/2""","=""2s.2p3.(5S*).3d""","=""6D*""","=""3/2""",,"=""""","=""L10621""",
O,2,"=""414.3516""","=""414.3523""","=""""","=""12""","=""""",,"=""267775.48+x""","=""291902.73+x""","=""2s.2p3.(5S*).3p""","=""6P""","=""5/2""","=""2s.2p3.(5S*).3d""","=""6D*""","=""5/2""",,"=""""","=""L10621""",
O,2,"=""414.3736""","=""414.3739""","=""""","=""12""","=""""",,"=""267775.48+x""","=""291901.47+x""","=""2s.2p3.(5S*).3p""","=""6P""","=""5/2""","=""2s.2p3.(5S*).3d""","=""6D*""","=""7/2""",,"=""""","=""L10621""",
O,2,"=""414.5699""","=""414.5689""","=""""","=""6""","=""""",,"=""267788.09+x""","=""291902.73+x""","=""2s.2p3.(5S*).3p""","=""6P""","=""7/2""","=""2s.2p3.(5S*).3d""","=""6D*""","=""5/2""",,"=""""","=""L10621""",
O,2,"=""414.5907""","=""414.5906""","=""""","=""10""","=""""",,"=""267788.09+x""","=""291901.47+x""","=""2s.2p3.(5S*).3p""","=""6P""","=""7/2""","=""2s.2p3.(5S*).3d""","=""6D*""","=""7/2""",,"=""""","=""L10621""",
O,2,"=""414.6076""","=""414.6076""","=""""","=""13""","=""""",,"=""267788.09+x""","=""291900.48+x""","=""2s.2p3.(5S*).3p""","=""6P""","=""7/2""","=""2s.2p3.(5S*).3d""","=""6D*""","=""9/2""",,"=""""","=""L6915""",
O,4,"=""""","=""414.666""","=""""","=""""","=""9.61e+04""",B,"=""549792""","=""573901""","=""2s.2p.(1P*).3p""","=""2P""","=""1/2""","=""2s.2p.(3P*).4s""","=""2P*""","=""3/2""",,"=""T5109LS""","=""""",
O,5,"=""""","=""415.327""","=""""","=""""","=""1.92e+07""",B,"=""653080.1""","=""677150.7""","=""1s2.2p.(2P*<1/2>).3s""","=""3P*""","=""1""","=""1s2.2p.(2P*<1/2>).3p""","=""3D""","=""1""",,"=""T3843n""","=""""",
O,2,"=""415.32980""","=""415.32977""","=""""","=""18""","=""7.28e+07""",B,"=""208392.258""","=""232462.724""","=""2s2.2p2.(3P).3p""","=""4P*""","=""3/2""","=""2s2.2p2.(3P).3d""","=""4P""","=""5/2""",,"=""T6632n""","=""L6915""",
O,2,"=""415.6530""","=""415.65302""","=""""","=""13""","=""1.94e+07""",B,"=""208484.202""","=""232535.949""","=""2s2.2p2.(3P).3p""","=""4P*""","=""5/2""","=""2s2.2p2.(3P).3d""","=""4P""","=""3/2""",,"=""T6632n""","=""L10621""",
O,4,"=""""","=""415.752""","=""""","=""""","=""4.77e+05""",B,"=""549855""","=""573901""","=""2s.2p.(1P*).3p""","=""2P""","=""3/2""","=""2s.2p.(3P*).4s""","=""2P*""","=""3/2""",,"=""T5109LS""","=""""",
O,5,"=""""","=""415.886""","=""""","=""""","=""3.39e+07""",B,"=""683942.9""","=""707981.2""","=""1s2.2p.(2P*<3/2>).3p""","=""3S""","=""1""","=""1s2.2p.(2P*<3/2>).3d""","=""3P*""","=""2""",,"=""T3843n""","=""""",
O,2,"=""416.9225""","=""416.92236""","=""""","=""15""","=""2.49e+07""",B,"=""208484.202""","=""232462.724""","=""2s2.2p2.(3P).3p""","=""4P*""","=""5/2""","=""2s2.2p2.(3P).3d""","=""4P""","=""5/2""",,"=""T6632n""","=""L10621,L3448""",
O,3,"=""""","=""417.1768""","=""""","=""""","=""1.67e+07""",C+,"=""367953.90""","=""391917.80""","=""2s2.2p.(2P*).4p""","=""3S""","=""1""","=""2s2.2p.(2P*).5s""","=""3P*""","=""1""",,"=""T5376LS""","=""""",
O,5,"=""""","=""417.852""","=""""","=""""","=""1.12e+07""",B,"=""653423.3""","=""677348.5""","=""1s2.2p.(2P*<3/2>).3s""","=""3P*""","=""2""","=""1s2.2p.(2P*<1/2>).3p""","=""3D""","=""2""",,"=""T3843n""","=""""",
O,4,"=""""","=""418.222""","=""""","=""""","=""3.75e+05""",B,"=""549792""","=""573696""","=""2s.2p.(1P*).3p""","=""2P""","=""1/2""","=""2s.2p.(3P*).4s""","=""2P*""","=""1/2""",,"=""T5109LS""","=""""",
O,2,"=""418.5449""","=""418.5440""","=""""","=""19""","=""1.91e+08""",D,"=""228723.84""","=""252609.46""","=""2s2.2p2.(1D).3p""","=""2F*""","=""5/2""","=""2s2.2p2.(1D).3d""","=""2G""","=""7/2""",,"=""T5723LS""","=""L10621""",
O,3,"=""""","=""418.6975""","=""""","=""""","=""1.65e+07""",C+,"=""367953.90""","=""391830.76""","=""2s2.2p.(2P*).4p""","=""3S""","=""1""","=""2s2.2p.(2P*).5s""","=""3P*""","=""0""",,"=""T5376LS""","=""""",
O,2,"=""""","=""418.9581""","=""""","=""""","=""7.06e+06""",D,"=""228747.45""","=""252609.46""","=""2s2.2p2.(1D).3p""","=""2F*""","=""7/2""","=""2s2.2p2.(1D).3d""","=""2G""","=""7/2""",,"=""T5723LS""","=""L11267""",
O,2,"=""418.9789""","=""418.9788""","=""""","=""20""","=""1.98e+08""",D,"=""228747.45""","=""252608.28""","=""2s2.2p2.(1D).3p""","=""2F*""","=""7/2""","=""2s2.2p2.(1D).3d""","=""2G""","=""9/2""",,"=""T5723LS""","=""L10621,L3448""",
O,2,"=""419.2518""","=""419.2512""","=""""","=""12""","=""3.21e+07""",D,"=""229947.07""","=""253792.40""","=""2s2.2p2.(1D).3p""","=""2D*""","=""5/2""","=""2s2.2p2.(1D).3d""","=""2P""","=""3/2""",,"=""T5723LS""","=""L10621""",
O,4,"=""""","=""419.327""","=""""","=""""","=""1.86e+05""",B,"=""549855""","=""573696""","=""2s.2p.(1P*).3p""","=""2P""","=""3/2""","=""2s.2p.(3P*).4s""","=""2P*""","=""1/2""",,"=""T5109LS""","=""""",
O,2,"=""419.6260""","=""419.6273""","=""""","=""6""","=""3.56e+06""",D,"=""229968.44""","=""253792.40""","=""2s2.2p2.(1D).3p""","=""2D*""","=""3/2""","=""2s2.2p2.(1D).3d""","=""2P""","=""3/2""",,"=""T5723LS""","=""L10621""",
O,2,"=""419.6701""","=""419.6697""","=""""","=""10""","=""3.56e+07""",D,"=""229968.44""","=""253789.99""","=""2s2.2p2.(1D).3p""","=""2D*""","=""3/2""","=""2s2.2p2.(1D).3d""","=""2P""","=""1/2""",,"=""T5723LS""","=""L10621""",
O,5,"=""""","=""421.335""","=""""","=""""","=""1.19e+06""",B,"=""653423.3""","=""677150.7""","=""1s2.2p.(2P*<3/2>).3s""","=""3P*""","=""2""","=""1s2.2p.(2P*<1/2>).3p""","=""3D""","=""1""",,"=""T3843n""","=""""",
O,1,"=""""","=""421.7088""","=""""","=""""","=""5.44e+05""",C,"=""99680.968""","=""123387.339""","=""2s2.2p3.(4S*).4p""","=""3P""","=""1""","=""2s2.2p3.(2D*<3/2>).3d""","=""3P*""","=""0""",,"=""T5713LS""","=""""",
O,3,"=""""","=""421.8303""","=""""","=""""","=""4.36e+04""",C,"=""267258.71""","=""290958.25""","=""2s2.2p.(2P*).3s""","=""3P*""","=""0""","=""2s2.2p.(2P*).3p""","=""1P""","=""1""",,"=""u24""","=""""",
O,2,"=""422.1703""","=""422.1701""","=""""","=""7""","=""""",,"=""232462.724""","=""256143.187""","=""2s2.2p2.(3P).3d""","=""4P""","=""5/2""","=""2s2.2p2.(3P).4f F""","=""2[4]*""","=""7/2""",,"=""""","=""L10621""",
O,1,"=""""","=""422.2757""","=""""","=""""","=""1.36e+05""",C,"=""99680.968""","=""123355.512""","=""2s2.2p3.(4S*).4p""","=""3P""","=""1""","=""2s2.2p3.(2D*<3/2>).3d""","=""3P*""","=""1""",,"=""T5713LS""","=""""",
O,1,"=""""","=""422.2771""","=""""","=""""","=""2.26e+05""",C,"=""99681.049""","=""123355.512""","=""2s2.2p3.(4S*).4p""","=""3P""","=""2""","=""2s2.2p3.(2D*<3/2>).3d""","=""3P*""","=""1""",,"=""T5713LS""","=""""",
O,1,"=""""","=""422.2818""","=""""","=""""","=""1.81e+05""",C,"=""99681.309""","=""123355.512""","=""2s2.2p3.(4S*).4p""","=""3P""","=""0""","=""2s2.2p3.(2D*<3/2>).3d""","=""3P*""","=""1""",,"=""T5713LS""","=""""",
O,2,"=""422.4796""","=""422.4806""","=""""","=""6""","=""""",,"=""232462.724""","=""256125.785""","=""2s2.2p2.(3P).3d""","=""4P""","=""5/2""","=""2s2.2p2.(3P).4f F""","=""2[3]*""","=""5/2""",,"=""""","=""L10621""",
O,2,"=""""","=""422.5262""","=""""","=""""","=""""",,"=""232462.724""","=""256123.231""","=""2s2.2p2.(3P).3d""","=""4P""","=""5/2""","=""2s2.2p2.(3P).4f F""","=""2[3]*""","=""7/2""",,"=""""","=""L11267""",
O,1,"=""""","=""423.3260""","=""""","=""""","=""1.35e+05""",C,"=""99680.968""","=""123296.777""","=""2s2.2p3.(4S*).4p""","=""3P""","=""1""","=""2s2.2p3.(2D*<3/2>).3d""","=""3P*""","=""2""",,"=""T5713LS""","=""""",
O,1,"=""423.327""","=""423.3274""","=""""","=""80""","=""4.04e+05""",C+,"=""99681.049""","=""123296.777""","=""2s2.2p3.(4S*).4p""","=""3P""","=""2""","=""2s2.2p3.(2D*<3/2>).3d""","=""3P*""","=""2""",,"=""T5713LS""","=""L3760""",
O,2,"=""423.7930""","=""423.7921""","=""""","=""9""","=""""",,"=""232535.949""","=""256125.785""","=""2s2.2p2.(3P).3d""","=""4P""","=""3/2""","=""2s2.2p2.(3P).4f F""","=""2[3]*""","=""5/2""",,"=""""","=""L10621""",
O,3,"=""""","=""423.9483""","=""""","=""""","=""3.62e+05""",C,"=""267377.11""","=""290958.25""","=""2s2.2p.(2P*).3s""","=""3P*""","=""1""","=""2s2.2p.(2P*).3p""","=""1P""","=""1""",,"=""u24""","=""""",
O,2,"=""""","=""424.4765""","=""""","=""""","=""""",,"=""232535.949""","=""256087.746""","=""2s2.2p2.(3P).3d""","=""4P""","=""3/2""","=""2s2.2p2.(3P).4f F""","=""2[2]*""","=""5/2""",,"=""""","=""L11267""",
O,2,"=""424.5519""","=""424.5512""","=""""","=""6""","=""""",,"=""232535.949""","=""256083.604""","=""2s2.2p2.(3P).3d""","=""4P""","=""3/2""","=""2s2.2p2.(3P).4f F""","=""2[2]*""","=""3/2""",,"=""""","=""L10621""",
O,2,"=""425.3895""","=""425.3894""","=""""","=""15""","=""""",,"=""252608.28""","=""276109.54""","=""2s2.2p2.(1D).3d""","=""2G""","=""9/2""","=""2s2.2p2.(1D).4f H""","=""2[5]*""","=""11/2""",,"=""""","=""L6915""",
O,2,"=""""","=""425.3908""","=""""","=""""","=""""",,"=""252608.28""","=""276109.46""","=""2s2.2p2.(1D).3d""","=""2G""","=""9/2""","=""2s2.2p2.(1D).4f H""","=""2[5]*""","=""9/2""",,"=""""","=""L11267""",
O,2,"=""425.4121""","=""425.4122""","=""""","=""15""","=""""",,"=""252609.46""","=""276109.46""","=""2s2.2p2.(1D).3d""","=""2G""","=""7/2""","=""2s2.2p2.(1D).4f H""","=""2[5]*""","=""9/2""",,"=""""","=""L6915""",
O,2,"=""425.7549""","=""425.7544""","=""""","=""9""","=""""",,"=""232602.492""","=""256083.604""","=""2s2.2p2.(3P).3d""","=""4P""","=""1/2""","=""2s2.2p2.(3P).4f F""","=""2[2]*""","=""3/2""",,"=""""","=""L10621""",
O,4,"=""""","=""426.047""","=""""","=""""","=""1.92e+07""",B,"=""547326""","=""570791""","=""2s.2p.(1P*).3p""","=""2D""","=""3/2""","=""2s.2p.(1P*).3d""","=""2F*""","=""5/2""",,"=""T5109LS""","=""""",
O,4,"=""""","=""426.465""","=""""","=""""","=""2.05e+07""",B,"=""547355""","=""570797""","=""2s.2p.(1P*).3p""","=""2D""","=""5/2""","=""2s.2p.(1P*).3d""","=""2F*""","=""7/2""",,"=""T5109LS""","=""""",
O,4,"=""""","=""426.574""","=""""","=""""","=""1.37e+06""",B,"=""547355""","=""570791""","=""2s.2p.(1P*).3p""","=""2D""","=""5/2""","=""2s.2p.(1P*).3d""","=""2F*""","=""5/2""",,"=""T5109LS""","=""""",
O,2,"=""427.3104""","=""427.3101""","=""""","=""11""","=""""",,"=""232747.562""","=""256143.187""","=""2s2.2p2.(3P).3d""","=""4D""","=""5/2""","=""2s2.2p2.(3P).4f F""","=""2[4]*""","=""7/2""",,"=""""","=""L10621""",
O,2,"=""427.4240""","=""427.4243""","=""""","=""10""","=""""",,"=""232753.816""","=""256143.187""","=""2s2.2p2.(3P).3d""","=""4D""","=""7/2""","=""2s2.2p2.(3P).4f F""","=""2[4]*""","=""7/2""",,"=""""","=""L10621""",
O,2,"=""427.5551""","=""427.55507""","=""""","=""16""","=""""",,"=""232753.816""","=""256136.036""","=""2s2.2p2.(3P).3d""","=""4D""","=""7/2""","=""2s2.2p2.(3P).4f F""","=""2[4]*""","=""9/2""",,"=""""","=""L6915""",
O,2,"=""427.5994""","=""427.5993""","=""""","=""11""","=""""",,"=""232745.981""","=""256125.785""","=""2s2.2p2.(3P).3d""","=""4D""","=""3/2""","=""2s2.2p2.(3P).4f F""","=""2[3]*""","=""5/2""",,"=""""","=""L10621""",
O,2,"=""427.6281""","=""427.6282""","=""""","=""11""","=""""",,"=""232747.562""","=""256125.785""","=""2s2.2p2.(3P).3d""","=""4D""","=""5/2""","=""2s2.2p2.(3P).4f F""","=""2[3]*""","=""5/2""",,"=""""","=""L10621""",
O,2,"=""""","=""427.6620""","=""""","=""""","=""""",,"=""232535.949""","=""255912.32""","=""2s2.2p2.(3P).3d""","=""4P""","=""3/2""","=""2s2.2p2.(3P).4f D""","=""2[1]*""","=""3/2""",,"=""""","=""L11267""",
O,2,"=""427.6748""","=""427.67489""","=""""","=""15""","=""""",,"=""232747.562""","=""256123.231""","=""2s2.2p2.(3P).3d""","=""4D""","=""5/2""","=""2s2.2p2.(3P).4f F""","=""2[3]*""","=""7/2""",,"=""""","=""L6915""",
O,2,"=""427.7427""","=""427.7426""","=""""","=""14*""","=""""",,"=""232753.816""","=""256125.785""","=""2s2.2p2.(3P).3d""","=""4D""","=""7/2""","=""2s2.2p2.(3P).4f F""","=""2[3]*""","=""5/2""",,"=""""","=""L6915""",
O,2,"=""427.7427""","=""427.7427""","=""""","=""14*""","=""""",,"=""232711.642""","=""256083.604""","=""2s2.2p2.(3P).3d""","=""4D""","=""1/2""","=""2s2.2p2.(3P).4f F""","=""2[2]*""","=""3/2""",,"=""""","=""L6915""",
O,2,"=""427.7706""","=""427.7695""","=""""","=""6""","=""6.93e+06""",D,"=""232527.09""","=""255897.59""","=""2s2.2p2.(1D).3p""","=""2P*""","=""3/2""","=""2s2.2p2.(3P).4d""","=""2D""","=""5/2""",,"=""T5723LS""","=""L10621""",
O,2,"=""427.7892""","=""427.78935""","=""""","=""12""","=""""",,"=""232753.816""","=""256123.231""","=""2s2.2p2.(3P).3d""","=""4D""","=""7/2""","=""2s2.2p2.(3P).4f F""","=""2[3]*""","=""7/2""",,"=""""","=""L6915""",
O,2,"=""427.9156""","=""427.9165""","=""""","=""7""","=""5.77e+06""",D,"=""232480.44""","=""255842.91""","=""2s2.2p2.(1D).3p""","=""2P*""","=""1/2""","=""2s2.2p2.(3P).4d""","=""2D""","=""3/2""",,"=""T5723LS""","=""L10621""",
O,2,"=""428.1318""","=""428.13134""","=""""","=""11""","=""""",,"=""232462.724""","=""255813.472""","=""2s2.2p2.(3P).3d""","=""4P""","=""5/2""","=""2s2.2p2.(3P).4f D""","=""2[2]*""","=""5/2""",,"=""""","=""L10621""",
O,2,"=""""","=""428.2021""","=""""","=""""","=""""",,"=""232796.298""","=""256143.187""","=""2s2.2p2.(3P).3d""","=""2F""","=""5/2""","=""2s2.2p2.(3P).4f F""","=""2[4]*""","=""7/2""",,"=""""","=""L11267""",
O,2,"=""428.2964""","=""428.29610""","=""""","=""14""","=""""",,"=""232745.981""","=""256087.746""","=""2s2.2p2.(3P).3d""","=""4D""","=""3/2""","=""2s2.2p2.(3P).4f F""","=""2[2]*""","=""5/2""",,"=""""","=""L6915""",
O,2,"=""428.3249""","=""428.32512""","=""""","=""9""","=""""",,"=""232747.562""","=""256087.746""","=""2s2.2p2.(3P).3d""","=""4D""","=""5/2""","=""2s2.2p2.(3P).4f F""","=""2[2]*""","=""5/2""",,"=""""","=""L10621""",
O,2,"=""428.3727""","=""428.3721""","=""""","=""12""","=""""",,"=""232745.981""","=""256083.604""","=""2s2.2p2.(3P).3d""","=""4D""","=""3/2""","=""2s2.2p2.(3P).4f F""","=""2[2]*""","=""3/2""",,"=""""","=""L10621""",
O,2,"=""428.4002""","=""428.4011""","=""""","=""6""","=""""",,"=""232747.562""","=""256083.604""","=""2s2.2p2.(3P).3d""","=""4D""","=""5/2""","=""2s2.2p2.(3P).4f F""","=""2[2]*""","=""3/2""",,"=""""","=""L10621""",
O,2,"=""428.4393""","=""428.43992""","=""""","=""7""","=""""",,"=""232753.816""","=""256087.746""","=""2s2.2p2.(3P).3d""","=""4D""","=""7/2""","=""2s2.2p2.(3P).4f F""","=""2[2]*""","=""5/2""",,"=""""","=""L10621""",
O,2,"=""428.5687""","=""428.5684""","=""""","=""15""","=""""",,"=""232796.298""","=""256123.231""","=""2s2.2p2.(3P).3d""","=""2F""","=""5/2""","=""2s2.2p2.(3P).4f F""","=""2[3]*""","=""7/2""",,"=""""","=""L6915""",
O,3,"=""""","=""428.6177""","=""""","=""""","=""3.20e+01""",C,"=""267634.00""","=""290958.25""","=""2s2.2p.(2P*).3s""","=""3P*""","=""2""","=""2s2.2p.(2P*).3p""","=""1P""","=""1""",,"=""u24""","=""""",
O,2,"=""428.7734""","=""428.7727""","=""""","=""5""","=""1.15e+06""",D,"=""232527.09""","=""255842.91""","=""2s2.2p2.(1D).3p""","=""2P*""","=""3/2""","=""2s2.2p2.(3P).4d""","=""2D""","=""3/2""",,"=""T5723LS""","=""L10621""",
O,2,"=""428.8820""","=""428.8820""","=""""","=""13*""","=""""",,"=""232602.492""","=""255912.37""","=""2s2.2p2.(3P).3d""","=""4P""","=""1/2""","=""2s2.2p2.(3P).4f D""","=""2[1]*""","=""1/2""",,"=""""","=""L6915""",
O,2,"=""428.8820""","=""428.8829""","=""""","=""13*""","=""""",,"=""232602.492""","=""255912.32""","=""2s2.2p2.(3P).3d""","=""4P""","=""1/2""","=""2s2.2p2.(3P).4f D""","=""2[1]*""","=""3/2""",,"=""""","=""L6915""",
O,2,"=""429.1254""","=""429.12535""","=""""","=""14""","=""""",,"=""232462.724""","=""255759.384""","=""2s2.2p2.(3P).3d""","=""4P""","=""5/2""","=""2s2.2p2.(3P).4f G""","=""2[3]*""","=""7/2""",,"=""""","=""L6915""",
O,2,"=""429.1857""","=""429.18528""","=""""","=""7""","=""""",,"=""232462.724""","=""255756.131""","=""2s2.2p2.(3P).3d""","=""4P""","=""5/2""","=""2s2.2p2.(3P).4f G""","=""2[3]*""","=""5/2""",,"=""""","=""L10621""",
O,2,"=""429.2211""","=""429.22138""","=""""","=""13""","=""""",,"=""232796.298""","=""256087.746""","=""2s2.2p2.(3P).3d""","=""2F""","=""5/2""","=""2s2.2p2.(3P).4f F""","=""2[2]*""","=""5/2""",,"=""""","=""L6915""",
O,2,"=""429.2954""","=""429.2977""","=""""","=""2""","=""""",,"=""232796.298""","=""256083.604""","=""2s2.2p2.(3P).3d""","=""2F""","=""5/2""","=""2s2.2p2.(3P).4f F""","=""2[2]*""","=""3/2""",,"=""""","=""L10621""",
O,4,"=""""","=""429.488""","=""""","=""""","=""2.27e+05""",C+,"=""570797""","=""594074""","=""2s.2p.(1P*).3d""","=""2F*""","=""7/2""","=""2s.2p.(3P*).4f""","=""2F""","=""7/2""",,"=""T5109LS""","=""""",
O,4,"=""""","=""429.377""","=""""","=""""","=""8.39e+03""",D,"=""570791""","=""594074""","=""2s.2p.(1P*).3d""","=""2F*""","=""5/2""","=""2s.2p.(3P*).4f""","=""2F""","=""7/2""",,"=""T5109LS""","=""""",
O,2,"=""429.4781""","=""429.47815""","=""""","=""15""","=""""",,"=""232535.949""","=""255813.472""","=""2s2.2p2.(3P).3d""","=""4P""","=""3/2""","=""2s2.2p2.(3P).4f D""","=""2[2]*""","=""5/2""",,"=""""","=""L6915""",
O,2,"=""""","=""429.49188""","=""""","=""""","=""""",,"=""232535.949""","=""255812.728""","=""2s2.2p2.(3P).3d""","=""4P""","=""3/2""","=""2s2.2p2.(3P).4f D""","=""2[2]*""","=""3/2""",,"=""""","=""L11267""",
O,2,"=""430.2858""","=""430.2853""","=""""","=""9*""","=""""",,"=""252608.28""","=""275842.14""","=""2s2.2p2.(1D).3d""","=""2G""","=""9/2""","=""2s2.2p2.(1D).4f G""","=""2[4]*""","=""9/2""",,"=""""","=""L10621""",
O,2,"=""430.2858""","=""430.2853""","=""""","=""9*""","=""""",,"=""252608.28""","=""275842.14""","=""2s2.2p2.(1D).3d""","=""2G""","=""9/2""","=""2s2.2p2.(1D).4f G""","=""2[4]*""","=""7/2""",,"=""""","=""L10621""",
O,2,"=""430.3070""","=""430.3071""","=""""","=""8""","=""""",,"=""252609.46""","=""275842.14""","=""2s2.2p2.(1D).3d""","=""2G""","=""7/2""","=""2s2.2p2.(1D).4f G""","=""2[4]*""","=""7/2""",,"=""""","=""L10621""",
O,2,"=""430.3609""","=""430.36107""","=""""","=""11""","=""""",,"=""232753.816""","=""255983.584""","=""2s2.2p2.(3P).3d""","=""4D""","=""7/2""","=""2s2.2p2.(3P).4f G""","=""2[5]*""","=""9/2""",,"=""""","=""L6915""",
O,2,"=""430.3825""","=""430.38231""","=""""","=""15""","=""""",,"=""232462.724""","=""255691.346""","=""2s2.2p2.(3P).3d""","=""4P""","=""5/2""","=""2s2.2p2.(3P).4f D""","=""2[3]*""","=""7/2""",,"=""""","=""L6915""",
O,4,"=""""","=""430.394""","=""""","=""""","=""2.22e+05""",C+,"=""570791""","=""594019""","=""2s.2p.(1P*).3d""","=""2F*""","=""5/2""","=""2s.2p.(3P*).4f""","=""2F""","=""5/2""",,"=""T5109LS""","=""""",
O,4,"=""""","=""430.505""","=""""","=""""","=""1.11e+04""",D,"=""570797""","=""594019""","=""2s.2p.(1P*).3d""","=""2F*""","=""7/2""","=""2s.2p.(3P*).4f""","=""2F""","=""5/2""",,"=""T5109LS""","=""""",
O,2,"=""""","=""430.40838""","=""""","=""""","=""""",,"=""232462.724""","=""255689.939""","=""2s2.2p2.(3P).3d""","=""4P""","=""5/2""","=""2s2.2p2.(3P).4f D""","=""2[3]*""","=""5/2""",,"=""""","=""L11267""",
O,2,"=""430.5390""","=""430.53874""","=""""","=""10""","=""""",,"=""232535.949""","=""255756.131""","=""2s2.2p2.(3P).3d""","=""4P""","=""3/2""","=""2s2.2p2.(3P).4f G""","=""2[3]*""","=""5/2""",,"=""""","=""L10621""",
O,2,"=""430.5965""","=""430.5965""","=""""","=""4*""","=""""",,"=""253046.74""","=""276263.81""","=""2s2.2p2.(1D).3d""","=""2D""","=""3/2""","=""2s2.2p2.(1D).4f P""","=""2[1]*""","=""3/2""",,"=""""","=""L10621""",
O,2,"=""430.5965""","=""430.5965""","=""""","=""4*""","=""""",,"=""253046.74""","=""276263.81""","=""2s2.2p2.(1D).3d""","=""2D""","=""3/2""","=""2s2.2p2.(1D).4f P""","=""2[1]*""","=""1/2""",,"=""""","=""L10621""",
O,2,"=""430.6354""","=""430.6350""","=""""","=""5""","=""""",,"=""253048.82""","=""276263.81""","=""2s2.2p2.(1D).3d""","=""2D""","=""5/2""","=""2s2.2p2.(1D).4f P""","=""2[1]*""","=""3/2""",,"=""""","=""L10621""",
O,2,"=""430.7233""","=""430.72324""","=""""","=""12""","=""""",,"=""232602.492""","=""255812.728""","=""2s2.2p2.(3P).3d""","=""4P""","=""1/2""","=""2s2.2p2.(3P).4f D""","=""2[2]*""","=""3/2""",,"=""""","=""L6915""",
O,2,"=""430.8999""","=""430.8998""","=""""","=""11*""","=""""",,"=""232711.642""","=""255912.37""","=""2s2.2p2.(3P).3d""","=""4D""","=""1/2""","=""2s2.2p2.(3P).4f D""","=""2[1]*""","=""1/2""",,"=""""","=""L10621""",
O,2,"=""430.8999""","=""430.9007""","=""""","=""11*""","=""""",,"=""232711.642""","=""255912.32""","=""2s2.2p2.(3P).3d""","=""4D""","=""1/2""","=""2s2.2p2.(3P).4f D""","=""2[1]*""","=""3/2""",,"=""""","=""L10621""",
O,2,"=""431.2107""","=""431.2111""","=""""","=""11""","=""""",,"=""232959.210""","=""256143.187""","=""2s2.2p2.(3P).3d""","=""2F""","=""7/2""","=""2s2.2p2.(3P).4f F""","=""2[4]*""","=""7/2""",,"=""""","=""L10621""",
O,2,"=""431.3442""","=""431.34415""","=""""","=""12""","=""""",,"=""232959.210""","=""256136.036""","=""2s2.2p2.(3P).3d""","=""2F""","=""7/2""","=""2s2.2p2.(3P).4f F""","=""2[4]*""","=""9/2""",,"=""""","=""L10621""",
O,2,"=""431.5393""","=""431.5385""","=""""","=""8*""","=""""",,"=""232745.981""","=""255912.37""","=""2s2.2p2.(3P).3d""","=""4D""","=""3/2""","=""2s2.2p2.(3P).4f D""","=""2[1]*""","=""1/2""",,"=""""","=""L10621""",
O,2,"=""431.5393""","=""431.5394""","=""""","=""8*""","=""""",,"=""232745.981""","=""255912.32""","=""2s2.2p2.(3P).3d""","=""4D""","=""3/2""","=""2s2.2p2.(3P).4f D""","=""2[1]*""","=""3/2""",,"=""""","=""L10621""",
O,2,"=""431.5828""","=""431.58260""","=""""","=""7""","=""""",,"=""232959.210""","=""256123.231""","=""2s2.2p2.(3P).3d""","=""2F""","=""7/2""","=""2s2.2p2.(3P).4f F""","=""2[3]*""","=""7/2""",,"=""""","=""L10621""",
O,2,"=""431.7138""","=""431.7139""","=""""","=""19""","=""3.68e+07""",B,"=""185235.281""","=""208392.258""","=""2s2.2p2.(3P).3s""","=""4P""","=""1/2""","=""2s2.2p2.(3P).3p""","=""4P*""","=""3/2""",,"=""T6172,T6632""","=""L10621,L3448""",
O,2,"=""431.7700""","=""431.76958""","=""""","=""11""","=""""",,"=""232535.949""","=""255689.939""","=""2s2.2p2.(3P).3d""","=""4P""","=""3/2""","=""2s2.2p2.(3P).4f D""","=""2[3]*""","=""5/2""",,"=""""","=""L10621""",
O,2,"=""431.9629""","=""431.9630""","=""""","=""19""","=""2.48e+07""",B,"=""185340.577""","=""208484.202""","=""2s2.2p2.(3P).3s""","=""4P""","=""3/2""","=""2s2.2p2.(3P).3p""","=""4P*""","=""5/2""",,"=""T6172,T6632""","=""L10621,L3448""",
O,2,"=""""","=""431.9866""","=""""","=""""","=""5.62e+07""",D,"=""232480.44""","=""255622.80""","=""2s2.2p2.(1D).3p""","=""2P*""","=""1/2""","=""2s2.2p2.(1D).3d""","=""2S""","=""1/2""",,"=""T5723LS""","=""L11267""",
O,2,"=""432.2445""","=""432.24477""","=""""","=""5""","=""""",,"=""232959.210""","=""256087.746""","=""2s2.2p2.(3P).3d""","=""2F""","=""7/2""","=""2s2.2p2.(3P).4f F""","=""2[2]*""","=""5/2""",,"=""""","=""L10621""",
O,2,"=""432.4790""","=""432.4788""","=""""","=""6""","=""""",,"=""232796.298""","=""255912.32""","=""2s2.2p2.(3P).3d""","=""2F""","=""5/2""","=""2s2.2p2.(3P).4f D""","=""2[1]*""","=""3/2""",,"=""""","=""L10621""",
O,2,"=""432.5758""","=""432.5761""","=""""","=""15""","=""1.42e+07""",B,"=""185235.281""","=""208346.104""","=""2s2.2p2.(3P).3s""","=""4P""","=""1/2""","=""2s2.2p2.(3P).3p""","=""4P*""","=""1/2""",,"=""T6172,T6632""","=""L10621""",
O,4,"=""""","=""432.738""","=""""","=""""","=""3.75e+05""",C+,"=""573696""","=""596798.2""","=""2s.2p.(3P*).4s""","=""2P*""","=""1/2""","=""2s.2p.(3P*).4f""","=""2D""","=""3/2""",,"=""T5109LS""","=""""",
O,2,"=""432.7465""","=""432.7460""","=""""","=""12""","=""6.76e+07""",D,"=""229947.07""","=""253048.82""","=""2s2.2p2.(1D).3p""","=""2D*""","=""5/2""","=""2s2.2p2.(1D).3d""","=""2D""","=""5/2""",,"=""T5723LS""","=""L10621""",
O,2,"=""432.7851""","=""432.7849""","=""""","=""6""","=""7.24e+06""",D,"=""229947.07""","=""253046.74""","=""2s2.2p2.(1D).3p""","=""2D*""","=""5/2""","=""2s2.2p2.(1D).3d""","=""2D""","=""3/2""",,"=""T5723LS""","=""L10621""",
O,2,"=""432.8586""","=""432.8591""","=""""","=""11""","=""1.12e+08""",D,"=""232527.09""","=""255622.80""","=""2s2.2p2.(1D).3p""","=""2P*""","=""3/2""","=""2s2.2p2.(1D).3d""","=""2S""","=""1/2""",,"=""T5723LS""","=""L10621""",
O,2,"=""""","=""433.1159""","=""""","=""""","=""""",,"=""232747.562""","=""255829.58""","=""2s2.2p2.(3P).3d""","=""4D""","=""5/2""","=""2s2.2p2.(3P).4f G""","=""2[4]*""","=""7/2""",,"=""""","=""L11267""",
O,2,"=""433.1176""","=""433.1176""","=""""","=""12""","=""""",,"=""252993.39""","=""276075.32""","=""2s2.2p2.(1S).3p""","=""2P*""","=""3/2""","=""2s2.2p2.(1S).3d""","=""2D""","=""5/2""",,"=""""","=""L10621""",
O,2,"=""433.1468""","=""433.1466""","=""""","=""6""","=""4.82e+06""",D,"=""229968.44""","=""253048.82""","=""2s2.2p2.(1D).3p""","=""2D*""","=""3/2""","=""2s2.2p2.(1D).3d""","=""2D""","=""5/2""",,"=""T5723LS""","=""L10621""",
O,2,"=""433.1862""","=""433.1857""","=""""","=""11""","=""6.50e+07""",D,"=""229968.44""","=""253046.74""","=""2s2.2p2.(1D).3p""","=""2D*""","=""3/2""","=""2s2.2p2.(1D).3d""","=""2D""","=""3/2""",,"=""T5723LS""","=""L10621""",
O,2,"=""""","=""433.2333""","=""""","=""""","=""""",,"=""232753.816""","=""255829.58""","=""2s2.2p2.(3P).3d""","=""4D""","=""7/2""","=""2s2.2p2.(3P).4f G""","=""2[4]*""","=""7/2""",,"=""""","=""L11267""",
O,2,"=""433.2707""","=""433.2694""","=""""","=""11""","=""""",,"=""232753.816""","=""255827.657""","=""2s2.2p2.(3P).3d""","=""4D""","=""7/2""","=""2s2.2p2.(3P).4f G""","=""2[4]*""","=""9/2""",,"=""""","=""L10621""",
O,3,"=""""","=""433.3579""","=""""","=""""","=""1.21e+05""",C,"=""327229.25""","=""350298.38""","=""2s2.2p.(2P*).3d""","=""3D*""","=""1""","=""2s.2p2.(4P).3s""","=""3P""","=""2""",,"=""T5376LS""","=""""",
O,2,"=""433.4029""","=""433.4026""","=""""","=""6""","=""""",,"=""232745.981""","=""255812.728""","=""2s2.2p2.(3P).3d""","=""4D""","=""3/2""","=""2s2.2p2.(3P).4f D""","=""2[2]*""","=""3/2""",,"=""""","=""L10621""",
O,2,"=""433.4186""","=""433.4184""","=""""","=""9""","=""""",,"=""232747.562""","=""255813.472""","=""2s2.2p2.(3P).3d""","=""4D""","=""5/2""","=""2s2.2p2.(3P).4f D""","=""2[2]*""","=""5/2""",,"=""""","=""L10621""",
O,2,"=""""","=""433.4324""","=""""","=""""","=""""",,"=""232747.562""","=""255812.728""","=""2s2.2p2.(3P).3d""","=""4D""","=""5/2""","=""2s2.2p2.(3P).4f D""","=""2[2]*""","=""3/2""",,"=""""","=""L11267""",
O,2,"=""433.5362""","=""433.5359""","=""""","=""6""","=""""",,"=""232753.816""","=""255813.472""","=""2s2.2p2.(3P).3d""","=""4D""","=""7/2""","=""2s2.2p2.(3P).4f D""","=""2[2]*""","=""5/2""",,"=""""","=""L10621""",
O,2,"=""433.6862""","=""433.6859""","=""""","=""17""","=""1.53e+07""",B,"=""185340.577""","=""208392.258""","=""2s2.2p2.(3P).3s""","=""4P""","=""3/2""","=""2s2.2p2.(3P).3p""","=""4P*""","=""3/2""",,"=""T6172,T6632""","=""L10621,L3448""",
O,2,"=""434.0328""","=""434.0323""","=""""","=""12""","=""""",,"=""232796.298""","=""255829.58""","=""2s2.2p2.(3P).3d""","=""2F""","=""5/2""","=""2s2.2p2.(3P).4f G""","=""2[4]*""","=""7/2""",,"=""""","=""L10621""",
O,2,"=""434.2004""","=""434.2003""","=""""","=""15""","=""""",,"=""232959.210""","=""255983.584""","=""2s2.2p2.(3P).3d""","=""2F""","=""7/2""","=""2s2.2p2.(3P).4f G""","=""2[5]*""","=""9/2""",,"=""""","=""L10621""",
O,2,"=""434.2813""","=""434.2801""","=""""","=""6*""","=""""",,"=""253046.74""","=""276066.88""","=""2s2.2p2.(1D).3d""","=""2D""","=""3/2""","=""2s2.2p2.(1D).4f D""","=""2[2]*""","=""5/2""",,"=""""","=""L10621""",
O,3,"=""""","=""434.2813""","=""""","=""""","=""1.81e+06""",C+,"=""327278.30""","=""350298.38""","=""2s2.2p.(2P*).3d""","=""3D*""","=""2""","=""2s.2p2.(4P).3s""","=""3P""","=""2""",,"=""T5376LS""","=""""",
O,2,"=""434.2813""","=""434.2815""","=""""","=""6*""","=""""",,"=""253046.74""","=""276066.81""","=""2s2.2p2.(1D).3d""","=""2D""","=""3/2""","=""2s2.2p2.(1D).4f D""","=""2[2]*""","=""3/2""",,"=""""","=""L10621""",
O,2,"=""434.3202""","=""434.3194""","=""""","=""7w*""","=""""",,"=""253048.82""","=""276066.88""","=""2s2.2p2.(1D).3d""","=""2D""","=""5/2""","=""2s2.2p2.(1D).4f D""","=""2[2]*""","=""5/2""",,"=""""","=""L10621""",
O,2,"=""434.3202""","=""434.3207""","=""""","=""7w*""","=""""",,"=""253048.82""","=""276066.81""","=""2s2.2p2.(1D).3d""","=""2D""","=""5/2""","=""2s2.2p2.(1D).4f D""","=""2[2]*""","=""3/2""",,"=""""","=""L10621""",
O,2,"=""434.4375""","=""434.4371""","=""""","=""12""","=""""",,"=""232747.562""","=""255759.384""","=""2s2.2p2.(3P).3d""","=""4D""","=""5/2""","=""2s2.2p2.(3P).4f G""","=""2[3]*""","=""7/2""",,"=""""","=""L10621""",
O,2,"=""434.4958""","=""434.4985""","=""""","=""6""","=""""",,"=""232747.562""","=""255756.131""","=""2s2.2p2.(3P).3d""","=""4D""","=""5/2""","=""2s2.2p2.(3P).4f G""","=""2[3]*""","=""5/2""",,"=""""","=""L10621""",
O,2,"=""""","=""434.5552""","=""""","=""""","=""""",,"=""232753.816""","=""255759.384""","=""2s2.2p2.(3P).3d""","=""4D""","=""7/2""","=""2s2.2p2.(3P).4f G""","=""2[3]*""","=""7/2""",,"=""""","=""L11267""",
O,2,"=""434.5560""","=""434.5560""","=""""","=""19""","=""7.95e+07""",B,"=""185340.577""","=""208346.104""","=""2s2.2p2.(3P).3s""","=""4P""","=""3/2""","=""2s2.2p2.(3P).3p""","=""4P*""","=""1/2""",,"=""T6172,T6632""","=""L10621,L3448""",
O,2,"=""434.6159""","=""434.6167""","=""""","=""5""","=""""",,"=""232753.816""","=""255756.131""","=""2s2.2p2.(3P).3d""","=""4D""","=""7/2""","=""2s2.2p2.(3P).4f G""","=""2[3]*""","=""5/2""",,"=""""","=""L10621""",
O,2,"=""434.7223""","=""434.7217""","=""""","=""10*""","=""1.19e+07""",B+,"=""206971.68""","=""229968.44""","=""2s2.2p2.(1D).3s""","=""2D""","=""5/2""","=""2s2.2p2.(1D).3p""","=""2D*""","=""3/2""",,"=""T6172n""","=""L10621""",
O,2,"=""434.7223""","=""434.7224""","=""""","=""10*""","=""""",,"=""252987.23""","=""275983.95""","=""2s2.2p2.(1S).3p""","=""2P*""","=""1/2""","=""2s2.2p2.(1S).3d""","=""2D""","=""3/2""",,"=""""","=""L10621""",
O,2,"=""434.7420""","=""434.7413""","=""""","=""19""","=""9.32e+07""",B+,"=""206972.72""","=""229968.44""","=""2s2.2p2.(1D).3s""","=""2D""","=""3/2""","=""2s2.2p2.(1D).3p""","=""2D*""","=""3/2""",,"=""T6172n""","=""L10621,L3448""",
O,2,"=""434.9426""","=""434.9426""","=""""","=""23""","=""6.75e+07""",B,"=""185499.124""","=""208484.202""","=""2s2.2p2.(3P).3s""","=""4P""","=""5/2""","=""2s2.2p2.(3P).3p""","=""4P*""","=""5/2""",,"=""T6172,T6632""","=""L10621,L3448""",
O,2,"=""435.1262""","=""435.1260""","=""""","=""21""","=""9.89e+07""",B+,"=""206971.68""","=""229947.07""","=""2s2.2p2.(1D).3s""","=""2D""","=""5/2""","=""2s2.2p2.(1D).3p""","=""2D*""","=""5/2""",,"=""T6172n""","=""L10621,L3448""",
O,2,"=""""","=""435.1457""","=""""","=""""","=""5.82e+06""",B,"=""206972.72""","=""229947.07""","=""2s2.2p2.(1D).3s""","=""2D""","=""3/2""","=""2s2.2p2.(1D).3p""","=""2D*""","=""5/2""",,"=""T6172n""","=""L11267""",
O,2,"=""435.3594""","=""435.3592""","=""""","=""12""","=""""",,"=""232796.298""","=""255759.384""","=""2s2.2p2.(3P).3d""","=""2F""","=""5/2""","=""2s2.2p2.(3P).4f G""","=""2[3]*""","=""7/2""",,"=""""","=""L10621""",
O,2,"=""435.4178""","=""435.4208""","=""""","=""4""","=""""",,"=""232796.298""","=""255756.131""","=""2s2.2p2.(3P).3d""","=""2F""","=""5/2""","=""2s2.2p2.(3P).4f G""","=""2[3]*""","=""5/2""",,"=""""","=""L10621""",
O,2,"=""""","=""435.4589""","=""""","=""""","=""2.19e+04""",C,"=""208392.258""","=""231350.087""","=""2s2.2p2.(3P).3p""","=""4P*""","=""3/2""","=""2s2.2p2.(3P).3d""","=""4F""","=""5/2""",,"=""T6172""","=""""",
O,3,"=""""","=""435.6794""","=""""","=""""","=""1.00e+07""",C+,"=""327352.17""","=""350298.38""","=""2s2.2p.(2P*).3d""","=""3D*""","=""3""","=""2s.2p2.(4P).3s""","=""3P""","=""2""",,"=""T5376LS""","=""""",
O,2,"=""435.7252""","=""435.7221""","=""""","=""10*""","=""""",,"=""232745.981""","=""255689.939""","=""2s2.2p2.(3P).3d""","=""4D""","=""3/2""","=""2s2.2p2.(3P).4f D""","=""2[3]*""","=""5/2""",,"=""""","=""L10621""",
O,2,"=""435.7252""","=""435.7254""","=""""","=""10*""","=""""",,"=""232747.562""","=""255691.346""","=""2s2.2p2.(3P).3d""","=""4D""","=""5/2""","=""2s2.2p2.(3P).4f D""","=""2[3]*""","=""7/2""",,"=""""","=""L10621""",
O,2,"=""435.7252""","=""435.7257""","=""""","=""10*""","=""2.72e+04""",C,"=""208484.202""","=""231427.970""","=""2s2.2p2.(3P).3p""","=""4P*""","=""5/2""","=""2s2.2p2.(3P).3d""","=""4F""","=""7/2""",,"=""T6172""","=""L10621""",
O,2,"=""""","=""435.7522""","=""""","=""""","=""""",,"=""232747.562""","=""255689.939""","=""2s2.2p2.(3P).3d""","=""4D""","=""5/2""","=""2s2.2p2.(3P).4f D""","=""2[3]*""","=""5/2""",,"=""""","=""L11267""",
O,2,"=""435.8451""","=""435.8442""","=""""","=""7""","=""""",,"=""232753.816""","=""255691.346""","=""2s2.2p2.(3P).3d""","=""4D""","=""7/2""","=""2s2.2p2.(3P).4f D""","=""2[3]*""","=""7/2""",,"=""""","=""L10621""",
O,2,"=""435.9392""","=""435.9395""","=""""","=""7""","=""1.44e+06""",C+,"=""211522.117""","=""234454.634""","=""2s2.2p2.(3P).3p""","=""2D*""","=""3/2""","=""2s2.2p2.(3P).3d""","=""2D""","=""5/2""",,"=""T6172n""","=""L10621""",
O,3,"=""""","=""436.3209""","=""""","=""""","=""1.71e+00""",B,"=""20273.27""","=""43185.74""","=""2s2.2p2""","=""1D""","=""2""","=""2s2.2p2""","=""1S""","=""0""",E2,"=""T4010,T4899,T4026""","=""""",
O,4,"=""""","=""436.612""","=""""","=""""","=""7.31e+04""",C,"=""573901""","=""596798.2""","=""2s.2p.(3P*).4s""","=""2P*""","=""3/2""","=""2s.2p.(3P*).4f""","=""2D""","=""3/2""",,"=""T5109LS""","=""""",
O,3,"=""""","=""436.6501""","=""""","=""""","=""2.96e+06""",C+,"=""327229.25""","=""350124.45""","=""2s2.2p.(2P*).3d""","=""3D*""","=""1""","=""2s.2p2.(4P).3s""","=""3P""","=""1""",,"=""T5376LS""","=""""",
O,2,"=""436.6530""","=""436.6530""","=""""","=""9""","=""""",,"=""232796.298""","=""255691.346""","=""2s2.2p2.(3P).3d""","=""2F""","=""5/2""","=""2s2.2p2.(3P).4f D""","=""2[3]*""","=""7/2""",,"=""""","=""L10621""",
O,2,"=""436.6892""","=""436.6895""","=""""","=""20""","=""3.92e+07""",B,"=""185499.124""","=""208392.258""","=""2s2.2p2.(3P).3s""","=""4P""","=""5/2""","=""2s2.2p2.(3P).3p""","=""4P*""","=""3/2""",,"=""T6172,T6632""","=""L10621,L3448""",
O,1,"=""""","=""436.8193""","=""""","=""""","=""7.56e+05""",B,"=""76794.978""","=""99681.309""","=""2s2.2p3.(4S*).3s""","=""3S*""","=""1""","=""2s2.2p3.(4S*).4p""","=""3P""","=""0""",,"=""T5803n,LS""","=""""",
O,1,"=""""","=""436.8242""","=""""","=""""","=""7.59e+05""",B,"=""76794.978""","=""99681.049""","=""2s2.2p3.(4S*).3s""","=""3S*""","=""1""","=""2s2.2p3.(4S*).4p""","=""3P""","=""2""",,"=""T5803n,LS""","=""""",
O,1,"=""436.825""","=""436.8258""","=""""","=""100""","=""7.58e+05""",B,"=""76794.978""","=""99680.968""","=""2s2.2p3.(4S*).3s""","=""3S*""","=""1""","=""2s2.2p3.(4S*).4p""","=""3P""","=""1""",,"=""T5803n,LS""","=""L3760""",
O,2,"=""436.9275""","=""436.9272""","=""""","=""13""","=""3.57e+07""",B,"=""211522.117""","=""234402.797""","=""2s2.2p2.(3P).3p""","=""2D*""","=""3/2""","=""2s2.2p2.(3P).3d""","=""2D""","=""3/2""",,"=""T6172n""","=""L10621""",
O,2,"=""437.1618""","=""437.1609""","=""""","=""11""","=""""",,"=""232959.210""","=""255827.657""","=""2s2.2p2.(3P).3d""","=""2F""","=""7/2""","=""2s2.2p2.(3P).4f G""","=""2[4]*""","=""9/2""",,"=""""","=""L10621""",
O,2,"=""437.4295""","=""437.4322""","=""""","=""9""","=""""",,"=""232959.210""","=""255813.472""","=""2s2.2p2.(3P).3d""","=""2F""","=""7/2""","=""2s2.2p2.(3P).4f D""","=""2[2]*""","=""5/2""",,"=""""","=""L10621""",
O,3,"=""""","=""437.5876""","=""""","=""""","=""8.83e+06""",C+,"=""327278.30""","=""350124.45""","=""2s2.2p.(2P*).3d""","=""3D*""","=""2""","=""2s.2p2.(4P).3s""","=""3P""","=""1""",,"=""T5376LS""","=""""",
O,2,"=""437.8027""","=""437.8029""","=""""","=""8""","=""""",,"=""253046.74""","=""275881.65""","=""2s2.2p2.(1D).3d""","=""2D""","=""3/2""","=""2s2.2p2.(1D).4f F""","=""2[3]*""","=""5/2""",,"=""""","=""L10621""",
O,2,"=""437.8427""","=""437.8428""","=""""","=""9*""","=""""",,"=""253048.82""","=""275881.65""","=""2s2.2p2.(1D).3d""","=""2D""","=""5/2""","=""2s2.2p2.(1D).4f F""","=""2[3]*""","=""7/2""",,"=""""","=""L10621""",
O,2,"=""437.8427""","=""437.8428""","=""""","=""9*""","=""""",,"=""253048.82""","=""275881.65""","=""2s2.2p2.(1D).3d""","=""2D""","=""5/2""","=""2s2.2p2.(1D).4f F""","=""2[3]*""","=""5/2""",,"=""""","=""L10621""",
O,2,"=""""","=""438.4446""","=""""","=""""","=""2.29e+06""",D,"=""232480.44""","=""255281.93""","=""2s2.2p2.(1D).3p""","=""2P*""","=""1/2""","=""2s2.2p2.(3P).4d""","=""2P""","=""1/2""",,"=""T5723LS""","=""""",
O,2,"=""""","=""438.4700""","=""""","=""""","=""""",,"=""232959.210""","=""255759.384""","=""2s2.2p2.(3P).3d""","=""2F""","=""7/2""","=""2s2.2p2.(3P).4f G""","=""2[3]*""","=""7/2""",,"=""""","=""L11267""",
O,2,"=""""","=""438.5325""","=""""","=""""","=""""",,"=""232959.210""","=""255756.131""","=""2s2.2p2.(3P).3d""","=""2F""","=""7/2""","=""2s2.2p2.(3P).4f G""","=""2[3]*""","=""5/2""",,"=""""","=""L11267""",
O,3,"=""""","=""438.5649""","=""""","=""""","=""1.17e+07""",C+,"=""327229.25""","=""350024.49""","=""2s2.2p.(2P*).3d""","=""3D*""","=""1""","=""2s.2p2.(4P).3s""","=""3P""","=""0""",,"=""T5376LS""","=""""",
O,4,"=""""","=""439.296""","=""""","=""""","=""4.30e+05""",C+,"=""573901""","=""596658.3""","=""2s.2p.(3P*).4s""","=""2P*""","=""3/2""","=""2s.2p.(3P*).4f""","=""2D""","=""5/2""",,"=""T5109LS""","=""""",
O,2,"=""""","=""439.3435""","=""""","=""""","=""1.14e+06""",E,"=""232527.09""","=""255281.93""","=""2s2.2p2.(1D).3p""","=""2P*""","=""3/2""","=""2s2.2p2.(3P).4d""","=""2P""","=""1/2""",,"=""T5723LS""","=""""",
O,2,"=""439.5942""","=""439.5935""","=""""","=""15""","=""3.91e+07""",B,"=""211712.732""","=""234454.634""","=""2s2.2p2.(3P).3p""","=""2D*""","=""5/2""","=""2s2.2p2.(3P).3d""","=""2D""","=""5/2""",,"=""T6172n""","=""L10621""",
O,2,"=""439.7855""","=""439.7823""","=""""","=""4""","=""""",,"=""232959.210""","=""255691.346""","=""2s2.2p2.(3P).3d""","=""2F""","=""7/2""","=""2s2.2p2.(3P).4f D""","=""2[3]*""","=""7/2""",,"=""""","=""L10621""",
O,2,"=""440.4950""","=""440.4970""","=""""","=""7""","=""""",,"=""233430.53""","=""256125.785""","=""2s2.2p2.(3P).3d""","=""2P""","=""3/2""","=""2s2.2p2.(3P).4f F""","=""2[3]*""","=""5/2""",,"=""""","=""L10621""",
O,2,"=""""","=""440.5381""","=""""","=""""","=""5.65e+05""",E,"=""232480.44""","=""255173.58""","=""2s2.2p2.(1D).3p""","=""2P*""","=""1/2""","=""2s2.2p2.(3P).4d""","=""2P""","=""3/2""",,"=""T5723LS""","=""""",
O,2,"=""440.5987""","=""440.5978""","=""""","=""8""","=""4.30e+06""",B,"=""211712.732""","=""234402.797""","=""2s2.2p2.(3P).3p""","=""2D*""","=""5/2""","=""2s2.2p2.(3P).3d""","=""2D""","=""3/2""",,"=""T6172n""","=""L10621""",
O,4,"=""""","=""441.046""","=""""","=""""","=""4.26e+07""",B,"=""575202""","=""597869""","=""2s.2p.(3P*).4p""","=""2P""","=""1/2""","=""2s.2p.(3P*).4d""","=""2P*""","=""1/2""",,"=""T5109LS""","=""""",
O,2,"=""""","=""441.4456""","=""""","=""""","=""2.81e+06""",D,"=""232527.09""","=""255173.58""","=""2s2.2p2.(1D).3p""","=""2P*""","=""3/2""","=""2s2.2p2.(3P).4d""","=""2P""","=""3/2""",,"=""T5723LS""","=""""",
O,2,"=""441.4905""","=""441.4899""","=""""","=""27""","=""8.47e+07""",B,"=""189068.514""","=""211712.732""","=""2s2.2p2.(3P).3s""","=""2P""","=""3/2""","=""2s2.2p2.(3P).3p""","=""2D*""","=""5/2""",,"=""T6172,T6632""","=""L10621,L3448""",
O,2,"=""441.6974""","=""441.6975""","=""""","=""25""","=""7.16e+07""",B,"=""188888.543""","=""211522.117""","=""2s2.2p2.(3P).3s""","=""2P""","=""1/2""","=""2s2.2p2.(3P).3p""","=""2D*""","=""3/2""",,"=""T6172,T6632""","=""L10621,L3448""",
O,2,"=""443.5506""","=""443.5506""","=""""","=""7""","=""""",,"=""233544.59""","=""256083.604""","=""2s2.2p2.(3P).3d""","=""2P""","=""1/2""","=""2s2.2p2.(3P).4f F""","=""2[2]*""","=""3/2""",,"=""""","=""L10621""",
O,2,"=""""","=""443.9482""","=""""","=""""","=""1.44e+05""",D,"=""232462.724""","=""254981.55""","=""2s2.2p2.(3P).3d""","=""4P""","=""5/2""","=""2s.2p3.(5S*).3s""","=""4S*""","=""3/2""",,"=""T5723LS""","=""""",
O,4,"=""""","=""443.965""","=""""","=""""","=""1.04e+07""",B,"=""575202""","=""597720""","=""2s.2p.(3P*).4p""","=""2P""","=""1/2""","=""2s.2p.(3P*).4d""","=""2P*""","=""3/2""",,"=""T5109LS""","=""""",
O,3,"=""""","=""444.0093""","=""""","=""""","=""4.42e+07""",C+,"=""376079.92""","=""398595.65""","=""2s.2p2.(4P).3p""","=""5S*""","=""2""","=""2s.2p2.(4P).3d""","=""5P""","=""1""",,"=""T5376LS""","=""""",
O,2,"=""444.3007""","=""444.3010""","=""""","=""15""","=""5.05e+07""",D,"=""228723.84""","=""251224.79""","=""2s2.2p2.(1D).3p""","=""2F*""","=""5/2""","=""2s2.2p2.(1D).3d""","=""2F""","=""5/2""",,"=""T5723LS""","=""L10621""",
O,2,"=""444.3516""","=""444.3523""","=""""","=""8""","=""1.89e+06""",D,"=""228723.84""","=""251222.19""","=""2s2.2p2.(1D).3p""","=""2F*""","=""5/2""","=""2s2.2p2.(1D).3d""","=""2F""","=""7/2""",,"=""T5723LS""","=""L10621""",
O,4,"=""""","=""444.438""","=""""","=""""","=""2.08e+07""",B,"=""575375""","=""597869""","=""2s.2p.(3P*).4p""","=""2P""","=""3/2""","=""2s.2p.(3P*).4d""","=""2P*""","=""1/2""",,"=""T5109LS""","=""""",
O,2,"=""444.6809""","=""444.6786""","=""""","=""6*""","=""""",,"=""233430.53""","=""255912.37""","=""2s2.2p2.(3P).3d""","=""2P""","=""3/2""","=""2s2.2p2.(3P).4f D""","=""2[1]*""","=""1/2""",,"=""""","=""L10621""",
O,2,"=""444.6809""","=""444.6796""","=""""","=""6*""","=""""",,"=""233430.53""","=""255912.32""","=""2s2.2p2.(3P).3d""","=""2P""","=""3/2""","=""2s2.2p2.(3P).4f D""","=""2[1]*""","=""3/2""",,"=""""","=""L10621""",
O,2,"=""444.7673""","=""444.7676""","=""""","=""5""","=""2.52e+06""",D,"=""228747.45""","=""251224.79""","=""2s2.2p2.(1D).3p""","=""2F*""","=""7/2""","=""2s2.2p2.(1D).3d""","=""2F""","=""5/2""",,"=""T5723LS""","=""L10621""",
O,3,"=""""","=""444.7694""","=""""","=""""","=""4.40e+07""",C+,"=""376079.92""","=""398557.17""","=""2s.2p2.(4P).3p""","=""5S*""","=""2""","=""2s.2p2.(4P).3d""","=""5P""","=""2""",,"=""T5376LS""","=""""",
O,2,"=""444.8186""","=""444.8191""","=""""","=""16""","=""5.10e+07""",D,"=""228747.45""","=""251222.19""","=""2s2.2p2.(1D).3p""","=""2F*""","=""7/2""","=""2s2.2p2.(1D).3d""","=""2F""","=""7/2""",,"=""T5723LS""","=""L10621""",
O,2,"=""445.2375""","=""445.2378""","=""""","=""18""","=""1.37e+07""",B,"=""189068.514""","=""211522.117""","=""2s2.2p2.(3P).3s""","=""2P""","=""3/2""","=""2s2.2p2.(3P).3p""","=""2D*""","=""3/2""",,"=""T6172,T6632""","=""L10621,L3448""",
O,2,"=""""","=""445.3966""","=""""","=""""","=""9.54e+04""",D,"=""232535.949""","=""254981.55""","=""2s2.2p2.(3P).3d""","=""4P""","=""3/2""","=""2s.2p3.(5S*).3s""","=""4S*""","=""3/2""",,"=""T5723LS""","=""""",
O,3,"=""""","=""446.1607""","=""""","=""""","=""4.36e+07""",C+,"=""376079.92""","=""398487.08""","=""2s.2p2.(4P).3p""","=""5S*""","=""2""","=""2s.2p2.(4P).3d""","=""5P""","=""3""",,"=""T5376LS""","=""""",
O,2,"=""446.5417""","=""446.5407""","=""""","=""17""","=""""",,"=""245400.00+x""","=""267788.09+x""","=""2s.2p3.(5S*).3s""","=""6S*""","=""5/2""","=""2s.2p3.(5S*).3p""","=""6P""","=""7/2""",,"=""""","=""L10621""",
O,2,"=""446.6241""","=""446.6235""","=""""","=""15""","=""9.00e+07""",C+,"=""230609.45""","=""252993.39""","=""2s2.2p2.(1S).3s""","=""2S""","=""1/2""","=""2s2.2p2.(1S).3p""","=""2P*""","=""3/2""",,"=""T5723LS""","=""L10621""",
O,2,"=""446.6415""","=""446.6434""","=""""","=""7""","=""""",,"=""233430.53""","=""255813.472""","=""2s2.2p2.(3P).3d""","=""2P""","=""3/2""","=""2s2.2p2.(3P).4f D""","=""2[2]*""","=""5/2""",,"=""""","=""L10621""",
O,2,"=""""","=""446.7210""","=""""","=""""","=""4.73e+04""",E,"=""232602.492""","=""254981.55""","=""2s2.2p2.(3P).3d""","=""4P""","=""1/2""","=""2s.2p3.(5S*).3s""","=""4S*""","=""3/2""",,"=""T5723LS""","=""""",
O,2,"=""446.7475""","=""446.7465""","=""""","=""13""","=""9.00e+07""",C+,"=""230609.45""","=""252987.23""","=""2s2.2p2.(1S).3s""","=""2S""","=""1/2""","=""2s2.2p2.(1S).3p""","=""2P*""","=""1/2""",,"=""T5723LS""","=""L10621""",
O,2,"=""446.7921""","=""446.7924""","=""""","=""15""","=""""",,"=""245400.00+x""","=""267775.48+x""","=""2s.2p3.(5S*).3s""","=""6S*""","=""5/2""","=""2s.2p3.(5S*).3p""","=""6P""","=""5/2""",,"=""""","=""L10621""",
O,2,"=""446.9373""","=""446.9378""","=""""","=""17""","=""""",,"=""245400.00+x""","=""267768.20+x""","=""2s.2p3.(5S*).3s""","=""6S*""","=""5/2""","=""2s.2p3.(5S*).3p""","=""6P""","=""3/2""",,"=""""","=""L10621""",
O,4,"=""""","=""447.402""","=""""","=""""","=""5.10e+07""",B,"=""575375""","=""597720""","=""2s.2p.(3P*).4p""","=""2P""","=""3/2""","=""2s.2p.(3P*).4d""","=""2P*""","=""3/2""",,"=""T5109LS""","=""""",
O,2,"=""447.7904""","=""447.7906""","=""""","=""12""","=""""",,"=""233430.53""","=""255756.131""","=""2s2.2p2.(3P).3d""","=""2P""","=""3/2""","=""2s2.2p2.(3P).4f G""","=""2[3]*""","=""5/2""",,"=""""","=""L10621""",
O,2,"=""""","=""448.4504""","=""""","=""""","=""1.93e+04""",C,"=""212161.881""","=""234454.634""","=""2s2.2p2.(3P).3p""","=""4S*""","=""3/2""","=""2s2.2p2.(3P).3d""","=""2D""","=""5/2""",,"=""T6172""","=""""",
O,2,"=""448.7716""","=""448.7712""","=""""","=""7""","=""""",,"=""253789.99""","=""276066.81""","=""2s2.2p2.(1D).3d""","=""2P""","=""1/2""","=""2s2.2p2.(1D).4f D""","=""2[2]*""","=""3/2""",,"=""""","=""L10621""",
O,2,"=""448.8196""","=""448.8183""","=""""","=""3*""","=""""",,"=""253792.40""","=""276066.88""","=""2s2.2p2.(1D).3d""","=""2P""","=""3/2""","=""2s2.2p2.(1D).4f D""","=""2[2]*""","=""5/2""",,"=""""","=""L10621""",
O,2,"=""448.8196""","=""448.8198""","=""""","=""3*""","=""""",,"=""253792.40""","=""276066.81""","=""2s2.2p2.(1D).3d""","=""2P""","=""3/2""","=""2s2.2p2.(1D).4f D""","=""2[2]*""","=""3/2""",,"=""""","=""L10621""",
O,2,"=""448.9462""","=""448.9462""","=""""","=""11""","=""""",,"=""233544.59""","=""255812.728""","=""2s2.2p2.(3P).3d""","=""2P""","=""1/2""","=""2s2.2p2.(3P).4f D""","=""2[2]*""","=""3/2""",,"=""""","=""L10621""",
O,2,"=""449.1227""","=""449.1222""","=""""","=""13""","=""""",,"=""233430.53""","=""255689.939""","=""2s2.2p2.(3P).3d""","=""2P""","=""3/2""","=""2s2.2p2.(3P).4f D""","=""2[3]*""","=""5/2""",,"=""""","=""L10621""",
O,3,"=""""","=""449.3370""","=""""","=""""","=""9.17e+06""",C+,"=""379356.75""","=""401605.52""","=""2s2.2p.(2P*).4d""","=""3D*""","=""3""","=""2s.2p2.(4P).3d""","=""3F""","=""4""",,"=""T5376LS""","=""""",
O,3,"=""""","=""450.6640""","=""""","=""""","=""8.07e+06""",C+,"=""379293.03""","=""401476.29""","=""2s2.2p.(2P*).4d""","=""3D*""","=""2""","=""2s.2p2.(4P).3d""","=""3F""","=""3""",,"=""T5376LS""","=""""",
O,3,"=""""","=""451.3827""","=""""","=""""","=""7.60e+06""",C+,"=""379227.15""","=""401375.09""","=""2s2.2p.(2P*).4d""","=""3D*""","=""1""","=""2s.2p2.(4P).3d""","=""3F""","=""2""",,"=""T5376LS""","=""""",
O,3,"=""""","=""451.9622""","=""""","=""""","=""1.00e+06""",C+,"=""379356.75""","=""401476.29""","=""2s2.2p.(2P*).4d""","=""3D*""","=""3""","=""2s.2p2.(4P).3d""","=""3F""","=""3""",,"=""T5376LS""","=""""",
O,5,"=""""","=""452.266""","=""""","=""""","=""1.02e+06""",D,"=""697170.2""","=""719274.9""","=""1s2.2p.(2P*<3/2>).3p""","=""1D""","=""2""","=""1s2.2p.(2P*<3/2>).3d""","=""1P*""","=""1""",,"=""T5633,T3843""","=""""",
O,3,"=""""","=""452.4222""","=""""","=""""","=""3.38e+07""",C+,"=""378417.84""","=""400514.89""","=""2s.2p2.(4P).3p""","=""3P*""","=""1""","=""2s.2p2.(4P).3d""","=""3P""","=""0""",,"=""T5376LS""","=""""",
O,3,"=""""","=""452.7293""","=""""","=""""","=""1.40e+06""",C+,"=""379293.03""","=""401375.09""","=""2s2.2p.(2P*).4d""","=""3D*""","=""2""","=""2s.2p2.(4P).3d""","=""3F""","=""2""",,"=""T5376LS""","=""""",
O,3,"=""""","=""453.2785""","=""""","=""""","=""1.40e+07""",C+,"=""378405.68""","=""400460.99""","=""2s.2p2.(4P).3p""","=""3P*""","=""2""","=""2s.2p2.(4P).3d""","=""3P""","=""1""",,"=""T5376LS""","=""""",
O,4,"=""""","=""453.305""","=""""","=""""","=""2.67e+06""",B,"=""575202""","=""597256""","=""2s.2p.(3P*).4p""","=""2P""","=""1/2""","=""2p2.(3P).3p""","=""2S*""","=""1/2""",,"=""T5109LS""","=""""",
O,3,"=""""","=""453.5285""","=""""","=""""","=""8.40e+06""",C+,"=""378417.84""","=""400460.99""","=""2s.2p2.(4P).3p""","=""3P*""","=""1""","=""2s.2p2.(4P).3d""","=""3P""","=""1""",,"=""T5376LS""","=""""",
O,3,"=""""","=""453.8851""","=""""","=""""","=""1.12e+07""",C+,"=""378435.16""","=""400460.99""","=""2s.2p2.(4P).3p""","=""3P*""","=""0""","=""2s.2p2.(4P).3d""","=""3P""","=""1""",,"=""T5376LS""","=""""",
O,2,"=""""","=""453.9543""","=""""","=""""","=""6.69e+05""",C,"=""211522.117""","=""233544.59""","=""2s2.2p2.(3P).3p""","=""2D*""","=""3/2""","=""2s2.2p2.(3P).3d""","=""2P""","=""1/2""",,"=""T6172""","=""L11267""",
O,3,"=""""","=""454.0395""","=""""","=""""","=""3.91e+04""",C,"=""379356.75""","=""401375.09""","=""2s2.2p.(2P*).4d""","=""3D*""","=""3""","=""2s.2p2.(4P).3d""","=""3F""","=""2""",,"=""T5376LS""","=""""",
O,5,"=""""","=""454.848""","=""""","=""""","=""1.76e+08""",B,"=""840821.5""","=""862800.7""","=""1s2.2s.6f""","=""1F*""","=""3""","=""1s2.2s.7g""","=""1G""","=""4""",,"=""T5600""","=""""",
O,5,"=""""","=""455.453""","=""""","=""""","=""2.41e+07""",B,"=""672693.8""","=""694643.8""","=""1s2.2p.(2P*<1/2>).3p""","=""1P""","=""1""","=""1s2.2p.(2P*<1/2>).3d""","=""1D*""","=""2""",,"=""T5633,T3843""","=""""",
O,3,"=""""","=""455.5387""","=""""","=""""","=""2.49e+07""",C+,"=""378405.68""","=""400351.56""","=""2s.2p2.(4P).3p""","=""3P*""","=""2""","=""2s.2p2.(4P).3d""","=""3P""","=""2""",,"=""T5376LS""","=""""",
O,2,"=""""","=""455.773""","=""""","=""""","=""2.54e+07""",D,"=""252993.39""","=""274928.0""","=""2s2.2p2.(1S).3p""","=""2P*""","=""3/2""","=""2s2.2p2.(1D).4d""","=""2D""","=""5/2""",,"=""T5723LS""","=""""",
O,3,"=""""","=""455.7913""","=""""","=""""","=""8.27e+06""",C+,"=""378417.84""","=""400351.56""","=""2s.2p2.(4P).3p""","=""3P*""","=""1""","=""2s.2p2.(4P).3d""","=""3P""","=""2""",,"=""T5376LS""","=""""",
O,2,"=""""","=""455.894""","=""""","=""""","=""2.12e+07""",D,"=""252987.23""","=""274916.0""","=""2s2.2p2.(1S).3p""","=""2P*""","=""1/2""","=""2s2.2p2.(1D).4d""","=""2D""","=""3/2""",,"=""T5723LS""","=""""",
O,2,"=""""","=""456.022""","=""""","=""""","=""4.23e+06""",D,"=""252993.39""","=""274916.0""","=""2s2.2p2.(1S).3p""","=""2P*""","=""3/2""","=""2s2.2p2.(1D).4d""","=""2D""","=""3/2""",,"=""T5723LS""","=""""",
O,2,"=""456.3178""","=""456.3178""","=""""","=""4""","=""7.18e+05""",C,"=""211522.117""","=""233430.53""","=""2s2.2p2.(3P).3p""","=""2D*""","=""3/2""","=""2s2.2p2.(3P).3d""","=""2P""","=""3/2""",,"=""T6172""","=""L10621""",
O,3,"=""""","=""456.9260""","=""""","=""""","=""1.27e+08""",B,"=""370902.22""","=""392781.47""","=""2s2.2p.(2P*).4p""","=""1D""","=""2""","=""2s2.2p.(2P*).5s""","=""1P*""","=""1""",,"=""T5376""","=""""",
O,4,"=""""","=""456.889""","=""""","=""""","=""5.22e+06""",B,"=""575375""","=""597256""","=""2s.2p.(3P*).4p""","=""2P""","=""3/2""","=""2p2.(3P).3p""","=""2S*""","=""1/2""",,"=""T5109LS""","=""""",
O,3,"=""""","=""458.7721""","=""""","=""""","=""2.23e+07""",C+,"=""370418.32""","=""392209.53""","=""2s2.2p.(2P*).4p""","=""3P""","=""1""","=""2s2.2p.(2P*).5s""","=""3P*""","=""2""",,"=""T5376LS""","=""""",
O,2,"=""459.0972""","=""459.0974""","=""""","=""22""","=""8.85e+07""",B+,"=""206971.68""","=""228747.45""","=""2s2.2p2.(1D).3s""","=""2D""","=""5/2""","=""2s2.2p2.(1D).3p""","=""2F*""","=""7/2""",,"=""T6172n""","=""L10621""",
O,2,"=""459.5960""","=""459.5957""","=""""","=""7""","=""4.87e+06""",B,"=""206971.68""","=""228723.84""","=""2s2.2p2.(1D).3s""","=""2D""","=""5/2""","=""2s2.2p2.(1D).3p""","=""2F*""","=""5/2""",,"=""T6172n""","=""L10621""",
O,2,"=""459.6175""","=""459.6177""","=""""","=""20""","=""8.34e+07""",B+,"=""206972.72""","=""228723.84""","=""2s2.2p2.(1D).3s""","=""2D""","=""3/2""","=""2s2.2p2.(1D).3p""","=""2F*""","=""5/2""",,"=""T6172n""","=""L10621,L3448""",
O,2,"=""460.2128""","=""460.2129""","=""""","=""12""","=""""",,"=""234402.797""","=""256125.785""","=""2s2.2p2.(3P).3d""","=""2D""","=""3/2""","=""2s2.2p2.(3P).4f F""","=""2[3]*""","=""5/2""",,"=""""","=""L10621""",
O,2,"=""460.3228""","=""460.3229""","=""""","=""3""","=""3.63e+05""",C,"=""211712.732""","=""233430.53""","=""2s2.2p2.(3P).3p""","=""2D*""","=""5/2""","=""2s2.2p2.(3P).3d""","=""2P""","=""3/2""",,"=""T6172""","=""L10621""",
O,2,"=""460.9442""","=""460.9436""","=""""","=""14""","=""""",,"=""234454.634""","=""256143.187""","=""2s2.2p2.(3P).3d""","=""2D""","=""5/2""","=""2s2.2p2.(3P).4f F""","=""2[4]*""","=""7/2""",,"=""""","=""L10621""",
O,2,"=""461.0203""","=""461.0202""","=""""","=""12""","=""""",,"=""234402.797""","=""256087.746""","=""2s2.2p2.(3P).3d""","=""2D""","=""3/2""","=""2s2.2p2.(3P).4f F""","=""2[2]*""","=""5/2""",,"=""""","=""L10621""",
O,3,"=""""","=""461.0608""","=""""","=""""","=""6.60e+07""",C+,"=""370526.49""","=""392209.53""","=""2s2.2p.(2P*).4p""","=""3P""","=""2""","=""2s2.2p.(2P*).5s""","=""3P*""","=""2""",,"=""T5376LS""","=""""",
O,2,"=""461.1070""","=""461.1083""","=""""","=""3""","=""""",,"=""234402.797""","=""256083.604""","=""2s2.2p2.(3P).3d""","=""2D""","=""3/2""","=""2s2.2p2.(3P).4f F""","=""2[2]*""","=""3/2""",,"=""""","=""L10621""",
O,2,"=""461.3137""","=""461.3137""","=""""","=""7""","=""""",,"=""234454.634""","=""256125.785""","=""2s2.2p2.(3P).3d""","=""2D""","=""5/2""","=""2s2.2p2.(3P).4f F""","=""2[3]*""","=""5/2""",,"=""""","=""L10621""",
O,2,"=""461.3681""","=""461.3681""","=""""","=""8""","=""""",,"=""234454.634""","=""256123.231""","=""2s2.2p2.(3P).3d""","=""2D""","=""5/2""","=""2s2.2p2.(3P).4f F""","=""2[3]*""","=""7/2""",,"=""""","=""L10621""",
O,2,"=""462.1272""","=""462.1249""","=""""","=""6""","=""""",,"=""234454.634""","=""256087.746""","=""2s2.2p2.(3P).3d""","=""2D""","=""5/2""","=""2s2.2p2.(3P).4f F""","=""2[2]*""","=""5/2""",,"=""""","=""L10621""",
O,5,"=""""","=""462.887""","=""""","=""""","=""6.59e+06""",B,"=""840821.5""","=""862419.0""","=""1s2.2s.6f""","=""1F*""","=""3""","=""1s2.2s.7d""","=""1D""","=""2""",,"=""T5633""","=""""",
O,3,"=""""","=""463.0773""","=""""","=""""","=""2.90e+07""",C+,"=""370329.18""","=""391917.80""","=""2s2.2p.(2P*).4p""","=""3P""","=""0""","=""2s2.2p.(2P*).5s""","=""3P*""","=""1""",,"=""T5376LS""","=""""",
O,2,"=""463.88550""","=""463.88558""","=""""","=""20""","=""3.61e+07""",B,"=""185235.281""","=""206786.286""","=""2s2.2p2.(3P).3s""","=""4P""","=""1/2""","=""2s2.2p2.(3P).3p""","=""4D*""","=""3/2""",,"=""T6172,T6632""","=""L6915""",
O,2,"=""464.18104""","=""464.18103""","=""""","=""22""","=""5.85e+07""",B,"=""185340.577""","=""206877.865""","=""2s2.2p2.(3P).3s""","=""4P""","=""3/2""","=""2s2.2p2.(3P).3p""","=""4D*""","=""5/2""",,"=""T6172,T6632""","=""L6915""",
O,2,"=""464.3386""","=""464.3412""","=""""","=""3""","=""""",,"=""245768.37""","=""267298.23""","=""2s2.2p2.(3P).4p""","=""4D*""","=""1/2""","=""2s2.2p2.(3P).6s""","=""2P""","=""3/2""",,"=""""","=""L10621""",
O,2,"=""464.7803""","=""464.7791""","=""""","=""4*""","=""""",,"=""234402.797""","=""255912.37""","=""2s2.2p2.(3P).3d""","=""2D""","=""3/2""","=""2s2.2p2.(3P).4f D""","=""2[1]*""","=""1/2""",,"=""""","=""L10621""",
O,2,"=""464.7803""","=""464.7802""","=""""","=""4*""","=""""",,"=""234402.797""","=""255912.32""","=""2s2.2p2.(3P).3d""","=""2D""","=""3/2""","=""2s2.2p2.(3P).4f D""","=""2[1]*""","=""3/2""",,"=""""","=""L10621""",
O,2,"=""464.91348""","=""464.91347""","=""""","=""24""","=""7.84e+07""",B,"=""185499.124""","=""207002.482""","=""2s2.2p2.(3P).3s""","=""4P""","=""5/2""","=""2s2.2p2.(3P).3p""","=""4D*""","=""7/2""",,"=""T6172,T6632""","=""L6915""",
O,3,"=""""","=""464.9973""","=""""","=""""","=""2.15e+07""",C+,"=""370418.32""","=""391917.80""","=""2s2.2p.(2P*).4p""","=""3P""","=""1""","=""2s2.2p.(2P*).5s""","=""3P*""","=""1""",,"=""T5376LS""","=""""",
O,2,"=""465.08394""","=""465.08384""","=""""","=""20""","=""6.70e+07""",B,"=""185235.281""","=""206730.762""","=""2s2.2p2.(3P).3s""","=""4P""","=""1/2""","=""2s2.2p2.(3P).3p""","=""4D*""","=""1/2""",,"=""T6172,T6632""","=""L6915""",
O,4,"=""""","=""465.410""","=""""","=""""","=""2.85e+07""",B,"=""492890.9""","=""514371.3""","=""2s.2p.(3P*).3p""","=""2S""","=""1/2""","=""2s.2p.(3P*).3d""","=""2P*""","=""1/2""",,"=""T5109LS""","=""""",
O,1,"=""""","=""465.4117""","=""""","=""""","=""4.30e+05""",C,"=""86625.757""","=""108106.094""","=""2s2.2p3.(4S*).3p""","=""5P""","=""1""","=""2s2.2p3.(4S*).8d""","=""5D*""","=""0""",,"=""T5713LS""","=""""",
O,1,"=""""","=""465.4118""","=""""","=""""","=""3.23e+05""",C+,"=""86625.757""","=""108106.091""","=""2s2.2p3.(4S*).3p""","=""5P""","=""1""","=""2s2.2p3.(4S*).8d""","=""5D*""","=""1""",,"=""T5713LS""","=""""",
O,1,"=""""","=""465.4119""","=""""","=""""","=""1.51e+05""",C+,"=""86625.757""","=""108106.085""","=""2s2.2p3.(4S*).3p""","=""5P""","=""1""","=""2s2.2p3.(4S*).8d""","=""5D*""","=""2""",,"=""T5713LS""","=""""",
O,1,"=""""","=""465.4556""","=""""","=""""","=""1.08e+05""",C,"=""86627.778""","=""108106.091""","=""2s2.2p3.(4S*).3p""","=""5P""","=""2""","=""2s2.2p3.(4S*).8d""","=""5D*""","=""1""",,"=""T5713LS""","=""""",
O,1,"=""""","=""465.4557""","=""""","=""""","=""2.51e+05""",C+,"=""86627.778""","=""108106.085""","=""2s2.2p3.(4S*).3p""","=""5P""","=""2""","=""2s2.2p3.(4S*).8d""","=""5D*""","=""2""",,"=""T5713LS""","=""""",
O,1,"=""""","=""465.4559""","=""""","=""""","=""2.87e+05""",C+,"=""86627.778""","=""108106.077""","=""2s2.2p3.(4S*).3p""","=""5P""","=""2""","=""2s2.2p3.(4S*).8d""","=""5D*""","=""3""",,"=""T5713LS""","=""""",
O,1,"=""""","=""465.5354""","=""""","=""""","=""2.87e+04""",C,"=""86631.454""","=""108106.085""","=""2s2.2p3.(4S*).3p""","=""5P""","=""3""","=""2s2.2p3.(4S*).8d""","=""5D*""","=""2""",,"=""T5713LS""","=""""",
O,1,"=""""","=""465.5356""","=""""","=""""","=""1.43e+05""",C+,"=""86631.454""","=""108106.077""","=""2s2.2p3.(4S*).3p""","=""5P""","=""3""","=""2s2.2p3.(4S*).8d""","=""5D*""","=""3""",,"=""T5713LS""","=""""",
O,1,"=""""","=""465.5357""","=""""","=""""","=""4.30e+05""",C+,"=""86631.454""","=""108106.072""","=""2s2.2p3.(4S*).3p""","=""5P""","=""3""","=""2s2.2p3.(4S*).8d""","=""5D*""","=""4""",,"=""T5713LS""","=""""",
O,2,"=""466.16332""","=""466.16324""","=""""","=""21""","=""4.04e+07""",B,"=""185340.577""","=""206786.286""","=""2s2.2p2.(3P).3s""","=""4P""","=""3/2""","=""2s2.2p2.(3P).3p""","=""4D*""","=""3/2""",,"=""T6172,T6632""","=""L6915""",
O,4,"=""""","=""466.266""","=""""","=""""","=""1.00e+06""",C+,"=""594019""","=""615460""","=""2s.2p.(3P*).4f""","=""2F""","=""5/2""","=""2p2.(3P).3p""","=""2D*""","=""3/2""",,"=""T5109LS""","=""""",
O,3,"=""""","=""466.8875""","=""""","=""""","=""8.48e+07""",C+,"=""370418.32""","=""391830.76""","=""2s2.2p.(2P*).4p""","=""3P""","=""1""","=""2s2.2p.(2P*).5s""","=""3P*""","=""0""",,"=""T5376LS""","=""""",
O,4,"=""""","=""466.897""","=""""","=""""","=""4.76e+04""",C,"=""594019""","=""615431""","=""2s.2p.(3P*).4f""","=""2F""","=""5/2""","=""2p2.(3P).3p""","=""2D*""","=""5/2""",,"=""T5109LS""","=""""",
O,2,"=""466.9266""","=""466.9260""","=""""","=""5""","=""""",,"=""234402.797""","=""255813.472""","=""2s2.2p2.(3P).3d""","=""2D""","=""3/2""","=""2s2.2p2.(3P).4f D""","=""2[2]*""","=""5/2""",,"=""""","=""L10621""",
O,2,"=""466.9427""","=""466.9423""","=""""","=""5""","=""""",,"=""234402.797""","=""255812.728""","=""2s2.2p2.(3P).3d""","=""2D""","=""3/2""","=""2s2.2p2.(3P).4f D""","=""2[2]*""","=""3/2""",,"=""""","=""L10621""",
O,3,"=""""","=""467.3487""","=""""","=""""","=""3.52e+07""",C+,"=""370526.49""","=""391917.80""","=""2s2.2p.(2P*).4p""","=""3P""","=""2""","=""2s2.2p.(2P*).5s""","=""3P*""","=""1""",,"=""T5376LS""","=""""",
O,2,"=""467.37322""","=""467.37331""","=""""","=""14""","=""1.24e+07""",B,"=""185340.577""","=""206730.762""","=""2s2.2p2.(3P).3s""","=""4P""","=""3/2""","=""2s2.2p2.(3P).3p""","=""4D*""","=""1/2""",,"=""T6172,T6632""","=""L6915""",
O,2,"=""467.62350""","=""467.62350""","=""""","=""20""","=""2.05e+07""",B,"=""185499.124""","=""206877.865""","=""2s2.2p2.(3P).3s""","=""4P""","=""5/2""","=""2s2.2p2.(3P).3p""","=""4D*""","=""5/2""",,"=""T6172,T6632""","=""L6915""",
O,2,"=""467.7068""","=""467.7065""","=""""","=""8""","=""""",,"=""234454.634""","=""255829.58""","=""2s2.2p2.(3P).3d""","=""2D""","=""5/2""","=""2s2.2p2.(3P).4f G""","=""2[4]*""","=""7/2""",,"=""""","=""L10621""",
O,2,"=""""","=""467.8424""","=""""","=""""","=""4.40e+05""",C,"=""240330.01""","=""261698.75""","=""2s2.2p2.(3P).4s""","=""2P""","=""1/2""","=""2s2.2p2.(3P).5p""","=""2D*""","=""3/2""",,"=""T5723LS""","=""""",
O,2,"=""468.0583""","=""468.0593""","=""""","=""2""","=""""",,"=""234454.634""","=""255813.472""","=""2s2.2p2.(3P).3d""","=""2D""","=""5/2""","=""2s2.2p2.(3P).4f D""","=""2[2]*""","=""5/2""",,"=""""","=""L10621""",
O,4,"=""""","=""468.100""","=""""","=""""","=""9.44e+05""",C+,"=""594074""","=""615431""","=""2s.2p.(3P*).4f""","=""2F""","=""7/2""","=""2p2.(3P).3p""","=""2D*""","=""5/2""",,"=""T5109LS""","=""""",
O,2,"=""""","=""468.1962""","=""""","=""""","=""5.27e+05""",C,"=""240517.35""","=""261869.94""","=""2s2.2p2.(3P).4s""","=""2P""","=""3/2""","=""2s2.2p2.(3P).5p""","=""2D*""","=""5/2""",,"=""T5723LS""","=""""",
O,4,"=""""","=""468.703""","=""""","=""""","=""2.79e+07""",B,"=""492890.9""","=""514220.4""","=""2s.2p.(3P*).3p""","=""2S""","=""1/2""","=""2s.2p.(3P*).3d""","=""2P*""","=""3/2""",,"=""T5109LS""","=""""",
O,2,"=""469.0896""","=""469.0888""","=""""","=""6""","=""1.86e+07""",D,"=""232480.44""","=""253792.40""","=""2s2.2p2.(1D).3p""","=""2P*""","=""1/2""","=""2s2.2p2.(1D).3d""","=""2P""","=""3/2""",,"=""T5723LS""","=""L10621""",
O,2,"=""469.1416""","=""469.1419""","=""""","=""9""","=""7.43e+07""",D,"=""232480.44""","=""253789.99""","=""2s2.2p2.(1D).3p""","=""2P*""","=""1/2""","=""2s2.2p2.(1D).3d""","=""2P""","=""1/2""",,"=""T5723LS""","=""L10621""",
O,2,"=""469.3195""","=""469.3192""","=""""","=""4""","=""""",,"=""234454.634""","=""255756.131""","=""2s2.2p2.(3P).3d""","=""2D""","=""5/2""","=""2s2.2p2.(3P).4f G""","=""2[3]*""","=""5/2""",,"=""""","=""L10621""",
O,3,"=""""","=""469.6225""","=""""","=""""","=""5.76e+05""",D,"=""379227.15""","=""400514.89""","=""2s2.2p.(2P*).4d""","=""3D*""","=""1""","=""2s.2p2.(4P).3d""","=""3P""","=""0""",,"=""T5376LS""","=""""",
O,2,"=""469.6347""","=""469.63528""","=""""","=""12*""","=""3.15e+06""",B,"=""185499.124""","=""206786.286""","=""2s2.2p2.(3P).3s""","=""4P""","=""5/2""","=""2s2.2p2.(3P).3p""","=""4D*""","=""3/2""",,"=""T6172,T6632""","=""L10621""",
O,2,"=""469.6347""","=""469.6357""","=""""","=""12*""","=""""",,"=""234402.797""","=""255689.939""","=""2s2.2p2.(3P).3d""","=""2D""","=""3/2""","=""2s2.2p2.(3P).4f D""","=""2[3]*""","=""5/2""",,"=""""","=""L10621""",
O,2,"=""469.8446""","=""469.8437""","=""""","=""6""","=""6.59e+06""",D,"=""229947.07""","=""251224.79""","=""2s2.2p2.(1D).3p""","=""2D*""","=""5/2""","=""2s2.2p2.(1D).3d""","=""2F""","=""5/2""",,"=""T5723LS""","=""L10621""",
O,2,"=""469.9003""","=""469.9011""","=""""","=""15""","=""9.88e+07""",D,"=""229947.07""","=""251222.19""","=""2s2.2p2.(1D).3p""","=""2D*""","=""5/2""","=""2s2.2p2.(1D).3d""","=""2F""","=""7/2""",,"=""T5723LS""","=""L10621""",
O,2,"=""469.9220""","=""469.9218""","=""""","=""17""","=""9.36e+07""",B,"=""211522.117""","=""232796.298""","=""2s2.2p2.(3P).3p""","=""2D*""","=""3/2""","=""2s2.2p2.(3P).3d""","=""2F""","=""5/2""",,"=""T6172""","=""L10621""",
O,2,"=""""","=""470.0441""","=""""","=""""","=""3.80e+04""",C,"=""212161.881""","=""233430.53""","=""2s2.2p2.(3P).3p""","=""4S*""","=""3/2""","=""2s2.2p2.(3P).3d""","=""2P""","=""3/2""",,"=""T6172""","=""""",
O,2,"=""470.1184""","=""470.1179""","=""""","=""11""","=""9.23e+07""",C,"=""232527.09""","=""253792.40""","=""2s2.2p2.(1D).3p""","=""2P*""","=""3/2""","=""2s2.2p2.(1D).3d""","=""2P""","=""3/2""",,"=""T5723LS""","=""L10621""",
O,2,"=""470.1708""","=""470.1712""","=""""","=""5""","=""3.69e+07""",D,"=""232527.09""","=""253789.99""","=""2s2.2p2.(1D).3p""","=""2P*""","=""3/2""","=""2s2.2p2.(1D).3d""","=""2P""","=""1/2""",,"=""T5723LS""","=""L10621""",
O,2,"=""470.3163""","=""470.3161""","=""""","=""14""","=""9.20e+07""",D,"=""229968.44""","=""251224.79""","=""2s2.2p2.(1D).3p""","=""2D*""","=""3/2""","=""2s2.2p2.(1D).3d""","=""2F""","=""5/2""",,"=""T5723LS""","=""L10621""",
O,2,"=""470.5352""","=""470.5346""","=""""","=""21""","=""1.13e+08""",B,"=""211712.732""","=""232959.210""","=""2s2.2p2.(3P).3p""","=""2D*""","=""5/2""","=""2s2.2p2.(3P).3d""","=""2F""","=""7/2""",,"=""T6172,T6632""","=""L10621,L3448""",
O,2,"=""470.7484""","=""470.7510""","=""""","=""3""","=""""",,"=""234454.634""","=""255691.346""","=""2s2.2p2.(3P).3d""","=""2D""","=""5/2""","=""2s2.2p2.(3P).4f D""","=""2[3]*""","=""7/2""",,"=""""","=""L10621""",
O,2,"=""470.7811""","=""470.7822""","=""""","=""4""","=""""",,"=""234454.634""","=""255689.939""","=""2s2.2p2.(3P).3d""","=""2D""","=""5/2""","=""2s2.2p2.(3P).4f D""","=""2[3]*""","=""5/2""",,"=""""","=""L10621""",
O,3,"=""""","=""470.8146""","=""""","=""""","=""1.43e+05""",D,"=""379227.15""","=""400460.99""","=""2s2.2p.(2P*).4d""","=""3D*""","=""1""","=""2s.2p2.(4P).3d""","=""3P""","=""1""",,"=""T5376LS""","=""""",
O,2,"=""471.0012""","=""471.0009""","=""""","=""16""","=""2.98e+07""",C,"=""211522.117""","=""232747.562""","=""2s2.2p2.(3P).3p""","=""2D*""","=""3/2""","=""2s2.2p2.(3P).3d""","=""4D""","=""5/2""",,"=""T6172""","=""L10621""",
O,2,"=""""","=""471.9803""","=""""","=""""","=""8.57e+04""",D,"=""240517.35""","=""261698.75""","=""2s2.2p2.(3P).4s""","=""2P""","=""3/2""","=""2s2.2p2.(3P).5p""","=""2D*""","=""3/2""",,"=""T5723LS""","=""""",
O,3,"=""""","=""472.2800""","=""""","=""""","=""4.25e+05""",C,"=""379293.03""","=""400460.99""","=""2s2.2p.(2P*).4d""","=""3D*""","=""2""","=""2s.2p2.(4P).3d""","=""3P""","=""1""",,"=""T5376LS""","=""""",
O,3,"=""""","=""473.2536""","=""""","=""""","=""5.63e+03""",D,"=""379227.15""","=""400351.56""","=""2s2.2p.(2P*).4d""","=""3D*""","=""1""","=""2s.2p2.(4P).3d""","=""3P""","=""2""",,"=""T5376LS""","=""""",
O,4,"=""""","=""473.352""","=""""","=""""","=""1.63e+07""",B,"=""594340""","=""615460""","=""2p2.(3P).3s""","=""2P""","=""1/2""","=""2p2.(3P).3p""","=""2D*""","=""3/2""",,"=""T5109LS""","=""""",
O,3,"=""""","=""473.788""","=""""","=""""","=""2.73e+06""",C+,"=""394079.4""","=""415180""","=""2s.2p2.(2D).3s""","=""3D""","=""1""","=""2s2.2p.(2P*).6d""","=""3D*""","=""1""",,"=""T5376LS""","=""""",
O,3,"=""""","=""473.788""","=""""","=""""","=""5.47e+05""",C+,"=""394079.4""","=""415180""","=""2s.2p2.(2D).3s""","=""3D""","=""1""","=""2s2.2p.(2P*).6d""","=""3D*""","=""2""",,"=""T5376LS""","=""""",
O,2,"=""474.1707""","=""474.1704""","=""""","=""10""","=""5.07e+06""",C+,"=""211712.732""","=""232796.298""","=""2s2.2p2.(3P).3p""","=""2D*""","=""5/2""","=""2s2.2p2.(3P).3d""","=""2F""","=""5/2""",,"=""T6172,T6632""","=""L10621""",
O,3,"=""""","=""474.7342""","=""""","=""""","=""8.36e+04""",D,"=""379293.03""","=""400351.56""","=""2s2.2p.(2P*).4d""","=""3D*""","=""2""","=""2s.2p2.(4P).3d""","=""3P""","=""2""",,"=""T5376LS""","=""""",
O,3,"=""""","=""474.866""","=""""","=""""","=""2.52e+06""",C+,"=""394127.3""","=""415180""","=""2s.2p2.(2D).3s""","=""3D""","=""2""","=""2s2.2p.(2P*).6d""","=""3D*""","=""2""",,"=""T5376LS""","=""""",
O,3,"=""""","=""474.866""","=""""","=""""","=""9.05e+05""",C+,"=""394127.3""","=""415180""","=""2s.2p2.(2D).3s""","=""3D""","=""2""","=""2s2.2p.(2P*).6d""","=""3D*""","=""1""",,"=""T5376LS""","=""""",
O,3,"=""""","=""474.866""","=""""","=""""","=""4.04e+05""",C+,"=""394127.3""","=""415180""","=""2s.2p2.(2D).3s""","=""3D""","=""2""","=""2s2.2p.(2P*).6d""","=""3D*""","=""3""",,"=""T5376LS""","=""""",
O,2,"=""475.1271""","=""475.1278""","=""""","=""14""","=""6.39e+06""",C,"=""211712.732""","=""232753.816""","=""2s2.2p2.(3P).3p""","=""2D*""","=""5/2""","=""2s2.2p2.(3P).3d""","=""4D""","=""7/2""",,"=""T6172""","=""L10621""",
O,2,"=""475.2681""","=""475.2691""","=""""","=""9""","=""1.45e+06""",C,"=""211712.732""","=""232747.562""","=""2s2.2p2.(3P).3p""","=""2D*""","=""5/2""","=""2s2.2p2.(3P).3d""","=""4D""","=""5/2""",,"=""T6172""","=""L10621""",
O,3,"=""""","=""476.1750""","=""""","=""""","=""4.64e+05""",C,"=""379356.75""","=""400351.56""","=""2s2.2p.(2P*).4d""","=""3D*""","=""3""","=""2s.2p2.(4P).3d""","=""3P""","=""2""",,"=""T5376LS""","=""""",
O,3,"=""""","=""476.463""","=""""","=""""","=""3.19e+06""",C+,"=""394197.9""","=""415180""","=""2s.2p2.(2D).3s""","=""3D""","=""3""","=""2s2.2p.(2P*).6d""","=""3D*""","=""3""",,"=""T5376LS""","=""""",
O,3,"=""""","=""476.463""","=""""","=""""","=""5.59e+05""",C+,"=""394197.9""","=""415180""","=""2s.2p2.(2D).3s""","=""3D""","=""3""","=""2s2.2p.(2P*).6d""","=""3D*""","=""2""",,"=""T5376LS""","=""""",
O,4,"=""""","=""476.529""","=""""","=""""","=""1.91e+06""",C+,"=""575819""","=""596798.2""","=""2s.2p.(1P*).3d""","=""2D*""","=""3/2""","=""2s.2p.(3P*).4f""","=""2D""","=""3/2""",,"=""T5109LS""","=""""",
O,1,"=""""","=""477.2448""","=""""","=""""","=""7.00e+05""",C+,"=""86625.757""","=""107573.508""","=""2s2.2p3.(4S*).3p""","=""5P""","=""1""","=""2s2.2p3.(4S*).7d""","=""5D*""","=""0""",,"=""T5713LS""","=""""",
O,1,"=""""","=""477.2449""","=""""","=""""","=""5.25e+05""",C+,"=""86625.757""","=""107573.504""","=""2s2.2p3.(4S*).3p""","=""5P""","=""1""","=""2s2.2p3.(4S*).7d""","=""5D*""","=""1""",,"=""T5713LS""","=""""",
O,1,"=""""","=""477.2451""","=""""","=""""","=""2.45e+05""",C+,"=""86625.757""","=""107573.495""","=""2s2.2p3.(4S*).3p""","=""5P""","=""1""","=""2s2.2p3.(4S*).7d""","=""5D*""","=""2""",,"=""T5713LS""","=""""",
O,4,"=""""","=""477.260""","=""""","=""""","=""1.23e+07""",B,"=""478848.6""","=""499795.7""","=""2s.2p.(3P*).3p""","=""4P""","=""1/2""","=""2s.2p.(3P*).3d""","=""4D*""","=""3/2""",,"=""T5109LS""","=""""",
O,1,"=""""","=""477.2909""","=""""","=""""","=""1.75e+05""",C+,"=""86627.778""","=""107573.504""","=""2s2.2p3.(4S*).3p""","=""5P""","=""2""","=""2s2.2p3.(4S*).7d""","=""5D*""","=""1""",,"=""T5713LS""","=""""",
O,1,"=""""","=""477.2911""","=""""","=""""","=""4.08e+05""",C+,"=""86627.778""","=""107573.495""","=""2s2.2p3.(4S*).3p""","=""5P""","=""2""","=""2s2.2p3.(4S*).7d""","=""5D*""","=""2""",,"=""T5713LS""","=""""",
O,1,"=""""","=""477.2914""","=""""","=""""","=""4.67e+05""",C+,"=""86627.778""","=""107573.484""","=""2s2.2p3.(4S*).3p""","=""5P""","=""2""","=""2s2.2p3.(4S*).7d""","=""5D*""","=""3""",,"=""T5713LS""","=""""",
O,4,"=""""","=""477.303""","=""""","=""""","=""2.11e+05""",C+,"=""575853""","=""596798.2""","=""2s.2p.(1P*).3d""","=""2D*""","=""5/2""","=""2s.2p.(3P*).4f""","=""2D""","=""3/2""",,"=""T5109LS""","=""""",
O,1,"=""""","=""477.3749""","=""""","=""""","=""4.66e+04""",C,"=""86631.454""","=""107573.495""","=""2s2.2p3.(4S*).3p""","=""5P""","=""3""","=""2s2.2p3.(4S*).7d""","=""5D*""","=""2""",,"=""T5713LS""","=""""",
O,1,"=""""","=""477.3752""","=""""","=""""","=""2.33e+05""",C+,"=""86631.454""","=""107573.484""","=""2s2.2p3.(4S*).3p""","=""5P""","=""3""","=""2s2.2p3.(4S*).7d""","=""5D*""","=""3""",,"=""T5713LS""","=""""",
O,1,"=""""","=""477.3753""","=""""","=""""","=""7.00e+05""",C+,"=""86631.454""","=""107573.476""","=""2s2.2p3.(4S*).3p""","=""5P""","=""3""","=""2s2.2p3.(4S*).7d""","=""5D*""","=""4""",,"=""T5713LS""","=""""",
O,2,"=""477.3782""","=""477.3773""","=""""","=""4""","=""""",,"=""246029.295""","=""266971.23""","=""2s2.2p2.(3P).4p""","=""4D*""","=""7/2""","=""2s2.2p2.(3P).6s""","=""4P""","=""5/2""",,"=""""","=""L10621""",
O,2,"=""477.4059""","=""477.4076""","=""""","=""3""","=""1.36e+05""",D,"=""211522.117""","=""232462.724""","=""2s2.2p2.(3P).3p""","=""2D*""","=""3/2""","=""2s2.2p2.(3P).3d""","=""4P""","=""5/2""",,"=""T6172""","=""L10621""",
O,4,"=""""","=""477.832""","=""""","=""""","=""3.17e+06""",B,"=""594538""","=""615460""","=""2p2.(3P).3s""","=""2P""","=""3/2""","=""2p2.(3P).3p""","=""2D*""","=""3/2""",,"=""T5109LS""","=""""",
O,3,"=""""","=""477.8429""","=""""","=""""","=""8.57e+03""",C,"=""273081.33""","=""294002.86""","=""2s2.2p.(2P*).3s""","=""1P*""","=""1""","=""2s2.2p.(2P*).3p""","=""3D""","=""2""",,"=""u24""","=""""",
O,4,"=""""","=""477.910""","=""""","=""""","=""2.45e+07""",B,"=""478848.6""","=""499767.2""","=""2s.2p.(3P*).3p""","=""4P""","=""1/2""","=""2s.2p.(3P*).3d""","=""4D*""","=""1/2""",,"=""T5109LS""","=""""",
O,4,"=""""","=""478.342""","=""""","=""""","=""2.06e+07""",B,"=""478942.9""","=""499842.6""","=""2s.2p.(3P*).3p""","=""4P""","=""3/2""","=""2s.2p.(3P*).3d""","=""4D*""","=""5/2""",,"=""T5109LS""","=""""",
O,4,"=""""","=""478.495""","=""""","=""""","=""1.90e+07""",B,"=""594538""","=""615431""","=""2p2.(3P).3s""","=""2P""","=""3/2""","=""2p2.(3P).3p""","=""2D*""","=""5/2""",,"=""T5109LS""","=""""",
O,4,"=""""","=""479.418""","=""""","=""""","=""1.56e+07""",B,"=""478942.9""","=""499795.7""","=""2s.2p.(3P*).3p""","=""4P""","=""3/2""","=""2s.2p.(3P*).3d""","=""4D*""","=""3/2""",,"=""T5109LS""","=""""",
O,4,"=""""","=""479.666""","=""""","=""""","=""3.90e+06""",B,"=""573696""","=""594538""","=""2s.2p.(3P*).4s""","=""2P*""","=""1/2""","=""2p2.(3P).3s""","=""2P""","=""3/2""",,"=""T5109LS""","=""""",
O,4,"=""""","=""479.728""","=""""","=""""","=""1.39e+05""",C+,"=""575819""","=""596658.3""","=""2s.2p.(1P*).3d""","=""2D*""","=""3/2""","=""2s.2p.(3P*).4f""","=""2D""","=""5/2""",,"=""T5109LS""","=""""",
O,4,"=""""","=""479.827""","=""""","=""""","=""2.91e+07""",B,"=""479072.0""","=""499907.0""","=""2s.2p.(3P*).3p""","=""4P""","=""5/2""","=""2s.2p.(3P*).3d""","=""4D*""","=""7/2""",,"=""T5109LS""","=""""",
O,3,"=""""","=""479.9754""","=""""","=""""","=""1.85e+06""",C+,"=""329469.80""","=""350298.38""","=""2s2.2p.(2P*).3d""","=""3P*""","=""2""","=""2s.2p2.(4P).3s""","=""3P""","=""2""",,"=""T5376LS""","=""""",
O,4,"=""""","=""480.074""","=""""","=""""","=""4.84e+06""",B,"=""478942.9""","=""499767.2""","=""2s.2p.(3P*).3p""","=""4P""","=""3/2""","=""2s.2p.(3P*).3d""","=""4D*""","=""1/2""",,"=""T5109LS""","=""""",
O,1,"=""""","=""480.1667""","=""""","=""""","=""2.62e+05""",C+,"=""86625.757""","=""107446.036""","=""2s2.2p3.(4S*).3p""","=""5P""","=""1""","=""2s2.2p3.(4S*).8s""","=""5S*""","=""2""",,"=""T5713LS""","=""""",
O,1,"=""""","=""480.2134""","=""""","=""""","=""4.37e+05""",C+,"=""86627.778""","=""107446.036""","=""2s2.2p3.(4S*).3p""","=""5P""","=""2""","=""2s2.2p3.(4S*).8s""","=""5S*""","=""2""",,"=""T5713LS""","=""""",
O,1,"=""""","=""480.2982""","=""""","=""""","=""6.11e+05""",C+,"=""86631.454""","=""107446.036""","=""2s2.2p3.(4S*).3p""","=""5P""","=""3""","=""2s2.2p3.(4S*).8s""","=""5S*""","=""2""",,"=""T5713LS""","=""""",
O,4,"=""""","=""480.512""","=""""","=""""","=""1.93e+06""",C+,"=""575853""","=""596658.3""","=""2s.2p.(1P*).3d""","=""2D*""","=""5/2""","=""2s.2p.(3P*).4f""","=""2D""","=""5/2""",,"=""T5109LS""","=""""",
O,3,"=""""","=""480.9781""","=""""","=""""","=""4.52e+05""",C,"=""273081.33""","=""293866.49""","=""2s2.2p.(2P*).3s""","=""1P*""","=""1""","=""2s2.2p.(2P*).3p""","=""3D""","=""1""",,"=""u24""","=""""",
O,4,"=""""","=""481.315""","=""""","=""""","=""8.65e+06""",B,"=""479072.0""","=""499842.6""","=""2s.2p.(3P*).3p""","=""4P""","=""5/2""","=""2s.2p.(3P*).3d""","=""4D*""","=""5/2""",,"=""T5109LS""","=""""",
O,4,"=""""","=""482.405""","=""""","=""""","=""1.43e+06""",B,"=""479072.0""","=""499795.7""","=""2s.2p.(3P*).3p""","=""4P""","=""5/2""","=""2s.2p.(3P*).3d""","=""4D*""","=""3/2""",,"=""T5109LS""","=""""",
O,3,"=""""","=""482.6190""","=""""","=""""","=""6.08e+05""",C+,"=""329583.89""","=""350298.38""","=""2s2.2p.(2P*).3d""","=""3P*""","=""1""","=""2s.2p2.(4P).3s""","=""3P""","=""2""",,"=""T5376LS""","=""""",
O,4,"=""""","=""483.681""","=""""","=""""","=""5.99e+06""",B,"=""518699""","=""539368""","=""2s.2p.(1P*).3s""","=""2P*""","=""1/2""","=""2s2.5s""","=""2S""","=""1/2""",,"=""T5109LS""","=""""",
O,4,"=""""","=""483.915""","=""""","=""""","=""1.20e+07""",B,"=""518709""","=""539368""","=""2s.2p.(1P*).3s""","=""2P*""","=""3/2""","=""2s2.5s""","=""2S""","=""1/2""",,"=""T5109LS""","=""""",
O,3,"=""""","=""484.0172""","=""""","=""""","=""1.00e+06""",C+,"=""329469.80""","=""350124.45""","=""2s2.2p.(2P*).3d""","=""3P*""","=""2""","=""2s.2p2.(4P).3s""","=""3P""","=""1""",,"=""T5376LS""","=""""",
O,4,"=""""","=""484.267""","=""""","=""""","=""1.52e+07""",B,"=""573696""","=""594340""","=""2s.2p.(3P*).4s""","=""2P*""","=""1/2""","=""2p2.(3P).3s""","=""2P""","=""1/2""",,"=""T5109LS""","=""""",
O,2,"=""484.3366""","=""484.3371""","=""""","=""8""","=""""",,"=""255622.80""","=""276263.81""","=""2s2.2p2.(1D).3d""","=""2S""","=""1/2""","=""2s2.2p2.(1D).4f P""","=""2[1]*""","=""3/2""",,"=""""","=""L10621""",
O,4,"=""""","=""484.431""","=""""","=""""","=""1.89e+07""",B,"=""573901""","=""594538""","=""2s.2p.(3P*).4s""","=""2P*""","=""3/2""","=""2p2.(3P).3s""","=""2P""","=""3/2""",,"=""T5109LS""","=""""",
O,2,"=""484.4913""","=""484.4919""","=""""","=""8""","=""1.02e+06""",D,"=""212161.881""","=""232796.298""","=""2s2.2p2.(3P).3p""","=""4S*""","=""3/2""","=""2s2.2p2.(3P).3d""","=""2F""","=""5/2""",,"=""T6172""","=""L10621""",
O,2,"=""485.6395""","=""485.6389""","=""""","=""11""","=""5.58e+06""",C,"=""212161.881""","=""232747.562""","=""2s2.2p2.(3P).3p""","=""4S*""","=""3/2""","=""2s2.2p2.(3P).3d""","=""4D""","=""5/2""",,"=""T6172""","=""L10621""",
O,2,"=""485.6758""","=""485.6762""","=""""","=""13""","=""1.00e+07""",C,"=""212161.881""","=""232745.981""","=""2s2.2p2.(3P).3p""","=""4S*""","=""3/2""","=""2s2.2p2.(3P).3d""","=""4D""","=""3/2""",,"=""T6172""","=""L10621""",
O,2,"=""486.0968""","=""486.0965""","=""""","=""12""","=""4.70e+07""",C,"=""232480.44""","=""253046.74""","=""2s2.2p2.(1D).3p""","=""2P*""","=""1/2""","=""2s2.2p2.(1D).3d""","=""2D""","=""3/2""",,"=""T5723LS""","=""L10621""",
O,2,"=""486.4879""","=""486.4878""","=""""","=""11""","=""8.07e+06""",C,"=""212161.881""","=""232711.642""","=""2s2.2p2.(3P).3p""","=""4S*""","=""3/2""","=""2s2.2p2.(3P).3d""","=""4D""","=""1/2""",,"=""T6172""","=""L10621""",
O,3,"=""""","=""486.7057""","=""""","=""""","=""5.93e+05""",C+,"=""329583.89""","=""350124.45""","=""2s2.2p.(2P*).3d""","=""3P*""","=""1""","=""2s.2p2.(4P).3s""","=""3P""","=""1""",,"=""T5376LS""","=""""",
O,2,"=""487.1520""","=""487.1523""","=""""","=""15""","=""5.60e+07""",C,"=""232527.09""","=""253048.82""","=""2s2.2p2.(1D).3p""","=""2P*""","=""3/2""","=""2s2.2p2.(1D).3d""","=""2D""","=""5/2""",,"=""T5723LS""","=""L10621""",
O,2,"=""487.2005""","=""487.2017""","=""""","=""6""","=""9.34e+06""",D,"=""232527.09""","=""253046.74""","=""2s2.2p2.(1D).3p""","=""2P*""","=""3/2""","=""2s2.2p2.(1D).3d""","=""2D""","=""3/2""",,"=""T5723LS""","=""L10621""",
O,3,"=""""","=""488.1614""","=""""","=""""","=""7.84e+05""",C+,"=""329645.14""","=""350124.45""","=""2s2.2p.(2P*).3d""","=""3P*""","=""0""","=""2s.2p2.(4P).3s""","=""3P""","=""1""",,"=""T5376LS""","=""""",
O,2,"=""489.0858""","=""489.0856""","=""""","=""15""","=""5.10e+07""",C+,"=""212161.881""","=""232602.492""","=""2s2.2p2.(3P).3p""","=""4S*""","=""3/2""","=""2s2.2p2.(3P).3d""","=""4P""","=""1/2""",,"=""T6172,T6632""","=""L10621""",
O,3,"=""""","=""489.0859""","=""""","=""""","=""2.34e+06""",C+,"=""329583.89""","=""350024.49""","=""2s2.2p.(2P*).3d""","=""3P*""","=""1""","=""2s.2p2.(4P).3s""","=""3P""","=""0""",,"=""T5376LS""","=""""",
O,4,"=""""","=""489.124""","=""""","=""""","=""7.36e+06""",B,"=""573901""","=""594340""","=""2s.2p.(3P*).4s""","=""2P*""","=""3/2""","=""2p2.(3P).3s""","=""2P""","=""1/2""",,"=""T5109LS""","=""""",
O,4,"=""""","=""490.227""","=""""","=""""","=""1.96e+07""",B,"=""616881""","=""637274""","=""2p2.(3P).3p""","=""4S*""","=""3/2""","=""2p2.(3P).3d""","=""4P""","=""1/2""",,"=""T5109LS""","=""""",
O,2,"=""490.6833""","=""490.6830""","=""""","=""19""","=""4.78e+07""",C+,"=""212161.881""","=""232535.949""","=""2s2.2p2.(3P).3p""","=""4S*""","=""3/2""","=""2s2.2p2.(3P).3d""","=""4P""","=""3/2""",,"=""T6172,T6632""","=""L10621""",
O,4,"=""""","=""491.722""","=""""","=""""","=""1.94e+07""",B,"=""616881""","=""637212""","=""2p2.(3P).3p""","=""4S*""","=""3/2""","=""2p2.(3P).3d""","=""4P""","=""3/2""",,"=""T5109LS""","=""""",
O,2,"=""492.4531""","=""492.4529""","=""""","=""21""","=""5.43e+07""",C+,"=""212161.881""","=""232462.724""","=""2s2.2p2.(3P).3p""","=""4S*""","=""3/2""","=""2s2.2p2.(3P).3d""","=""4P""","=""5/2""",,"=""T6172""","=""L10621""",
O,5,"=""493.027""","=""""","=""""","=""230w""","=""""",,"=""""","=""""","=""""","=""""","=""""","=""""","=""""","=""""",,"=""""","=""L552""",
O,3,"=""""","=""493.1227""","=""""","=""""","=""2.41e-06""",C+,"=""0.000""","=""20273.27""","=""2s2.2p2""","=""3P""","=""0""","=""2s2.2p2""","=""1D""","=""2""",E2,"=""T4010,T4899,T4026""","=""""",
O,2,"=""494.1069""","=""494.1072""","=""""","=""18""","=""6.04e+07""",B,"=""214169.920""","=""234402.797""","=""2s2.2p2.(3P).3p""","=""2P*""","=""1/2""","=""2s2.2p2.(3P).3d""","=""2D""","=""3/2""",,"=""T6172,T6632""","=""L10621""",
O,4,"=""""","=""494.129""","=""""","=""""","=""1.92e+07""",B,"=""616881""","=""637113""","=""2p2.(3P).3p""","=""4S*""","=""3/2""","=""2p2.(3P).3d""","=""4P""","=""5/2""",,"=""T5109LS""","=""""",
O,2,"=""494.2999""","=""494.3005""","=""""","=""20""","=""7.88e+07""",B,"=""214229.671""","=""234454.634""","=""2s2.2p2.(3P).3p""","=""2P*""","=""3/2""","=""2s2.2p2.(3P).3d""","=""2D""","=""5/2""",,"=""T6172,T6632""","=""L10621""",
O,2,"=""495.5705""","=""495.5707""","=""""","=""14""","=""1.81e+07""",B,"=""214229.671""","=""234402.797""","=""2s2.2p2.(3P).3p""","=""2P*""","=""3/2""","=""2s2.2p2.(3P).3d""","=""2D""","=""3/2""",,"=""T6172,T6632""","=""L10621""",
O,3,"=""""","=""495.8911""","=""""","=""""","=""6.21e-03""",B,"=""113.178""","=""20273.27""","=""2s2.2p2""","=""3P""","=""1""","=""2s2.2p2""","=""1D""","=""2""",M1,"=""T4010,T4899,T4026""","=""""",
O,3,"=""""","=""495.8911""","=""""","=""""","=""4.57e-06""",C+,"=""113.178""","=""20273.27""","=""2s2.2p2""","=""3P""","=""1""","=""2s2.2p2""","=""1D""","=""2""",E2,"=""T4899""","=""""",
O,1,"=""""","=""496.7376""","=""""","=""""","=""1.27e+06""",C+,"=""86625.757""","=""106751.494""","=""2s2.2p3.(4S*).3p""","=""5P""","=""1""","=""2s2.2p3.(4S*).6d""","=""5D*""","=""0""",,"=""T5713LS""","=""""",
O,1,"=""""","=""496.7378""","=""""","=""""","=""9.50e+05""",C+,"=""86625.757""","=""106751.487""","=""2s2.2p3.(4S*).3p""","=""5P""","=""1""","=""2s2.2p3.(4S*).6d""","=""5D*""","=""1""",,"=""T5713LS""","=""""",
O,1,"=""""","=""496.7381""","=""""","=""""","=""4.43e+05""",C+,"=""86625.757""","=""106751.474""","=""2s2.2p3.(4S*).3p""","=""5P""","=""1""","=""2s2.2p3.(4S*).6d""","=""5D*""","=""2""",,"=""T5713LS""","=""""",
O,1,"=""""","=""496.7877""","=""""","=""""","=""3.16e+05""",C+,"=""86627.778""","=""106751.487""","=""2s2.2p3.(4S*).3p""","=""5P""","=""2""","=""2s2.2p3.(4S*).6d""","=""5D*""","=""1""",,"=""T5713LS""","=""""",
O,1,"=""""","=""496.7880""","=""""","=""""","=""7.38e+05""",C+,"=""86627.778""","=""106751.474""","=""2s2.2p3.(4S*).3p""","=""5P""","=""2""","=""2s2.2p3.(4S*).6d""","=""5D*""","=""2""",,"=""T5713LS""","=""""",
O,1,"=""""","=""496.7884""","=""""","=""""","=""8.44e+05""",C+,"=""86627.778""","=""106751.458""","=""2s2.2p3.(4S*).3p""","=""5P""","=""2""","=""2s2.2p3.(4S*).6d""","=""5D*""","=""3""",,"=""T5713LS""","=""""",
O,1,"=""""","=""496.8788""","=""""","=""""","=""8.43e+04""",C,"=""86631.454""","=""106751.474""","=""2s2.2p3.(4S*).3p""","=""5P""","=""3""","=""2s2.2p3.(4S*).6d""","=""5D*""","=""2""",,"=""T5713LS""","=""""",
O,1,"=""""","=""496.8791""","=""""","=""""","=""4.22e+05""",C+,"=""86631.454""","=""106751.458""","=""2s2.2p3.(4S*).3p""","=""5P""","=""3""","=""2s2.2p3.(4S*).6d""","=""5D*""","=""3""",,"=""T5713LS""","=""""",
O,1,"=""""","=""496.8794""","=""""","=""""","=""1.27e+06""",C+,"=""86631.454""","=""106751.447""","=""2s2.2p3.(4S*).3p""","=""5P""","=""3""","=""2s2.2p3.(4S*).6d""","=""5D*""","=""4""",,"=""T5713LS""","=""""",
O,3,"=""""","=""500.6843""","=""""","=""""","=""1.81e-02""",B,"=""306.174""","=""20273.27""","=""2s2.2p2""","=""3P""","=""2""","=""2s2.2p2""","=""1D""","=""2""",M1,"=""T4010,T4899,T4026""","=""""",
O,3,"=""""","=""500.6843""","=""""","=""""","=""3.52e-05""",C+,"=""306.174""","=""20273.27""","=""2s2.2p2""","=""3P""","=""2""","=""2s2.2p2""","=""1D""","=""2""",E2,"=""T4899""","=""""",
O,2,"=""""","=""501.5339""","=""""","=""""","=""6.18e+04""",C,"=""212593.82""","=""232527.09""","=""2s.2p4""","=""2P""","=""3/2""","=""2s2.2p2.(1D).3p""","=""2P*""","=""3/2""",,"=""T6172""","=""""",
O,1,"=""""","=""501.8782""","=""""","=""""","=""4.28e+05""",C+,"=""86625.757""","=""106545.354""","=""2s2.2p3.(4S*).3p""","=""5P""","=""1""","=""2s2.2p3.(4S*).7s""","=""5S*""","=""2""",,"=""T5713LS""","=""""",
O,1,"=""""","=""501.9291""","=""""","=""""","=""7.13e+05""",C+,"=""86627.778""","=""106545.354""","=""2s2.2p3.(4S*).3p""","=""5P""","=""2""","=""2s2.2p3.(4S*).7s""","=""5S*""","=""2""",,"=""T5713LS""","=""""",
O,1,"=""""","=""502.0218""","=""""","=""""","=""9.98e+05""",C+,"=""86631.454""","=""106545.354""","=""2s2.2p3.(4S*).3p""","=""5P""","=""3""","=""2s2.2p3.(4S*).7s""","=""5S*""","=""2""",,"=""T5713LS""","=""""",
O,2,"=""504.1976""","=""504.1975""","=""""","=""2""","=""5.98e+04""",C,"=""211522.117""","=""231350.087""","=""2s2.2p2.(3P).3p""","=""2D*""","=""3/2""","=""2s2.2p2.(3P).3d""","=""4F""","=""5/2""",,"=""T6172""","=""L10621""",
O,3,"=""""","=""504.9870""","=""""","=""""","=""8.40e+06""",C+,"=""380717.92""","=""400514.89""","=""2s2.2p.(2P*).4d""","=""3P*""","=""1""","=""2s.2p2.(4P).3d""","=""3P""","=""0""",,"=""T5376LS""","=""""",
O,3,"=""""","=""506.0732""","=""""","=""""","=""3.48e+06""",C+,"=""380706.51""","=""400460.99""","=""2s2.2p.(2P*).4d""","=""3P*""","=""2""","=""2s.2p2.(4P).3d""","=""3P""","=""1""",,"=""T5376LS""","=""""",
O,3,"=""""","=""506.3657""","=""""","=""""","=""2.08e+06""",C+,"=""380717.92""","=""400460.99""","=""2s2.2p.(2P*).4d""","=""3P*""","=""1""","=""2s.2p2.(4P).3d""","=""3P""","=""1""",,"=""T5376LS""","=""""",
O,3,"=""""","=""506.8555""","=""""","=""""","=""2.77e+06""",C+,"=""380737.00""","=""400460.99""","=""2s2.2p.(2P*).4d""","=""3P*""","=""0""","=""2s.2p2.(4P).3d""","=""3P""","=""1""",,"=""T5376LS""","=""""",
O,2,"=""""","=""507.0046""","=""""","=""""","=""3.80e+04""",C,"=""212762.25""","=""232480.44""","=""2s.2p4""","=""2P""","=""1/2""","=""2s2.2p2.(1D).3p""","=""2P*""","=""1/2""",,"=""T6172""","=""""",
O,2,"=""507.0800""","=""507.0805""","=""""","=""3""","=""7.38e+04""",C,"=""211712.732""","=""231427.970""","=""2s2.2p2.(3P).3p""","=""2D*""","=""5/2""","=""2s2.2p2.(3P).3d""","=""4F""","=""7/2""",,"=""T6172""","=""L10621""",
O,3,"=""""","=""508.8922""","=""""","=""""","=""6.15e+06""",C+,"=""380706.51""","=""400351.56""","=""2s2.2p.(2P*).4d""","=""3P*""","=""2""","=""2s.2p2.(4P).3d""","=""3P""","=""2""",,"=""T5376LS""","=""""",
O,2,"=""509.0920""","=""509.0917""","=""""","=""2""","=""""",,"=""211712.732""","=""231350.087""","=""2s2.2p2.(3P).3p""","=""2D*""","=""5/2""","=""2s2.2p2.(3P).3d""","=""4F""","=""5/2""",,"=""""","=""L10621""",
O,3,"=""""","=""509.1880""","=""""","=""""","=""2.05e+06""",C+,"=""380717.92""","=""400351.56""","=""2s2.2p.(2P*).4d""","=""3P*""","=""1""","=""2s.2p2.(4P).3d""","=""3P""","=""2""",,"=""T5376LS""","=""""",
O,2,"=""511.0300""","=""511.0303""","=""""","=""6""","=""7.22e+05""",D,"=""233430.53""","=""252993.39""","=""2s2.2p2.(3P).3d""","=""2P""","=""3/2""","=""2s2.2p2.(1S).3p""","=""2P*""","=""3/2""",,"=""T5723LS""","=""L10621""",
O,2,"=""""","=""511.1913""","=""""","=""""","=""2.89e+05""",E,"=""233430.53""","=""252987.23""","=""2s2.2p2.(3P).3d""","=""2P""","=""3/2""","=""2s2.2p2.(1S).3p""","=""2P*""","=""1/2""",,"=""T5723LS""","=""""",
O,3,"=""""","=""511.218""","=""""","=""""","=""8.81e+04""",C,"=""374571.64""","=""394127.3""","=""2s.2p2.(4P).3p""","=""3D*""","=""1""","=""2s.2p2.(2D).3s""","=""3D""","=""2""",,"=""T5376LS""","=""""",
O,5,"=""""","=""511.4057""","=""""","=""""","=""1.80e+07""",B,"=""561276.4""","=""580824.9""","=""1s2.2s.3s""","=""1S""","=""0""","=""1s2.2s.3p""","=""1P*""","=""1""",,"=""T5633,T3843""","=""""",
O,3,"=""""","=""511.775""","=""""","=""""","=""6.53e+04""",C+,"=""374663.52""","=""394197.9""","=""2s.2p2.(4P).3p""","=""3D*""","=""2""","=""2s.2p2.(2D).3s""","=""3D""","=""3""",,"=""T5376LS""","=""""",
O,3,"=""""","=""512.474""","=""""","=""""","=""4.37e+05""",C+,"=""374571.64""","=""394079.4""","=""2s.2p2.(4P).3p""","=""3D*""","=""1""","=""2s.2p2.(2D).3s""","=""3D""","=""1""",,"=""T5376LS""","=""""",
O,1,"=""""","=""513.114""","=""""","=""""","=""7.48e+04""",C,"=""88630.587""","=""108114.0""","=""2s2.2p3.(4S*).3p""","=""3P""","=""1""","=""2s2.2p3.(4S*).8d""","=""3D*""","=""2""",,"=""T5713LS""","=""""",
O,1,"=""""","=""513.114""","=""""","=""""","=""4.16e+04""",C,"=""88630.587""","=""108114.0""","=""2s2.2p3.(4S*).3p""","=""3P""","=""1""","=""2s2.2p3.(4S*).8d""","=""3D*""","=""1""",,"=""T5713LS""","=""""",
O,1,"=""""","=""513.129""","=""""","=""""","=""9.98e+04""",C+,"=""88631.146""","=""108114.0""","=""2s2.2p3.(4S*).3p""","=""3P""","=""2""","=""2s2.2p3.(4S*).8d""","=""3D*""","=""3""",,"=""T5713LS""","=""""",
O,1,"=""""","=""513.129""","=""""","=""""","=""2.49e+04""",C,"=""88631.146""","=""108114.0""","=""2s2.2p3.(4S*).3p""","=""3P""","=""2""","=""2s2.2p3.(4S*).8d""","=""3D*""","=""2""",,"=""T5713LS""","=""""",
O,1,"=""""","=""513.129""","=""""","=""""","=""2.77e+03""",D,"=""88631.146""","=""108114.0""","=""2s2.2p3.(4S*).3p""","=""3P""","=""2""","=""2s2.2p3.(4S*).8d""","=""3D*""","=""1""",,"=""T5713LS""","=""""",
O,1,"=""""","=""513.133""","=""""","=""""","=""5.54e+04""",C,"=""88631.303""","=""108114.0""","=""2s2.2p3.(4S*).3p""","=""3P""","=""0""","=""2s2.2p3.(4S*).8d""","=""3D*""","=""1""",,"=""T5713LS""","=""""",
O,3,"=""""","=""513.632""","=""""","=""""","=""4.03e+05""",C+,"=""374663.52""","=""394127.3""","=""2s.2p2.(4P).3p""","=""3D*""","=""2""","=""2s.2p2.(2D).3s""","=""3D""","=""2""",,"=""T5376LS""","=""""",
O,2,"=""""","=""513.7959""","=""""","=""""","=""1.89e+04""",C,"=""188888.543""","=""208346.104""","=""2s2.2p2.(3P).3s""","=""2P""","=""1/2""","=""2s2.2p2.(3P).3p""","=""4P*""","=""1/2""",,"=""T6172""","=""""",
O,2,"=""""","=""514.0273""","=""""","=""""","=""1.42e+05""",E,"=""233544.59""","=""252993.39""","=""2s2.2p2.(3P).3d""","=""2P""","=""1/2""","=""2s2.2p2.(1S).3p""","=""2P*""","=""3/2""",,"=""T5723LS""","=""""",
O,2,"=""""","=""514.1902""","=""""","=""""","=""5.67e+05""",D,"=""233544.59""","=""252987.23""","=""2s2.2p2.(3P).3d""","=""2P""","=""1/2""","=""2s2.2p2.(1S).3p""","=""2P*""","=""1/2""",,"=""T5723LS""","=""""",
O,4,"=""""","=""514.339""","=""""","=""""","=""1.23e+07""",B,"=""554464""","=""573901""","=""2s.2p.(1P*).3p""","=""2S""","=""1/2""","=""2s.2p.(3P*).4s""","=""2P*""","=""3/2""",,"=""T5109LS""","=""""",
O,3,"=""""","=""514.899""","=""""","=""""","=""1.44e+05""",C,"=""374663.52""","=""394079.4""","=""2s.2p2.(4P).3p""","=""3D*""","=""2""","=""2s.2p2.(2D).3s""","=""3D""","=""1""",,"=""T5376LS""","=""""",
O,2,"=""""","=""514.9040""","=""""","=""""","=""1.13e+04""",C,"=""189068.514""","=""208484.202""","=""2s2.2p2.(3P).3s""","=""2P""","=""3/2""","=""2s2.2p2.(3P).3p""","=""4P*""","=""5/2""",,"=""T6172""","=""""",
O,3,"=""""","=""515.247""","=""""","=""""","=""5.10e+05""",C+,"=""374795.14""","=""394197.9""","=""2s.2p2.(4P).3p""","=""3D*""","=""3""","=""2s.2p2.(2D).3s""","=""3D""","=""3""",,"=""T5376LS""","=""""",
O,2,"=""515.9942""","=""515.9941""","=""""","=""15""","=""3.12e+07""",B,"=""214169.920""","=""233544.59""","=""2s2.2p2.(3P).3p""","=""2P*""","=""1/2""","=""2s2.2p2.(3P).3d""","=""2P""","=""1/2""",,"=""T6172,T6632""","=""L10621""",
O,3,"=""""","=""517.129""","=""""","=""""","=""8.86e+04""",C+,"=""374795.14""","=""394127.3""","=""2s.2p2.(4P).3p""","=""3D*""","=""3""","=""2s.2p2.(2D).3s""","=""3D""","=""2""",,"=""T5376LS""","=""""",
O,2,"=""517.5896""","=""517.5903""","=""""","=""12""","=""1.46e+07""",B,"=""214229.671""","=""233544.59""","=""2s2.2p2.(3P).3p""","=""2P*""","=""3/2""","=""2s2.2p2.(3P).3d""","=""2P""","=""1/2""",,"=""T6172,T6632""","=""L10621""",
O,2,"=""""","=""518.5926""","=""""","=""""","=""4.23e+04""",C,"=""189068.514""","=""208346.104""","=""2s2.2p2.(3P).3s""","=""2P""","=""3/2""","=""2s2.2p2.(3P).3p""","=""4P*""","=""1/2""",,"=""T6172""","=""""",
O,2,"=""519.0496""","=""519.0498""","=""""","=""14""","=""1.18e+07""",B,"=""214169.920""","=""233430.53""","=""2s2.2p2.(3P).3p""","=""2P*""","=""1/2""","=""2s2.2p2.(3P).3d""","=""2P""","=""3/2""",,"=""T6172,T6632""","=""L10621""",
O,4,"=""""","=""519.822""","=""""","=""""","=""1.19e+07""",B,"=""554464""","=""573696""","=""2s.2p.(1P*).3p""","=""2S""","=""1/2""","=""2s.2p.(3P*).4s""","=""2P*""","=""1/2""",,"=""T5109LS""","=""""",
O,2,"=""520.6650""","=""520.6651""","=""""","=""20""","=""3.33e+07""",B,"=""214229.671""","=""233430.53""","=""2s2.2p2.(3P).3p""","=""2P*""","=""3/2""","=""2s2.2p2.(3P).3d""","=""2P""","=""3/2""",,"=""T6172,T6632""","=""L10621""",
O,3,"=""""","=""526.8301""","=""""","=""""","=""3.50e+07""",B,"=""313802.77""","=""332778.94""","=""2s2.2p.(2P*).3p""","=""1S""","=""0""","=""2s2.2p.(2P*).3d""","=""1P*""","=""1""",,"=""T5376,T5791""","=""""",
O,1,"=""""","=""527.4967""","=""""","=""""","=""1.32e+05""",C+,"=""88630.587""","=""107582.777""","=""2s2.2p3.(4S*).3p""","=""3P""","=""1""","=""2s2.2p3.(4S*).7d""","=""3D*""","=""2""",,"=""T5713LS""","=""""",
O,1,"=""""","=""527.4967""","=""""","=""""","=""7.34e+04""",C,"=""88630.587""","=""107582.777""","=""2s2.2p3.(4S*).3p""","=""3P""","=""1""","=""2s2.2p3.(4S*).7d""","=""3D*""","=""1""",,"=""T5713LS""","=""""",
O,1,"=""""","=""527.5123""","=""""","=""""","=""1.76e+05""",C+,"=""88631.146""","=""107582.777""","=""2s2.2p3.(4S*).3p""","=""3P""","=""2""","=""2s2.2p3.(4S*).7d""","=""3D*""","=""3""",,"=""T5713LS""","=""""",
O,1,"=""""","=""527.5123""","=""""","=""""","=""4.40e+04""",C,"=""88631.146""","=""107582.777""","=""2s2.2p3.(4S*).3p""","=""3P""","=""2""","=""2s2.2p3.(4S*).7d""","=""3D*""","=""2""",,"=""T5713LS""","=""""",
O,1,"=""""","=""527.5123""","=""""","=""""","=""4.89e+03""",D,"=""88631.146""","=""107582.777""","=""2s2.2p3.(4S*).3p""","=""3P""","=""2""","=""2s2.2p3.(4S*).7d""","=""3D*""","=""1""",,"=""T5713LS""","=""""",
O,1,"=""""","=""527.5166""","=""""","=""""","=""9.78e+04""",C,"=""88631.303""","=""107582.777""","=""2s2.2p3.(4S*).3p""","=""3P""","=""0""","=""2s2.2p3.(4S*).7d""","=""3D*""","=""1""",,"=""T5713LS""","=""""",
O,4,"=""""","=""529.001""","=""""","=""""","=""4.55e+05""",B,"=""482666.1""","=""501564.4""","=""2s.2p.(3P*).3p""","=""2D""","=""3/2""","=""2s.2p.(3P*).3d""","=""2D*""","=""5/2""",,"=""T5109LS""","=""""",
O,1,"=""""","=""529.8887""","=""""","=""""","=""3.58e+05""",C+,"=""88630.587""","=""107497.224""","=""2s2.2p3.(4S*).3p""","=""3P""","=""1""","=""2s2.2p3.(4S*).8s""","=""3S*""","=""1""",,"=""T5713LS""","=""""",
O,1,"=""""","=""529.9044""","=""""","=""""","=""5.96e+05""",C+,"=""88631.146""","=""107497.224""","=""2s2.2p3.(4S*).3p""","=""3P""","=""2""","=""2s2.2p3.(4S*).8s""","=""3S*""","=""1""",,"=""T5713LS""","=""""",
O,1,"=""""","=""529.9088""","=""""","=""""","=""1.19e+05""",C,"=""88631.303""","=""107497.224""","=""2s2.2p3.(4S*).3p""","=""3P""","=""0""","=""2s2.2p3.(4S*).8s""","=""3S*""","=""1""",,"=""T5713LS""","=""""",
O,4,"=""""","=""530.551""","=""""","=""""","=""6.10e+06""",B,"=""482666.1""","=""501509.2""","=""2s.2p.(3P*).3p""","=""2D""","=""3/2""","=""2s.2p.(3P*).3d""","=""2D*""","=""3/2""",,"=""T5109LS""","=""""",
O,2,"=""532.2525""","=""532.2502""","=""""","=""2""","=""""",,"=""248515.30""","=""267298.23""","=""2s2.2p2.(3P).4p""","=""2P*""","=""3/2""","=""2s2.2p2.(3P).6s""","=""2P""","=""3/2""",,"=""""","=""L10621""",
O,1,"=""532.910""","=""532.9096""","=""""","=""135*""","=""2.71e+06""",C+,"=""86625.757""","=""105385.449""","=""2s2.2p3.(4S*).3p""","=""5P""","=""1""","=""2s2.2p3.(4S*).5d""","=""5D*""","=""0""",,"=""T5713LS""","=""L3760""",
O,1,"=""532.910""","=""532.9099""","=""""","=""135*""","=""2.03e+06""",C+,"=""86625.757""","=""105385.436""","=""2s2.2p3.(4S*).3p""","=""5P""","=""1""","=""2s2.2p3.(4S*).5d""","=""5D*""","=""1""",,"=""T5713LS""","=""L3760""",
O,1,"=""""","=""532.9107""","=""""","=""""","=""9.48e+05""",C+,"=""86625.757""","=""105385.409""","=""2s2.2p3.(4S*).3p""","=""5P""","=""1""","=""2s2.2p3.(4S*).5d""","=""5D*""","=""2""",,"=""T5713LS""","=""""",
O,1,"=""""","=""532.9673""","=""""","=""""","=""6.77e+05""",C+,"=""86627.778""","=""105385.436""","=""2s2.2p3.(4S*).3p""","=""5P""","=""2""","=""2s2.2p3.(4S*).5d""","=""5D*""","=""1""",,"=""T5713LS""","=""""",
O,1,"=""532.968""","=""532.9681""","=""""","=""160""","=""1.58e+06""",C+,"=""86627.778""","=""105385.409""","=""2s2.2p3.(4S*).3p""","=""5P""","=""2""","=""2s2.2p3.(4S*).5d""","=""5D*""","=""2""",,"=""T5713LS""","=""L3760""",
O,1,"=""""","=""532.9690""","=""""","=""""","=""1.81e+06""",C+,"=""86627.778""","=""105385.377""","=""2s2.2p3.(4S*).3p""","=""5P""","=""2""","=""2s2.2p3.(4S*).5d""","=""5D*""","=""3""",,"=""T5713LS""","=""""",
O,1,"=""""","=""533.0726""","=""""","=""""","=""1.80e+05""",C+,"=""86631.454""","=""105385.409""","=""2s2.2p3.(4S*).3p""","=""5P""","=""3""","=""2s2.2p3.(4S*).5d""","=""5D*""","=""2""",,"=""T5713LS""","=""""",
O,1,"=""""","=""533.0735""","=""""","=""""","=""9.02e+05""",C+,"=""86631.454""","=""105385.377""","=""2s2.2p3.(4S*).3p""","=""5P""","=""3""","=""2s2.2p3.(4S*).5d""","=""5D*""","=""3""",,"=""T5713LS""","=""""",
O,1,"=""533.074""","=""533.0741""","=""""","=""190""","=""2.71e+06""",C+,"=""86631.454""","=""105385.354""","=""2s2.2p3.(4S*).3p""","=""5P""","=""3""","=""2s2.2p3.(4S*).5d""","=""5D*""","=""4""",,"=""T5713LS""","=""L3760""",
O,5,"=""""","=""533.994""","=""""","=""""","=""1.85e+06""",B,"=""689403.5""","=""708125.1""","=""1s2.2p.(2P*<1/2>).3p""","=""3P""","=""0""","=""1s2.2p.(2P*<3/2>).3d""","=""3P*""","=""1""",,"=""T3843n""","=""""",
O,2,"=""534.4104""","=""534.4104""","=""""","=""2""","=""1.46e+04""",C,"=""185235.281""","=""203942.288""","=""2s2.2p2.(3P).3s""","=""4P""","=""1/2""","=""2s2.2p2.(3P).3p""","=""2S*""","=""1/2""",,"=""T6172""","=""L10621""",
O,5,"=""""","=""534.974""","=""""","=""""","=""7.04e+06""",B,"=""689517.7""","=""708205.0""","=""1s2.2p.(2P*<3/2>).3p""","=""3P""","=""1""","=""1s2.2p.(2P*<3/2>).3d""","=""3P*""","=""0""",,"=""T3843n""","=""""",
O,4,"=""""","=""536.251""","=""""","=""""","=""6.12e+06""",B,"=""482921.6""","=""501564.4""","=""2s.2p.(3P*).3p""","=""2D""","=""5/2""","=""2s.2p.(3P*).3d""","=""2D*""","=""5/2""",,"=""T5109LS""","=""""",
O,5,"=""""","=""537.271""","=""""","=""""","=""1.42e+06""",C+,"=""689517.7""","=""708125.1""","=""1s2.2p.(2P*<3/2>).3p""","=""3P""","=""1""","=""1s2.2p.(2P*<3/2>).3d""","=""3P*""","=""1""",,"=""T5633LS""","=""""",
O,2,"=""537.4351""","=""537.4355""","=""""","=""6""","=""4.15e+04""",C,"=""185340.577""","=""203942.288""","=""2s2.2p2.(3P).3s""","=""4P""","=""3/2""","=""2s2.2p2.(3P).3p""","=""2S*""","=""1/2""",,"=""T6172""","=""L10621""",
O,2,"=""537.7568""","=""537.7569""","=""""","=""5""","=""9.68e+04""",E,"=""234402.797""","=""252993.39""","=""2s2.2p2.(3P).3d""","=""2D""","=""3/2""","=""2s2.2p2.(1S).3p""","=""2P*""","=""3/2""",,"=""T5723LS""","=""L10621""",
O,4,"=""""","=""537.844""","=""""","=""""","=""6.50e+05""",B,"=""482921.6""","=""501509.2""","=""2s.2p.(3P*).3p""","=""2D""","=""5/2""","=""2s.2p.(3P*).3d""","=""2D*""","=""3/2""",,"=""T5109LS""","=""""",
O,2,"=""537.9352""","=""537.9352""","=""""","=""7""","=""9.67e+05""",D,"=""234402.797""","=""252987.23""","=""2s2.2p2.(3P).3d""","=""2D""","=""3/2""","=""2s2.2p2.(1S).3p""","=""2P*""","=""1/2""",,"=""T5723LS""","=""L10621""",
O,2,"=""538.1772""","=""538.1776""","=""""","=""1""","=""7.55e+03""",C,"=""214169.920""","=""232745.981""","=""2s2.2p2.(3P).3p""","=""2P*""","=""1/2""","=""2s2.2p2.(3P).3d""","=""4D""","=""3/2""",,"=""T6172""","=""L10621""",
O,2,"=""""","=""538.4511""","=""""","=""""","=""5.93e+04""",C,"=""214229.671""","=""232796.298""","=""2s2.2p2.(3P).3p""","=""2P*""","=""3/2""","=""2s2.2p2.(3P).3d""","=""2F""","=""5/2""",,"=""T6172""","=""""",
O,2,"=""""","=""539.1743""","=""""","=""""","=""6.59e+04""",C,"=""214169.920""","=""232711.642""","=""2s2.2p2.(3P).3p""","=""2P*""","=""1/2""","=""2s2.2p2.(3P).3d""","=""4D""","=""1/2""",,"=""T6172""","=""""",
O,2,"=""539.2611""","=""539.2606""","=""""","=""10""","=""8.64e+05""",D,"=""234454.634""","=""252993.39""","=""2s2.2p2.(3P).3d""","=""2D""","=""5/2""","=""2s2.2p2.(1S).3p""","=""2P*""","=""3/2""",,"=""T5723LS""","=""L10621""",
O,2,"=""""","=""539.8300""","=""""","=""""","=""""",,"=""195710.47""","=""214229.671""","=""2s.2p4""","=""2S""","=""1/2""","=""2s2.2p2.(3P).3p""","=""2P*""","=""3/2""",,"=""""","=""L11267""",
O,2,"=""""","=""539.8682""","=""""","=""""","=""2.49e+04""",C,"=""214229.671""","=""232747.562""","=""2s2.2p2.(3P).3p""","=""2P*""","=""3/2""","=""2s2.2p2.(3P).3d""","=""4D""","=""5/2""",,"=""T6172""","=""""",
O,2,"=""""","=""539.9143""","=""""","=""""","=""4.06e+04""",C,"=""214229.671""","=""232745.981""","=""2s2.2p2.(3P).3p""","=""2P*""","=""3/2""","=""2s2.2p2.(3P).3d""","=""4D""","=""3/2""",,"=""T6172""","=""""",
O,2,"=""540.9203""","=""540.9175""","=""""","=""1""","=""3.10e+04""",C,"=""214229.671""","=""232711.642""","=""2s2.2p2.(3P).3p""","=""2P*""","=""3/2""","=""2s2.2p2.(3P).3d""","=""4D""","=""1/2""",,"=""T6172""","=""L10621""",
O,5,"=""""","=""541.459""","=""""","=""""","=""9.29e+05""",C+,"=""689517.7""","=""707981.2""","=""1s2.2p.(2P*<3/2>).3p""","=""3P""","=""1""","=""1s2.2p.(2P*<3/2>).3d""","=""3P*""","=""2""",,"=""T3843n""","=""""",
O,2,"=""541.5772""","=""541.5774""","=""""","=""5""","=""""",,"=""195710.47""","=""214169.920""","=""2s.2p4""","=""2S""","=""1/2""","=""2s2.2p2.(3P).3p""","=""2P*""","=""1/2""",,"=""""","=""L10621""",
O,2,"=""542.3639""","=""542.3671""","=""""","=""1""","=""2.81e+04""",C,"=""214169.920""","=""232602.492""","=""2s2.2p2.(3P).3p""","=""2P*""","=""1/2""","=""2s2.2p2.(3P).3d""","=""4P""","=""1/2""",,"=""T6172""","=""L10621""",
O,4,"=""""","=""542.590""","=""""","=""""","=""5.18e+07""",B,"=""575202""","=""593627""","=""2s.2p.(3P*).4p""","=""2P""","=""1/2""","=""2s.2p.(3P*).4d""","=""2D*""","=""3/2""",,"=""T5109LS""","=""""",
O,5,"=""""","=""542.838""","=""""","=""""","=""2.68e+06""",B,"=""689708.5""","=""708125.1""","=""1s2.2p.(2P*<3/2>).3p""","=""3P""","=""2""","=""1s2.2p.(2P*<3/2>).3d""","=""3P*""","=""1""",,"=""T3843n""","=""""",
O,1,"=""543.518""","=""543.5178""","=""""","=""90""","=""7.74e+05""",C+,"=""86625.757""","=""105019.307""","=""2s2.2p3.(4S*).3p""","=""5P""","=""1""","=""2s2.2p3.(4S*).6s""","=""5S*""","=""2""",,"=""T5713LS""","=""L3760""",
O,1,"=""543.578""","=""543.5775""","=""""","=""110""","=""1.29e+06""",C+,"=""86627.778""","=""105019.307""","=""2s2.2p3.(4S*).3p""","=""5P""","=""2""","=""2s2.2p3.(4S*).6s""","=""5S*""","=""2""",,"=""T5713LS""","=""L3760""",
O,1,"=""543.686""","=""543.6862""","=""""","=""135""","=""1.80e+06""",C+,"=""86631.454""","=""105019.307""","=""2s2.2p3.(4S*).3p""","=""5P""","=""3""","=""2s2.2p3.(4S*).6s""","=""5S*""","=""2""",,"=""T5713LS""","=""L3760""",
O,4,"=""""","=""545.313""","=""""","=""""","=""6.12e+07""",B,"=""575375""","=""593708""","=""2s.2p.(3P*).4p""","=""2P""","=""3/2""","=""2s.2p.(3P*).4d""","=""2D*""","=""5/2""",,"=""T5109LS""","=""""",
O,2,"=""546.1040""","=""546.1089""","=""""","=""2""","=""6.53e+04""",C,"=""214229.671""","=""232535.949""","=""2s2.2p2.(3P).3p""","=""2P*""","=""3/2""","=""2s2.2p2.(3P).3d""","=""4P""","=""3/2""",,"=""T6172""","=""L10621""",
O,5,"=""""","=""547.112""","=""""","=""""","=""4.86e+06""",B,"=""689708.5""","=""707981.2""","=""1s2.2p.(2P*<3/2>).3p""","=""3P""","=""2""","=""1s2.2p.(2P*<3/2>).3d""","=""3P*""","=""2""",,"=""T3843n""","=""""",
O,5,"=""""","=""547.526""","=""""","=""""","=""1.10e-07""",D,"=""213462.5""","=""231721.4""","=""1s2.2p2""","=""3P""","=""0""","=""1s2.2p2""","=""1D""","=""2""",E2,"=""T4586""","=""""",
O,4,"=""""","=""547.733""","=""""","=""""","=""1.01e+07""",B,"=""575375""","=""593627""","=""2s.2p.(3P*).4p""","=""2P""","=""3/2""","=""2s.2p.(3P*).4d""","=""2D*""","=""3/2""",,"=""T5109LS""","=""""",
O,2,"=""""","=""548.3022""","=""""","=""""","=""2.12e+04""",C,"=""214229.671""","=""232462.724""","=""2s2.2p2.(3P).3p""","=""2P*""","=""3/2""","=""2s2.2p2.(3P).3d""","=""4P""","=""5/2""",,"=""T6172""","=""""",
O,4,"=""""","=""548.665""","=""""","=""""","=""6.30e+06""",C+,"=""575853""","=""594074""","=""2s.2p.(1P*).3d""","=""2D*""","=""5/2""","=""2s.2p.(3P*).4f""","=""2F""","=""7/2""",,"=""T5109LS""","=""""",
O,4,"=""""","=""549.298""","=""""","=""""","=""5.86e+06""",C+,"=""575819""","=""594019""","=""2s.2p.(1P*).3d""","=""2D*""","=""3/2""","=""2s.2p.(3P*).4f""","=""2F""","=""5/2""",,"=""T5109LS""","=""""",
O,4,"=""""","=""550.326""","=""""","=""""","=""4.16e+05""",C+,"=""575853""","=""594019""","=""2s.2p.(1P*).3d""","=""2D*""","=""5/2""","=""2s.2p.(3P*).4f""","=""2F""","=""5/2""",,"=""T5109LS""","=""""",
O,3,"=""""","=""550.8242""","=""""","=""""","=""1.06e+07""",B,"=""306586.08""","=""324735.65""","=""2s2.2p.(2P*).3p""","=""1D""","=""2""","=""2s2.2p.(2P*).3d""","=""1D*""","=""2""",,"=""T5376,T5791""","=""""",
O,1,"=""""","=""551.2602""","=""""","=""""","=""2.69e+05""",C+,"=""88630.587""","=""106765.803""","=""2s2.2p3.(4S*).3p""","=""3P""","=""1""","=""2s2.2p3.(4S*).6d""","=""3D*""","=""2""",,"=""T5713LS""","=""""",
O,1,"=""""","=""551.2602""","=""""","=""""","=""1.49e+05""",C+,"=""88630.587""","=""106765.803""","=""2s2.2p3.(4S*).3p""","=""3P""","=""1""","=""2s2.2p3.(4S*).6d""","=""3D*""","=""1""",,"=""T5713LS""","=""""",
O,1,"=""""","=""551.2772""","=""""","=""""","=""8.95e+04""",C+,"=""88631.146""","=""106765.803""","=""2s2.2p3.(4S*).3p""","=""3P""","=""2""","=""2s2.2p3.(4S*).6d""","=""3D*""","=""2""",,"=""T5713LS""","=""""",
O,1,"=""""","=""551.2772""","=""""","=""""","=""9.95e+03""",D,"=""88631.146""","=""106765.803""","=""2s2.2p3.(4S*).3p""","=""3P""","=""2""","=""2s2.2p3.(4S*).6d""","=""3D*""","=""1""",,"=""T5713LS""","=""""",
O,1,"=""""","=""551.2772""","=""""","=""""","=""3.58e+05""",C+,"=""88631.146""","=""106765.803""","=""2s2.2p3.(4S*).3p""","=""3P""","=""2""","=""2s2.2p3.(4S*).6d""","=""3D*""","=""3""",,"=""T5713LS""","=""""",
O,1,"=""""","=""551.2820""","=""""","=""""","=""1.99e+05""",C+,"=""88631.303""","=""106765.803""","=""2s2.2p3.(4S*).3p""","=""3P""","=""0""","=""2s2.2p3.(4S*).6d""","=""3D*""","=""1""",,"=""T5713LS""","=""""",
O,5,"=""""","=""552.235""","=""""","=""""","=""1.21e-02""",C,"=""213618.2""","=""231721.4""","=""1s2.2p2""","=""3P""","=""1""","=""1s2.2p2""","=""1D""","=""2""",M1,"=""T4492""","=""""",
O,5,"=""""","=""552.235""","=""""","=""""","=""4.56e-06""",D,"=""213618.2""","=""231721.4""","=""1s2.2p2""","=""3P""","=""1""","=""1s2.2p2""","=""1D""","=""2""",E2,"=""T4586""","=""""",
O,1,"=""""","=""555.4832""","=""""","=""""","=""5.83e+05""",C+,"=""88630.587""","=""106627.934""","=""2s2.2p3.(4S*).3p""","=""3P""","=""1""","=""2s2.2p3.(4S*).7s""","=""3S*""","=""1""",,"=""T5713LS""","=""""",
O,1,"=""""","=""555.5004""","=""""","=""""","=""9.71e+05""",C+,"=""88631.146""","=""106627.934""","=""2s2.2p3.(4S*).3p""","=""3P""","=""2""","=""2s2.2p3.(4S*).7s""","=""3S*""","=""1""",,"=""T5713LS""","=""""",
O,1,"=""""","=""555.5053""","=""""","=""""","=""1.94e+05""",C+,"=""88631.303""","=""106627.934""","=""2s2.2p3.(4S*).3p""","=""3P""","=""0""","=""2s2.2p3.(4S*).7s""","=""3S*""","=""1""",,"=""T5713LS""","=""""",
O,5,"=""""","=""557.181""","=""""","=""""","=""8.33e+06""",B,"=""582806.4""","=""600748.9""","=""1s2.2s.3p""","=""3P*""","=""0""","=""1s2.2s.3d""","=""3D""","=""1""",,"=""T3843n""","=""""",
O,1,"=""557.734""","=""557.7339""","=""""","=""120""","=""1.26e+00""",B+,"=""15867.862""","=""33792.583""","=""2s2.2p4""","=""1D""","=""2""","=""2s2.2p4""","=""1S""","=""0""",E2,"=""T4539,T5081""","=""L3760""",
O,5,"=""""","=""558.012""","=""""","=""""","=""1.11e+07""",B,"=""582843.1""","=""600758.9""","=""1s2.2s.3p""","=""3P*""","=""1""","=""1s2.2s.3d""","=""3D""","=""2""",,"=""T3843n""","=""""",
O,5,"=""""","=""558.323""","=""""","=""""","=""6.20e+06""",B,"=""582843.1""","=""600748.9""","=""1s2.2s.3p""","=""3P*""","=""1""","=""1s2.2s.3d""","=""3D""","=""1""",,"=""T3843n""","=""""",
O,2,"=""558.3232""","=""558.3217""","=""""","=""10""","=""2.17e+06""",D,"=""230609.45""","=""248515.30""","=""2s2.2p2.(1S).3s""","=""2S""","=""1/2""","=""2s2.2p2.(3P).4p""","=""2P*""","=""3/2""",,"=""T5723LS""","=""L10621""",
O,3,"=""559.237""","=""559.2252""","=""""","=""110""","=""3.27e+07""",B,"=""273081.33""","=""290958.25""","=""2s2.2p.(2P*).3s""","=""1P*""","=""1""","=""2s2.2p.(2P*).3p""","=""1P""","=""1""",,"=""T5376,T5791,u24""","=""L3492""",
O,5,"=""559.791""","=""559.789""","=""""","=""130""","=""1.48e+07""",B,"=""582920.3""","=""600779.2""","=""1s2.2s.3p""","=""3P*""","=""2""","=""1s2.2s.3d""","=""3D""","=""3""",,"=""T3843n""","=""L552""",
O,5,"=""""","=""560.427""","=""""","=""""","=""3.68e+06""",B,"=""582920.3""","=""600758.9""","=""1s2.2s.3p""","=""3P*""","=""2""","=""1s2.2s.3d""","=""3D""","=""2""",,"=""T3843n""","=""""",
O,5,"=""""","=""560.559""","=""""","=""""","=""3.86e-02""",C,"=""213887.0""","=""231721.4""","=""1s2.2p2""","=""3P""","=""2""","=""1s2.2p2""","=""1D""","=""2""",M1,"=""T4492""","=""""",
O,5,"=""""","=""560.559""","=""""","=""""","=""2.94e-05""",D+,"=""213887.0""","=""231721.4""","=""1s2.2p2""","=""3P""","=""2""","=""1s2.2p2""","=""1D""","=""2""",E2,"=""T4586""","=""""",
O,5,"=""""","=""560.741""","=""""","=""""","=""4.08e+05""",B,"=""582920.3""","=""600748.9""","=""1s2.2s.3p""","=""3P*""","=""2""","=""1s2.2s.3d""","=""3D""","=""1""",,"=""T3843n""","=""""",
O,2,"=""561.1061""","=""561.1072""","=""""","=""5""","=""2.14e+06""",D,"=""230609.45""","=""248426.41""","=""2s2.2p2.(1S).3s""","=""2S""","=""1/2""","=""2s2.2p2.(3P).4p""","=""2P*""","=""1/2""",,"=""T5723LS""","=""L10621""",
O,2,"=""561.3472""","=""561.3469""","=""""","=""6""","=""""",,"=""189068.514""","=""206877.865""","=""2s2.2p2.(3P).3s""","=""2P""","=""3/2""","=""2s2.2p2.(3P).3p""","=""4D*""","=""5/2""",,"=""""","=""L10621""",
O,2,"=""575.3917""","=""575.3926""","=""""","=""5""","=""1.27e+05""",C+,"=""212593.82""","=""229968.44""","=""2s.2p4""","=""2P""","=""3/2""","=""2s2.2p2.(1D).3p""","=""2D*""","=""3/2""",,"=""T6172n""","=""L10621""",
O,4,"=""""","=""575.489""","=""""","=""""","=""2.29e+05""",B,"=""482666.1""","=""500037.8""","=""2s.2p.(3P*).3p""","=""2D""","=""3/2""","=""2s2.4p""","=""2P*""","=""3/2""",,"=""T5109LS""","=""""",
O,2,"=""576.1008""","=""576.1012""","=""""","=""11""","=""6.39e+05""",C+,"=""212593.82""","=""229947.07""","=""2s.2p4""","=""2P""","=""3/2""","=""2s2.2p2.(1D).3p""","=""2D*""","=""5/2""",,"=""T6172n""","=""L10621""",
O,4,"=""""","=""576.914""","=""""","=""""","=""2.28e+06""",B,"=""482666.1""","=""499994.9""","=""2s.2p.(3P*).3p""","=""2D""","=""3/2""","=""2s2.4p""","=""2P*""","=""1/2""",,"=""T5109LS""","=""""",
O,2,"=""578.3788""","=""578.3789""","=""""","=""3w*""","=""""",,"=""238627.46""","=""255912.37""","=""2s2.2p2.(3P).4s""","=""4P""","=""1/2""","=""2s2.2p2.(3P).4f D""","=""2[1]*""","=""1/2""",,"=""""","=""L10621""",
O,2,"=""578.3788""","=""578.3806""","=""""","=""3w*""","=""""",,"=""238627.46""","=""255912.32""","=""2s2.2p2.(3P).4s""","=""4P""","=""1/2""","=""2s2.2p2.(3P).4f D""","=""2[1]*""","=""3/2""",,"=""""","=""L10621""",
O,2,"=""581.0243""","=""581.0251""","=""""","=""9""","=""5.24e+05""",C+,"=""212762.25""","=""229968.44""","=""2s.2p4""","=""2P""","=""1/2""","=""2s2.2p2.(1D).3p""","=""2D*""","=""3/2""",,"=""T6172n""","=""L10621""",
O,4,"=""""","=""583.371""","=""""","=""""","=""1.32e+05""",B,"=""615460""","=""632597""","=""2p2.(3P).3p""","=""2D*""","=""3/2""","=""2p2.(3P).3d""","=""2P""","=""1/2""",,"=""T5109LS""","=""""",
O,4,"=""""","=""584.080""","=""""","=""""","=""1.97e+06""",B,"=""482921.6""","=""500037.8""","=""2s.2p.(3P*).3p""","=""2D""","=""5/2""","=""2s2.4p""","=""2P*""","=""3/2""",,"=""T5109LS""","=""""",
O,2,"=""584.6232""","=""584.6230""","=""""","=""11""","=""""",,"=""261044.03""","=""278144.33?""","=""2s2.2p2.(3P).5p""","=""4D*""","=""5/2""","=""2s2.2p2.(1D).5s""","=""2D""","=""3/2""",,"=""""","=""L10621""",
O,4,"=""""","=""588.245""","=""""","=""""","=""1.16e+05""",B,"=""615431""","=""632426""","=""2p2.(3P).3p""","=""2D*""","=""5/2""","=""2p2.(3P).3d""","=""2P""","=""3/2""",,"=""T5109LS""","=""""",
O,4,"=""""","=""589.251""","=""""","=""""","=""1.28e+04""",C+,"=""615460""","=""632426""","=""2p2.(3P).3p""","=""2D*""","=""3/2""","=""2p2.(3P).3d""","=""2P""","=""3/2""",,"=""T5109LS""","=""""",
O,2,"=""590.3078""","=""590.3079""","=""""","=""4""","=""""",,"=""238893.96""","=""255829.58""","=""2s2.2p2.(3P).4s""","=""4P""","=""5/2""","=""2s2.2p2.(3P).4f G""","=""2[4]*""","=""7/2""",,"=""""","=""L10621""",
O,3,"=""""","=""594.637""","=""""","=""""","=""1.80e+04""",C,"=""377385.58""","=""394197.9""","=""2s2.2p.(2P*).4d""","=""3F*""","=""2""","=""2s.2p2.(2D).3s""","=""3D""","=""3""",,"=""T5376LS""","=""""",
O,1,"=""595.839""","=""595.8386""","=""""","=""160*""","=""3.78e+05""",C+,"=""88630.587""","=""105409.008""","=""2s2.2p3.(4S*).3p""","=""3P""","=""1""","=""2s2.2p3.(4S*).5d""","=""3D*""","=""1""",,"=""T5713LS""","=""L3760""",
O,1,"=""595.839""","=""595.8386""","=""""","=""160*""","=""6.80e+05""",C+,"=""88630.587""","=""105409.008""","=""2s2.2p3.(4S*).3p""","=""3P""","=""1""","=""2s2.2p3.(4S*).5d""","=""3D*""","=""2""",,"=""T5713LS""","=""L3760""",
O,1,"=""595.858""","=""595.8584""","=""""","=""190*""","=""2.27e+05""",C+,"=""88631.146""","=""105409.008""","=""2s2.2p3.(4S*).3p""","=""3P""","=""2""","=""2s2.2p3.(4S*).5d""","=""3D*""","=""2""",,"=""T5713LS""","=""L3760""",
O,1,"=""595.858""","=""595.8584""","=""""","=""190*""","=""2.52e+04""",C,"=""88631.146""","=""105409.008""","=""2s2.2p3.(4S*).3p""","=""3P""","=""2""","=""2s2.2p3.(4S*).5d""","=""3D*""","=""1""",,"=""T5713LS""","=""L3760""",
O,1,"=""595.858""","=""595.8584""","=""""","=""190*""","=""9.06e+05""",C+,"=""88631.146""","=""105409.008""","=""2s2.2p3.(4S*).3p""","=""3P""","=""2""","=""2s2.2p3.(4S*).5d""","=""3D*""","=""3""",,"=""T5713LS""","=""L3760""",
O,1,"=""""","=""595.8640""","=""""","=""""","=""5.04e+05""",C+,"=""88631.303""","=""105409.008""","=""2s2.2p3.(4S*).3p""","=""3P""","=""0""","=""2s2.2p3.(4S*).5d""","=""3D*""","=""1""",,"=""T5713LS""","=""""",
O,3,"=""""","=""597.145""","=""""","=""""","=""8.82e+05""",C+,"=""377385.58""","=""394127.3""","=""2s2.2p.(2P*).4d""","=""3F*""","=""2""","=""2s.2p2.(2D).3s""","=""3D""","=""2""",,"=""T5376LS""","=""""",
O,3,"=""""","=""597.967""","=""""","=""""","=""4.17e+04""",C,"=""267258.71""","=""283977.40""","=""2s2.2p.(2P*).3s""","=""3P*""","=""0""","=""2p4""","=""3P""","=""1""",,"=""T5376,T5791,LS""","=""""",
O,3,"=""""","=""598.823""","=""""","=""""","=""1.25e+05""",C,"=""267377.11""","=""284071.90""","=""2s2.2p.(2P*).3s""","=""3P*""","=""1""","=""2p4""","=""3P""","=""0""",,"=""T5376,T5791,LS""","=""""",
O,3,"=""""","=""598.858""","=""""","=""""","=""7.85e+06""",C+,"=""377385.58""","=""394079.4""","=""2s2.2p.(2P*).4d""","=""3F*""","=""2""","=""2s.2p2.(2D).3s""","=""3D""","=""1""",,"=""T5376LS""","=""""",
O,1,"=""599.528""","=""""","=""""","=""80""","=""""",,"=""""","=""""","=""""","=""""","=""""","=""""","=""""","=""""",,"=""""","=""L3760""",
O,3,"=""""","=""600.954""","=""""","=""""","=""6.18e+05""",C+,"=""377562.31""","=""394197.9""","=""2s2.2p.(2P*).4d""","=""3F*""","=""3""","=""2s.2p2.(2D).3s""","=""3D""","=""3""",,"=""T5376LS""","=""""",
O,4,"=""""","=""601.518""","=""""","=""""","=""2.63e+05""",B,"=""576853""","=""593473""","=""2p2.(3P).3s""","=""4P""","=""1/2""","=""2s.2p.(3P*).4d""","=""4P*""","=""1/2""",,"=""T5109LS""","=""""",
O,3,"=""""","=""602.232""","=""""","=""""","=""3.06e+04""",D,"=""267377.11""","=""283977.40""","=""2s2.2p.(2P*).3s""","=""3P*""","=""1""","=""2p4""","=""3P""","=""1""",,"=""T5376,T5791,LS""","=""""",
O,3,"=""""","=""603.516""","=""""","=""""","=""6.82e+06""",C+,"=""377562.31""","=""394127.3""","=""2s2.2p.(2P*).4d""","=""3F*""","=""3""","=""2s.2p2.(2D).3s""","=""3D""","=""2""",,"=""T5376LS""","=""""",
O,4,"=""""","=""603.953""","=""""","=""""","=""6.50e+05""",B,"=""576853""","=""593406""","=""2p2.(3P).3s""","=""4P""","=""1/2""","=""2s.2p.(3P*).4d""","=""4P*""","=""3/2""",,"=""T5109LS""","=""""",
O,1,"=""604.623""","=""604.6233""","=""""","=""160""","=""1.05e+06""",C+,"=""88630.587""","=""105165.232""","=""2s2.2p3.(4S*).3p""","=""3P""","=""1""","=""2s2.2p3.(4S*).6s""","=""3S*""","=""1""",,"=""T5713LS""","=""L3760""",
O,1,"=""604.644""","=""604.6438""","=""""","=""190""","=""1.75e+06""",C+,"=""88631.146""","=""105165.232""","=""2s2.2p3.(4S*).3p""","=""3P""","=""2""","=""2s2.2p3.(4S*).6s""","=""3S*""","=""1""",,"=""T5713LS""","=""L3760""",
O,1,"=""604.649""","=""604.6495""","=""""","=""110""","=""3.50e+05""",C+,"=""88631.303""","=""105165.232""","=""2s2.2p3.(4S*).3p""","=""3P""","=""0""","=""2s2.2p3.(4S*).6s""","=""3S*""","=""1""",,"=""T5713LS""","=""L3760""",
O,4,"=""""","=""606.775""","=""""","=""""","=""1.28e+06""",B,"=""576997""","=""593473""","=""2p2.(3P).3s""","=""4P""","=""3/2""","=""2s.2p.(3P*).4d""","=""4P*""","=""1/2""",,"=""T5109LS""","=""""",
O,3,"=""""","=""607.759""","=""""","=""""","=""6.90e+06""",C+,"=""377748.57""","=""394197.9""","=""2s2.2p.(2P*).4d""","=""3F*""","=""4""","=""2s.2p2.(2D).3s""","=""3D""","=""3""",,"=""T5376LS""","=""""",
O,2,"=""608.1224""","=""608.1215""","=""""","=""4""","=""4.25e+05""",D,"=""214169.920""","=""230609.45""","=""2s2.2p2.(3P).3p""","=""2P*""","=""1/2""","=""2s2.2p2.(1S).3s""","=""2S""","=""1/2""",,"=""T6172n""","=""L10621""",
O,4,"=""""","=""609.253""","=""""","=""""","=""2.03e+05""",B,"=""576997""","=""593406""","=""2p2.(3P).3s""","=""4P""","=""3/2""","=""2s.2p.(3P*).4d""","=""4P*""","=""3/2""",,"=""T5109LS""","=""""",
O,3,"=""""","=""610.235""","=""""","=""""","=""2.95e+04""",C,"=""267377.11""","=""283759.70""","=""2s2.2p.(2P*).3s""","=""3P*""","=""1""","=""2p4""","=""3P""","=""2""",,"=""T5376,T5791,LS""","=""""",
O,2,"=""610.3386""","=""610.3399""","=""""","=""7""","=""8.36e+05""",D,"=""214229.671""","=""230609.45""","=""2s2.2p2.(3P).3p""","=""2P*""","=""3/2""","=""2s2.2p2.(1S).3s""","=""2S""","=""1/2""",,"=""T6172n""","=""L10621""",
O,4,"=""""","=""610.593""","=""""","=""""","=""1.49e+07""",B,"=""573696""","=""590069""","=""2s.2p.(3P*).4s""","=""2P*""","=""1/2""","=""2s.2p.(3P*).4p""","=""2S""","=""1/2""",,"=""T5109LS""","=""""",
O,1,"=""610.627""","=""610.6265+""","=""""","=""100""","=""""",,"=""113294.816""","=""129666.907""","=""2s2.2p3.(2D*).3p""","=""3D""","=""3""","=""2s2.2p3.(2D*<5/2>).4d""","=""3F*""","=""4""",,"=""""","=""L3760""",
O,2,"=""611.2987""","=""611.2986""","=""""","=""7""","=""3.64e+06""",C,"=""238627.46""","=""254981.55""","=""2s2.2p2.(3P).4s""","=""4P""","=""1/2""","=""2s.2p3.(5S*).3s""","=""4S*""","=""3/2""",,"=""T5723LS""","=""L10621""",
O,3,"=""""","=""611.698""","=""""","=""""","=""4.87e+04""",C,"=""267634.00""","=""283977.40""","=""2s2.2p.(2P*).3s""","=""3P*""","=""2""","=""2p4""","=""3P""","=""1""",,"=""T5376,T5791,LS""","=""""",
O,1,"=""""","=""614.0582""","=""""","=""""","=""9.62e+02""",C,"=""86627.778""","=""102908.374""","=""2s2.2p3.(4S*).3p""","=""5P""","=""2""","=""2s2.2p3.(4S*).4d""","=""3D*""","=""3""",,"=""T5803""","=""""",
O,4,"=""""","=""614.232""","=""""","=""""","=""4.45e+05""",B,"=""576997""","=""593273""","=""2p2.(3P).3s""","=""4P""","=""3/2""","=""2s.2p.(3P*).4d""","=""4P*""","=""5/2""",,"=""T5109LS""","=""""",
O,2,"=""615.2566""","=""615.2560""","=""""","=""8""","=""7.14e+06""",C,"=""238732.65""","=""254981.55""","=""2s2.2p2.(3P).4s""","=""4P""","=""3/2""","=""2s.2p3.(5S*).3s""","=""4S*""","=""3/2""",,"=""T5723LS""","=""L10621""",
O,1,"=""""","=""615.5961""","=""""","=""""","=""7.62e+06""",B+,"=""86625.757""","=""102865.679""","=""2s2.2p3.(4S*).3p""","=""5P""","=""1""","=""2s2.2p3.(4S*).4d""","=""5D*""","=""0""",,"=""T5803,LS""","=""""",
O,1,"=""615.598""","=""615.5971""","=""""","=""400""","=""5.72e+06""",B+,"=""86625.757""","=""102865.655""","=""2s2.2p3.(4S*).3p""","=""5P""","=""1""","=""2s2.2p3.(4S*).4d""","=""5D*""","=""1""",,"=""T5803,LS""","=""L3760""",
O,1,"=""""","=""615.5989""","=""""","=""""","=""2.67e+06""",B+,"=""86625.757""","=""102865.606""","=""2s2.2p3.(4S*).3p""","=""5P""","=""1""","=""2s2.2p3.(4S*).4d""","=""5D*""","=""2""",,"=""T5803,LS""","=""""",
O,1,"=""""","=""615.6737""","=""""","=""""","=""1.91e+06""",B+,"=""86627.778""","=""102865.655""","=""2s2.2p3.(4S*).3p""","=""5P""","=""2""","=""2s2.2p3.(4S*).4d""","=""5D*""","=""1""",,"=""T5803,LS""","=""""",
O,1,"=""""","=""615.6755""","=""""","=""""","=""4.45e+06""",B+,"=""86627.778""","=""102865.606""","=""2s2.2p3.(4S*).3p""","=""5P""","=""2""","=""2s2.2p3.(4S*).4d""","=""5D*""","=""2""",,"=""T5803,LS""","=""""",
O,1,"=""615.677""","=""615.6778""","=""""","=""450""","=""5.08e+06""",B+,"=""86627.778""","=""102865.547""","=""2s2.2p3.(4S*).3p""","=""5P""","=""2""","=""2s2.2p3.(4S*).4d""","=""5D*""","=""3""",,"=""T5803,LS""","=""L3760""",
O,1,"=""""","=""615.8149""","=""""","=""""","=""5.07e+05""",B+,"=""86631.454""","=""102865.606""","=""2s2.2p3.(4S*).3p""","=""5P""","=""3""","=""2s2.2p3.(4S*).4d""","=""5D*""","=""2""",,"=""T5803,LS""","=""""",
O,1,"=""""","=""615.8172""","=""""","=""""","=""2.54e+06""",B+,"=""86631.454""","=""102865.547""","=""2s2.2p3.(4S*).3p""","=""5P""","=""3""","=""2s2.2p3.(4S*).4d""","=""5D*""","=""3""",,"=""T5803,LS""","=""""",
O,1,"=""615.818""","=""615.8187""","=""""","=""490""","=""7.62e+06""",B+,"=""86631.454""","=""102865.506""","=""2s2.2p3.(4S*).3p""","=""5P""","=""3""","=""2s2.2p3.(4S*).4d""","=""5D*""","=""4""",,"=""T5803,LS""","=""L3760""",
O,4,"=""""","=""617.227""","=""""","=""""","=""6.58e+05""",B,"=""577209""","=""593406""","=""2p2.(3P).3s""","=""4P""","=""5/2""","=""2s.2p.(3P*).4d""","=""4P*""","=""3/2""",,"=""T5109LS""","=""""",
O,4,"=""""","=""618.335""","=""""","=""""","=""2.88e+07""",B,"=""573901""","=""590069""","=""2s.2p.(3P*).4s""","=""2P*""","=""3/2""","=""2s.2p.(3P*).4p""","=""2S""","=""1/2""",,"=""T5109LS""","=""""",
O,2,"=""619.7922""","=""619.7905""","=""""","=""1""","=""""",,"=""212593.82""","=""228723.84""","=""2s.2p4""","=""2P""","=""3/2""","=""2s2.2p2.(1D).3p""","=""2F*""","=""5/2""",,"=""""","=""L10621""",
O,3,"=""""","=""619.957""","=""""","=""""","=""8.43e+04""",C,"=""267634.00""","=""283759.70""","=""2s2.2p.(2P*).3s""","=""3P*""","=""2""","=""2p4""","=""3P""","=""2""",,"=""T5376,T5791,LS""","=""""",
O,2,"=""621.4250""","=""621.4252""","=""""","=""9""","=""1.04e+07""",C,"=""238893.96""","=""254981.55""","=""2s2.2p2.(3P).4s""","=""4P""","=""5/2""","=""2s.2p3.(5S*).3s""","=""4S*""","=""3/2""",,"=""T5723LS""","=""L10621""",
O,4,"=""""","=""622.338""","=""""","=""""","=""9.98e+05""",B,"=""577209""","=""593273""","=""2p2.(3P).3s""","=""4P""","=""5/2""","=""2s.2p.(3P*).4d""","=""4P*""","=""5/2""",,"=""T5109LS""","=""""",
O,1,"=""625.683""","=""625.6833+""","=""""","=""80""","=""""",,"=""113721.413""","=""129699.521""","=""2s2.2p3.(2D*).3p""","=""3F""","=""3""","=""2s2.2p3.(2D*<3/2>).4d""","=""1G*""","=""4""",,"=""""","=""L3760""",
O,1,"=""626.155""","=""626.1547+""","=""""","=""100""","=""""",,"=""113714.444""","=""129680.522""","=""2s2.2p3.(2D*).3p""","=""3F""","=""4""","=""2s2.2p3.(2D*).4d""","=""3G*""","=""5""",,"=""""","=""L3760""",
O,1,"=""""","=""630.0304""","=""""","=""""","=""5.63e-03""",B+,"=""0.000""","=""15867.862""","=""2s2.2p4""","=""3P""","=""2""","=""2s2.2p4""","=""1D""","=""2""",M1,"=""T4539,T5081""","=""""",
O,1,"=""""","=""630.0304""","=""""","=""""","=""2.11e-05""",C+,"=""0.000""","=""15867.862""","=""2s2.2p4""","=""3P""","=""2""","=""2s2.2p4""","=""1D""","=""2""",E2,"=""T4539,T5081""","=""""",
O,1,"=""""","=""632.3385""","=""""","=""""","=""1.81e+04""",C,"=""97488.378""","=""113298.320""","=""2s2.2p3.(4S*).3d""","=""3D*""","=""1""","=""2s2.2p3.(2D*).3p""","=""3D""","=""1""",,"=""T5713LS""","=""""",
O,1,"=""""","=""632.3413""","=""""","=""""","=""6.02e+03""",D,"=""97488.448""","=""113298.320""","=""2s2.2p3.(4S*).3d""","=""3D*""","=""2""","=""2s2.2p3.(2D*).3p""","=""3D""","=""1""",,"=""T5713LS""","=""""",
O,1,"=""""","=""632.4772""","=""""","=""""","=""3.61e+03""",D,"=""97488.378""","=""113294.854""","=""2s2.2p3.(4S*).3d""","=""3D*""","=""1""","=""2s2.2p3.(2D*).3p""","=""3D""","=""2""",,"=""T5713LS""","=""""",
O,1,"=""""","=""632.4800""","=""""","=""""","=""1.68e+04""",C,"=""97488.448""","=""113294.854""","=""2s2.2p3.(4S*).3d""","=""3D*""","=""2""","=""2s2.2p3.(2D*).3p""","=""3D""","=""2""",,"=""T5713LS""","=""""",
O,1,"=""""","=""632.4815""","=""""","=""""","=""2.68e+03""",D,"=""97488.448""","=""113294.816""","=""2s2.2p3.(4S*).3d""","=""3D*""","=""2""","=""2s2.2p3.(2D*).3p""","=""3D""","=""3""",,"=""T5713LS""","=""""",
O,1,"=""""","=""632.4836""","=""""","=""""","=""3.76e+03""",D,"=""97488.538""","=""113294.854""","=""2s2.2p3.(4S*).3d""","=""3D*""","=""3""","=""2s2.2p3.(2D*).3p""","=""3D""","=""2""",,"=""T5713LS""","=""""",
O,1,"=""""","=""632.4851""","=""""","=""""","=""2.14e+04""",C,"=""97488.538""","=""113294.816""","=""2s2.2p3.(4S*).3d""","=""3D*""","=""3""","=""2s2.2p3.(2D*).3p""","=""3D""","=""3""",,"=""T5713LS""","=""""",
O,5,"=""""","=""633.005""","=""""","=""""","=""1.21e+07""",B,"=""697170.2""","=""712963.5""","=""1s2.2p.(2P*<3/2>).3p""","=""1D""","=""2""","=""1s2.2p.(2P*<3/2>).3d""","=""1F*""","=""3""",,"=""T5633,T3843""","=""""",
O,3,"=""""","=""633.048""","=""""","=""""","=""9.43e+04""",C,"=""378405.68""","=""394197.9""","=""2s.2p2.(4P).3p""","=""3P*""","=""2""","=""2s.2p2.(2D).3s""","=""3D""","=""3""",,"=""T5376LS""","=""""",
O,2,"=""635.7961""","=""635.7981""","=""""","=""4""","=""""",,"=""232462.724""","=""248186.64""","=""2s2.2p2.(3P).3d""","=""4P""","=""5/2""","=""2s2.2p2.(3P).4p""","=""2D*""","=""5/2""",,"=""""","=""L10621""",
O,3,"=""""","=""635.891""","=""""","=""""","=""2.33e+04""",D,"=""378405.68""","=""394127.3""","=""2s.2p2.(4P).3p""","=""3P*""","=""2""","=""2s.2p2.(2D).3s""","=""3D""","=""2""",,"=""T5376LS""","=""""",
O,1,"=""""","=""636.3776""","=""""","=""""","=""1.82e-03""",B+,"=""158.265""","=""15867.862""","=""2s2.2p4""","=""3P""","=""1""","=""2s2.2p4""","=""1D""","=""2""",M1,"=""T4539,T5081""","=""""",
O,1,"=""""","=""636.3776""","=""""","=""""","=""3.39e-06""",C+,"=""158.265""","=""15867.862""","=""2s2.2p4""","=""3P""","=""1""","=""2s2.2p4""","=""1D""","=""2""",E2,"=""T4539,T5081""","=""""",
O,3,"=""""","=""636.383""","=""""","=""""","=""6.97e+04""",C,"=""378417.84""","=""394127.3""","=""2s.2p2.(4P).3p""","=""3P*""","=""1""","=""2s.2p2.(2D).3s""","=""3D""","=""2""",,"=""T5376LS""","=""""",
O,1,"=""636.634""","=""636.6335+""","=""""","=""100""","=""""",,"=""113996.239""","=""129699.521""","=""2s2.2p3.(2D*).3p""","=""1F""","=""3""","=""2s2.2p3.(2D*<3/2>).4d""","=""1G*""","=""4""",,"=""""","=""L3760""",
O,1,"=""637.432""","=""637.4324+""","=""""","=""100""","=""""",,"=""113996.239""","=""129679.841""","=""2s2.2p3.(2D*).3p""","=""1F""","=""3""","=""2s2.2p3.(2D*).4d""","=""3G*""","=""4""",,"=""""","=""L3760""",
O,3,"=""""","=""637.834""","=""""","=""""","=""2.56e+03""",D,"=""378405.68""","=""394079.4""","=""2s.2p2.(4P).3p""","=""3P*""","=""2""","=""2s.2p2.(2D).3s""","=""3D""","=""1""",,"=""T5376LS""","=""""",
O,3,"=""""","=""638.330""","=""""","=""""","=""3.83e+04""",D,"=""378417.84""","=""394079.4""","=""2s.2p2.(4P).3p""","=""3P*""","=""1""","=""2s.2p2.(2D).3s""","=""3D""","=""1""",,"=""T5376LS""","=""""",
O,3,"=""""","=""639.036""","=""""","=""""","=""5.10e+04""",D,"=""378435.16""","=""394079.4""","=""2s.2p2.(4P).3p""","=""3P*""","=""0""","=""2s.2p2.(2D).3s""","=""3D""","=""1""",,"=""T5376LS""","=""""",
O,1,"=""""","=""639.1733""","=""""","=""""","=""8.60e-07""",B+,"=""226.977""","=""15867.862""","=""2s2.2p4""","=""3P""","=""0""","=""2s2.2p4""","=""1D""","=""2""",E2,"=""T4539,T5081""","=""""",
O,1,"=""645.360""","=""645.3602""","=""""","=""320""","=""1.65e+06""",C+,"=""86625.757""","=""102116.698""","=""2s2.2p3.(4S*).3p""","=""5P""","=""1""","=""2s2.2p3.(4S*).5s""","=""5S*""","=""2""",,"=""T5713LS""","=""L3760""",
O,1,"=""645.444""","=""645.4444""","=""""","=""360""","=""2.75e+06""",C+,"=""86627.778""","=""102116.698""","=""2s2.2p3.(4S*).3p""","=""5P""","=""2""","=""2s2.2p3.(4S*).5s""","=""5S*""","=""2""",,"=""T5713LS""","=""L3760""",
O,1,"=""645.598""","=""645.5977""","=""""","=""400""","=""3.85e+06""",C+,"=""86631.454""","=""102116.698""","=""2s2.2p3.(4S*).3p""","=""5P""","=""3""","=""2s2.2p3.(4S*).5s""","=""5S*""","=""2""",,"=""T5713LS""","=""L3760""",
O,2,"=""645.7047""","=""645.7030""","=""""","=""2""","=""""",,"=""240330.01""","=""255812.728""","=""2s2.2p2.(3P).4s""","=""2P""","=""1/2""","=""2s2.2p2.(3P).4f D""","=""2[2]*""","=""3/2""",,"=""""","=""L10621""",
O,2,"=""645.7806""","=""645.7805""","=""""","=""2*""","=""""",,"=""275842.14""","=""291323.00""","=""2s2.2p2.(1D).4f G""","=""2[4]*""","=""9/2""","=""2s2.2p2.(1D<2>).6g""","=""2[5]""","=""11/2""",,"=""""","=""L6336""",
O,2,"=""645.7806""","=""645.7805""","=""""","=""2*""","=""""",,"=""275842.14""","=""291323.00""","=""2s2.2p2.(1D).4f G""","=""2[4]*""","=""9/2""","=""2s2.2p2.(1D<2>).6g""","=""2[5]""","=""9/2""",,"=""""","=""L6336""",
O,2,"=""645.7806""","=""645.7805""","=""""","=""2*""","=""""",,"=""275842.14""","=""291323.00""","=""2s2.2p2.(1D).4f G""","=""2[4]*""","=""7/2""","=""2s2.2p2.(1D<2>).6g""","=""2[5]""","=""9/2""",,"=""""","=""L6336""",
O,5,"=""""","=""646.012""","=""""","=""""","=""9.37e+06""",B,"=""677150.7""","=""692626.0""","=""1s2.2p.(2P*<1/2>).3p""","=""3D""","=""1""","=""1s2.2p.(2P*<1/2>).3d""","=""3F*""","=""2""",,"=""T3843n""","=""""",
O,5,"=""""","=""646.614""","=""""","=""""","=""1.01e+07""",B,"=""677348.5""","=""692809.4""","=""1s2.2p.(2P*<1/2>).3p""","=""3D""","=""2""","=""1s2.2p.(2P*<1/2>).3d""","=""3F*""","=""3""",,"=""T3843n""","=""""",
O,2,"=""647.1424""","=""647.1420""","=""""","=""6*""","=""""",,"=""255912.32""","=""271360.61""","=""2s2.2p2.(3P).4f D""","=""2[1]*""","=""3/2""","=""2s2.2p2.(3P<2>).6g""","=""2[2]""","=""5/2""",,"=""""","=""L6336""",
O,2,"=""647.1424""","=""647.1420""","=""""","=""6*""","=""""",,"=""255912.32""","=""271360.61""","=""2s2.2p2.(3P).4f D""","=""2[1]*""","=""3/2""","=""2s2.2p2.(3P<2>).6g""","=""2[2]""","=""3/2""",,"=""""","=""L6336""",
O,2,"=""647.3891""","=""647.3893""","=""""","=""1""","=""""",,"=""275881.65""","=""291324.04?""","=""2s2.2p2.(1D).4f F""","=""2[3]*""","=""7/2""","=""2s2.2p2.(1D<2>).6g""","=""2[4]""","=""9/2""",,"=""""","=""L6336""",
O,2,"=""647.5274""","=""647.5281""","=""""","=""6""","=""""",,"=""232747.562""","=""248186.64""","=""2s2.2p2.(3P).3d""","=""4D""","=""5/2""","=""2s2.2p2.(3P).4p""","=""2D*""","=""5/2""",,"=""""","=""L10621""",
O,2,"=""647.7910""","=""647.7905""","=""""","=""10""","=""""",,"=""232753.816""","=""248186.64""","=""2s2.2p2.(3P).3d""","=""4D""","=""7/2""","=""2s2.2p2.(3P).4p""","=""2D*""","=""5/2""",,"=""""","=""L10621""",
O,2,"=""648.3979""","=""648.3970""","=""""","=""12""","=""""",,"=""251222.19""","=""266640.58""","=""2s2.2p2.(1D).3d""","=""2F""","=""7/2""","=""2s2.2p2.(1D).4p""","=""2D*""","=""5/2""",,"=""""","=""L10621""",
O,2,"=""""","=""648.5063""","=""""","=""""","=""""",,"=""251224.79""","=""266640.58""","=""2s2.2p2.(1D).3d""","=""2F""","=""5/2""","=""2s2.2p2.(1D).4p""","=""2D*""","=""5/2""",,"=""""","=""L11267""",
O,2,"=""648.5093""","=""648.5093""","=""""","=""7""","=""""",,"=""255756.131""","=""271171.85""","=""2s2.2p2.(3P).4f G""","=""2[3]*""","=""5/2""","=""2s2.2p2.(3P<1>).6g""","=""2[4]""","=""7/2""",,"=""""","=""L6336""",
O,2,"=""648.6461""","=""648.6462""","=""""","=""7""","=""""",,"=""255759.384""","=""271171.85""","=""2s2.2p2.(3P).4f G""","=""2[3]*""","=""7/2""","=""2s2.2p2.(3P<1>).6g""","=""2[4]""","=""9/2""",,"=""""","=""L6336""",
O,2,"=""649.1924""","=""649.1911""","=""""","=""11""","=""""",,"=""251224.79""","=""266624.32""","=""2s2.2p2.(1D).3d""","=""2F""","=""5/2""","=""2s2.2p2.(1D).4p""","=""2D*""","=""3/2""",,"=""""","=""L10621""",
O,2,"=""649.5802""","=""649.5787""","=""""","=""11bl*""","=""1.48e+06""",D,"=""232796.298""","=""248186.64""","=""2s2.2p2.(3P).3d""","=""2F""","=""5/2""","=""2s2.2p2.(3P).4p""","=""2D*""","=""5/2""",,"=""T5723LS""","=""L6336""",
O,2,"=""649.5802""","=""649.5800""","=""""","=""11bl*""","=""""",,"=""255977.481""","=""271367.79""","=""2s2.2p2.(3P).4f G""","=""2[5]*""","=""11/2""","=""2s2.2p2.(3P<2>).6g""","=""2[6]""","=""13/2""",,"=""""","=""L6336""",
O,2,"=""""","=""649.5838""","=""""","=""""","=""""",,"=""255977.481""","=""271367.70""","=""2s2.2p2.(3P).4f G""","=""2[5]*""","=""11/2""","=""2s2.2p2.(3P<2>).6g""","=""2[6]""","=""11/2""",,"=""""","=""L11267""",
O,2,"=""649.8416""","=""649.8415""","=""""","=""7""","=""""",,"=""255983.584""","=""271367.70""","=""2s2.2p2.(3P).4f G""","=""2[5]*""","=""9/2""","=""2s2.2p2.(3P<2>).6g""","=""2[6]""","=""11/2""",,"=""""","=""L6336""",
O,5,"=""650.024""","=""650.024""","=""""","=""130""","=""1.11e+07""",B,"=""677665.0""","=""693044.8""","=""1s2.2p.(2P*<3/2>).3p""","=""3D""","=""3""","=""1s2.2p.(2P*<3/2>).3d""","=""3F*""","=""4""",,"=""T3843n""","=""L552""",
O,2,"=""650.0828""","=""650.0826""","=""""","=""4""","=""""",,"=""255689.939""","=""271068.35""","=""2s2.2p2.(3P).4f D""","=""2[3]*""","=""5/2""","=""2s2.2p2.(3P<0>).6g""","=""2[4]""","=""7/2""",,"=""""","=""L6336""",
O,2,"=""650.1410""","=""650.1404""","=""""","=""7""","=""""",,"=""255691.346""","=""271068.39""","=""2s2.2p2.(3P).4f D""","=""2[3]*""","=""7/2""","=""2s2.2p2.(3P<0>).6g""","=""2[4]""","=""9/2""",,"=""""","=""L6336""",
O,2,"=""""","=""650.1421""","=""""","=""""","=""""",,"=""255691.346""","=""271068.35""","=""2s2.2p2.(3P).4f D""","=""2[3]*""","=""7/2""","=""2s2.2p2.(3P<0>).6g""","=""2[4]""","=""7/2""",,"=""""","=""L11267""",
O,2,"=""650.2187""","=""650.2187""","=""""","=""4""","=""""",,"=""255812.728""","=""271187.92""","=""2s2.2p2.(3P).4f D""","=""2[2]*""","=""3/2""","=""2s2.2p2.(3P<1>).6g""","=""2[3]""","=""5/2""",,"=""""","=""L6336""",
O,2,"=""650.2450""","=""650.2451""","=""""","=""5""","=""""",,"=""255813.472""","=""271188.04""","=""2s2.2p2.(3P).4f D""","=""2[2]*""","=""5/2""","=""2s2.2p2.(3P<1>).6g""","=""2[3]""","=""7/2""",,"=""""","=""L6336""",
O,4,"=""""","=""650.523""","=""""","=""""","=""2.71e+06""",B,"=""600092""","=""615460""","=""2p2.(1D).3s""","=""2D""","=""3/2""","=""2p2.(3P).3p""","=""2D*""","=""3/2""",,"=""T5109LS""","=""""",
O,2,"=""650.6027""","=""650.6018""","=""""","=""7""","=""""",,"=""251222.19""","=""266588.33""","=""2s2.2p2.(1D).3d""","=""2F""","=""7/2""","=""2s2.2p2.(1D).4p""","=""2F*""","=""7/2""",,"=""""","=""L10621""",
O,3,"=""""","=""650.755""","=""""","=""""","=""3.98e+07""",B,"=""365726.76""","=""381089.27""","=""2s2.2p.(2P*).4p""","=""1P""","=""1""","=""2s2.2p.(2P*).4d""","=""1P*""","=""1""",,"=""T5376""","=""""",
O,2,"=""650.9711""","=""650.9711""","=""""","=""8""","=""""",,"=""255827.657""","=""271185.08""","=""2s2.2p2.(3P).4f G""","=""2[4]*""","=""9/2""","=""2s2.2p2.(3P<1>).6g""","=""2[5]""","=""11/2""",,"=""""","=""L6336""",
O,2,"=""651.0622""","=""651.0615""","=""""","=""8bl""","=""""",,"=""255829.58""","=""271184.87""","=""2s2.2p2.(3P).4f G""","=""2[4]*""","=""7/2""","=""2s2.2p2.(3P<1>).6g""","=""2[5]""","=""9/2""",,"=""""","=""L6336""",
O,2,"=""651.0752""","=""651.0763""","=""""","=""13""","=""""",,"=""251224.79""","=""266579.73""","=""2s2.2p2.(1D).3d""","=""2F""","=""5/2""","=""2s2.2p2.(1D).4p""","=""2F*""","=""5/2""",,"=""""","=""L10621""",
O,4,"=""""","=""651.116""","=""""","=""""","=""3.01e+05""",B,"=""600106""","=""615460""","=""2p2.(1D).3s""","=""2D""","=""5/2""","=""2p2.(3P).3p""","=""2D*""","=""3/2""",,"=""T5109LS""","=""""",
O,4,"=""""","=""651.753""","=""""","=""""","=""2.00e+05""",B,"=""600092""","=""615431""","=""2p2.(1D).3s""","=""2D""","=""3/2""","=""2p2.(3P).3p""","=""2D*""","=""5/2""",,"=""T5109LS""","=""""",
O,4,"=""""","=""652.348""","=""""","=""""","=""2.79e+06""",B,"=""600106""","=""615431""","=""2p2.(1D).3s""","=""2D""","=""5/2""","=""2p2.(3P).3p""","=""2D*""","=""5/2""",,"=""T5109LS""","=""""",
O,2,"=""653.5828""","=""653.5799""","=""""","=""3""","=""""",,"=""240517.35""","=""255813.472""","=""2s2.2p2.(3P).4s""","=""2P""","=""3/2""","=""2s2.2p2.(3P).4f D""","=""2[2]*""","=""5/2""",,"=""""","=""L10621""",
O,2,"=""653.7557""","=""653.7558""","=""""","=""3""","=""""",,"=""256083.604""","=""271375.61""","=""2s2.2p2.(3P).4f F""","=""2[2]*""","=""3/2""","=""2s2.2p2.(3P<2>).6g""","=""2[3]""","=""5/2""",,"=""""","=""L6336""",
O,2,"=""""","=""653.9330""","=""""","=""""","=""""",,"=""256087.746""","=""271375.61""","=""2s2.2p2.(3P).4f F""","=""2[2]*""","=""5/2""","=""2s2.2p2.(3P<2>).6g""","=""2[3]""","=""5/2""",,"=""""","=""L11267""",
O,2,"=""653.9369""","=""653.9385""","=""""","=""4""","=""""",,"=""256087.746""","=""271375.48""","=""2s2.2p2.(3P).4f F""","=""2[2]*""","=""5/2""","=""2s2.2p2.(3P<2>).6g""","=""2[3]""","=""7/2""",,"=""""","=""L6336""",
O,5,"=""""","=""654.377""","=""""","=""""","=""1.64e+06""",B,"=""677348.5""","=""692626.0""","=""1s2.2p.(2P*<1/2>).3p""","=""3D""","=""2""","=""1s2.2p.(2P*<1/2>).3d""","=""3F*""","=""2""",,"=""T3843n""","=""""",
O,2,"=""655.0144""","=""655.0125""","=""""","=""16""","=""""",,"=""232747.562""","=""248010.23""","=""2s2.2p2.(3P).3d""","=""4D""","=""5/2""","=""2s2.2p2.(3P).4p""","=""2D*""","=""3/2""",,"=""""","=""L10621""",
O,2,"=""655.0598""","=""655.0597""","=""""","=""4""","=""""",,"=""256123.231""","=""271384.80""","=""2s2.2p2.(3P).4f F""","=""2[3]*""","=""7/2""","=""2s2.2p2.(3P<2>).6g""","=""2[4]""","=""9/2""",,"=""""","=""L6336""",
O,2,"=""655.1757""","=""655.1757""","=""""","=""4""","=""""",,"=""256125.785""","=""271384.65""","=""2s2.2p2.(3P).4f F""","=""2[3]*""","=""5/2""","=""2s2.2p2.(3P<2>).6g""","=""2[4]""","=""7/2""",,"=""""","=""L6336""",
O,2,"=""655.4619""","=""655.4599""","=""""","=""3""","=""""",,"=""256123.231""","=""271375.48""","=""2s2.2p2.(3P).4f F""","=""2[3]*""","=""7/2""","=""2s2.2p2.(3P<2>).6g""","=""2[3]""","=""7/2""",,"=""""","=""L6336""",
O,2,"=""655.5845""","=""655.5844""","=""""","=""7""","=""""",,"=""256136.036""","=""271385.39""","=""2s2.2p2.(3P).4f F""","=""2[4]*""","=""9/2""","=""2s2.2p2.(3P<2>).6g""","=""2[5]""","=""11/2""",,"=""""","=""L6336""",
O,2,"=""655.6068""","=""655.6048""","=""""","=""4*""","=""""",,"=""276109.46""","=""291358.34""","=""2s2.2p2.(1D).4f H""","=""2[5]*""","=""9/2""","=""2s2.2p2.(1D<2>).6g""","=""2[6]""","=""11/2""",,"=""""","=""L6336""",
O,2,"=""655.6068""","=""655.6082""","=""""","=""4*""","=""""",,"=""276109.54""","=""291358.34""","=""2s2.2p2.(1D).4f H""","=""2[5]*""","=""11/2""","=""2s2.2p2.(1D<2>).6g""","=""2[6]""","=""13/2""",,"=""""","=""L6336""",
O,2,"=""655.6068""","=""655.6097""","=""""","=""4*""","=""""",,"=""256136.036""","=""271384.80""","=""2s2.2p2.(3P).4f F""","=""2[4]*""","=""9/2""","=""2s2.2p2.(3P<2>).6g""","=""2[4]""","=""9/2""",,"=""""","=""L6336""",
O,2,"=""655.9060""","=""655.9062""","=""""","=""7bl""","=""""",,"=""256143.187""","=""271385.06""","=""2s2.2p2.(3P).4f F""","=""2[4]*""","=""7/2""","=""2s2.2p2.(3P<2>).6g""","=""2[5]""","=""9/2""",,"=""""","=""L6336""",
O,2,"=""""","=""655.9552""","=""""","=""""","=""""",,"=""255827.657""","=""271068.39""","=""2s2.2p2.(3P).4f G""","=""2[4]*""","=""9/2""","=""2s2.2p2.(3P<0>).6g""","=""2[4]""","=""9/2""",,"=""""","=""L11267""",
O,2,"=""""","=""655.9569""","=""""","=""""","=""""",,"=""255827.657""","=""271068.35""","=""2s2.2p2.(3P).4f G""","=""2[4]*""","=""9/2""","=""2s2.2p2.(3P<0>).6g""","=""2[4]""","=""7/2""",,"=""""","=""L11267""",
O,2,"=""656.0369""","=""656.0380""","=""""","=""7*""","=""""",,"=""255829.58""","=""271068.39""","=""2s2.2p2.(3P).4f G""","=""2[4]*""","=""7/2""","=""2s2.2p2.(3P<0>).6g""","=""2[4]""","=""9/2""",,"=""""","=""L10621""",
O,2,"=""656.0369""","=""656.0392""","=""""","=""7*""","=""""",,"=""240517.35""","=""255756.131""","=""2s2.2p2.(3P).4s""","=""2P""","=""3/2""","=""2s2.2p2.(3P).4f G""","=""2[3]*""","=""5/2""",,"=""""","=""L10621""",
O,2,"=""""","=""656.0397""","=""""","=""""","=""""",,"=""255829.58""","=""271068.35""","=""2s2.2p2.(3P).4f G""","=""2[4]*""","=""7/2""","=""2s2.2p2.(3P<0>).6g""","=""2[4]""","=""7/2""",,"=""""","=""L11267""",
O,2,"=""656.5283""","=""656.5283""","=""""","=""20""","=""2.86e+07""",D,"=""232959.210""","=""248186.64""","=""2s2.2p2.(3P).3d""","=""2F""","=""7/2""","=""2s2.2p2.(3P).4p""","=""2D*""","=""5/2""",,"=""T5723LS""","=""L10621""",
O,2,"=""657.1100""","=""657.1108""","=""""","=""18""","=""2.99e+07""",D,"=""232796.298""","=""248010.23""","=""2s2.2p2.(3P).3d""","=""2F""","=""5/2""","=""2s2.2p2.(3P).4p""","=""2D*""","=""3/2""",,"=""T5723LS""","=""L10621""",
O,2,"=""658.9006""","=""658.9013""","=""""","=""6""","=""""",,"=""240517.35""","=""255689.939""","=""2s2.2p2.(3P).4s""","=""2P""","=""3/2""","=""2s2.2p2.(3P).4f D""","=""2[3]*""","=""5/2""",,"=""""","=""L10621""",
O,5,"=""""","=""660.128""","=""""","=""""","=""1.14e+06""",B,"=""677665.0""","=""692809.4""","=""1s2.2p.(2P*<3/2>).3p""","=""3D""","=""3""","=""1s2.2p.(2P*<1/2>).3d""","=""3F*""","=""3""",,"=""T3843n""","=""""",
O,1,"=""660.491""","=""660.4904+""","=""""","=""80""","=""""",,"=""113996.239""","=""129132.323""","=""2s2.2p3.(2D*).3p""","=""1F""","=""3""","=""2s2.2p3.(2D*<3/2>).5s""","=""1D*""","=""2""",,"=""""","=""L3760""",
O,2,"=""""","=""662.7357""","=""""","=""""","=""""",,"=""255983.584""","=""271068.39""","=""2s2.2p2.(3P).4f G""","=""2[5]*""","=""9/2""","=""2s2.2p2.(3P<0>).6g""","=""2[4]""","=""9/2""",,"=""""","=""L11267""",
O,2,"=""""","=""662.7374""","=""""","=""""","=""""",,"=""255983.584""","=""271068.35""","=""2s2.2p2.(3P).4f G""","=""2[5]*""","=""9/2""","=""2s2.2p2.(3P<0>).6g""","=""2[4]""","=""7/2""",,"=""""","=""L11267""",
O,2,"=""662.7385""","=""662.7373""","=""""","=""17""","=""1.73e+07""",D,"=""233430.53""","=""248515.30""","=""2s2.2p2.(3P).3d""","=""2P""","=""3/2""","=""2s2.2p2.(3P).4p""","=""2P*""","=""3/2""",,"=""T5723LS""","=""L10621""",
O,2,"=""664.1054""","=""664.1031""","=""""","=""24""","=""9.88e+06""",B+,"=""188888.543""","=""203942.288""","=""2s2.2p2.(3P).3s""","=""2P""","=""1/2""","=""2s2.2p2.(3P).3p""","=""2S*""","=""1/2""",,"=""T6172n""","=""L10621""",
O,4,"=""""","=""664.445""","=""""","=""""","=""1.41e+06""",B,"=""576853""","=""591899""","=""2p2.(3P).3s""","=""4P""","=""1/2""","=""2s.2p.(3P*).4d""","=""4D*""","=""3/2""",,"=""T5109LS""","=""""",
O,4,"=""""","=""664.445""","=""""","=""""","=""2.82e+06""",B,"=""576853""","=""591899""","=""2p2.(3P).3s""","=""4P""","=""1/2""","=""2s.2p.(3P*).4d""","=""4D*""","=""1/2""",,"=""T5109LS""","=""""",
O,2,"=""664.6350""","=""664.6357""","=""""","=""4""","=""""",,"=""256143.187""","=""271184.87""","=""2s2.2p2.(3P).4f F""","=""2[4]*""","=""7/2""","=""2s2.2p2.(3P<1>).6g""","=""2[5]""","=""9/2""",,"=""""","=""L10621""",
O,2,"=""665.2563""","=""665.2559""","=""""","=""4""","=""""",,"=""231427.970""","=""246455.629""","=""2s2.2p2.(3P).3d""","=""4F""","=""7/2""","=""2s2.2p2.(3P).4p""","=""4P*""","=""5/2""",,"=""""","=""L10621""",
O,1,"=""665.383""","=""665.3834+""","=""""","=""100""","=""""",,"=""115918.143""","=""130942.923""","=""2s2.2p3.(2P*).3s""","=""1P*""","=""1""","=""2s2.2p3.(2P*).3p""","=""1S""","=""0""",,"=""""","=""L3760""",
O,2,"=""666.6667""","=""666.6657""","=""""","=""13""","=""6.78e+06""",D,"=""233430.53""","=""248426.41""","=""2s2.2p2.(3P).3d""","=""2P""","=""3/2""","=""2s2.2p2.(3P).4p""","=""2P*""","=""1/2""",,"=""T5723LS""","=""L10621""",
O,2,"=""667.7862""","=""667.7866""","=""""","=""12""","=""3.37e+06""",D,"=""233544.59""","=""248515.30""","=""2s2.2p2.(3P).3d""","=""2P""","=""1/2""","=""2s2.2p2.(3P).4p""","=""2P*""","=""3/2""",,"=""T5723LS""","=""L10621""",
O,4,"=""""","=""668.041""","=""""","=""""","=""2.33e+06""",B,"=""576997""","=""591962""","=""2p2.(3P).3s""","=""4P""","=""3/2""","=""2s.2p.(3P*).4d""","=""4D*""","=""5/2""",,"=""T5109LS""","=""""",
O,5,"=""""","=""668.220""","=""""","=""""","=""4.19e+04""",B,"=""677665.0""","=""692626.0""","=""1s2.2p.(2P*<3/2>).3p""","=""3D""","=""3""","=""1s2.2p.(2P*<1/2>).3d""","=""3F*""","=""2""",,"=""T3843n""","=""""",
O,3,"=""""","=""670.736""","=""""","=""""","=""1.37e+05""",C+,"=""379293.03""","=""394197.9""","=""2s2.2p.(2P*).4d""","=""3D*""","=""2""","=""2s.2p2.(2D).3s""","=""3D""","=""3""",,"=""T5376LS""","=""""",
O,4,"=""""","=""670.866""","=""""","=""""","=""1.76e+06""",B,"=""576997""","=""591899""","=""2p2.(3P).3s""","=""4P""","=""3/2""","=""2s.2p.(3P*).4d""","=""4D*""","=""3/2""",,"=""T5109LS""","=""""",
O,4,"=""""","=""670.866""","=""""","=""""","=""5.49e+05""",B,"=""576997""","=""591899""","=""2p2.(3P).3s""","=""4P""","=""3/2""","=""2s.2p.(3P*).4d""","=""4D*""","=""1/2""",,"=""T5109LS""","=""""",
O,3,"=""""","=""670.949""","=""""","=""""","=""1.85e+05""",C+,"=""379227.15""","=""394127.3""","=""2s2.2p.(2P*).4d""","=""3D*""","=""1""","=""2s.2p2.(2D).3s""","=""3D""","=""2""",,"=""T5376LS""","=""""",
O,2,"=""671.7751""","=""671.7754""","=""""","=""15""","=""1.33e+07""",D,"=""233544.59""","=""248426.41""","=""2s2.2p2.(3P).3d""","=""2P""","=""1/2""","=""2s2.2p2.(3P).4p""","=""2P*""","=""1/2""",,"=""T5723LS""","=""L10621""",
O,2,"=""672.1398""","=""672.1388""","=""""","=""26""","=""1.81e+07""",B+,"=""189068.514""","=""203942.288""","=""2s2.2p2.(3P).3s""","=""2P""","=""3/2""","=""2s2.2p2.(3P).3p""","=""2S*""","=""1/2""",,"=""T6172n""","=""L10621""",
O,1,"=""""","=""672.6284""","=""""","=""""","=""1.18e+03""",C,"=""73768.200""","=""88631.146""","=""2s2.2p3.(4S*).3s""","=""5S*""","=""2""","=""2s2.2p3.(4S*).3p""","=""3P""","=""2""",,"=""T5986""","=""""",
O,1,"=""""","=""672.6537""","=""""","=""""","=""6.44e+02""",C,"=""73768.200""","=""88630.587""","=""2s2.2p3.(4S*).3s""","=""5S*""","=""2""","=""2s2.2p3.(4S*).3p""","=""3P""","=""1""",,"=""T5986""","=""""",
O,3,"=""""","=""673.113""","=""""","=""""","=""9.15e+05""",C+,"=""379227.15""","=""394079.4""","=""2s2.2p.(2P*).4d""","=""3D*""","=""1""","=""2s.2p2.(2D).3s""","=""3D""","=""1""",,"=""T5376LS""","=""""",
O,3,"=""""","=""673.616""","=""""","=""""","=""1.08e+06""",C+,"=""379356.75""","=""394197.9""","=""2s2.2p.(2P*).4d""","=""3D*""","=""3""","=""2s.2p2.(2D).3s""","=""3D""","=""3""",,"=""T5376LS""","=""""",
O,4,"=""""","=""673.805""","=""""","=""""","=""3.25e+06""",B,"=""577209""","=""592046""","=""2p2.(3P).3s""","=""4P""","=""5/2""","=""2s.2p.(3P*).4d""","=""4D*""","=""7/2""",,"=""T5109LS""","=""""",
O,3,"=""""","=""673.929""","=""""","=""""","=""8.46e+05""",C+,"=""379293.03""","=""394127.3""","=""2s2.2p.(2P*).4d""","=""3D*""","=""2""","=""2s.2p2.(2D).3s""","=""3D""","=""2""",,"=""T5376LS""","=""""",
O,3,"=""""","=""674.194""","=""""","=""""","=""7.21e+04""",C,"=""400351.56""","=""415180""","=""2s.2p2.(4P).3d""","=""3P""","=""2""","=""2s2.2p.(2P*).6d""","=""3D*""","=""3""",,"=""T5376LS""","=""""",
O,3,"=""""","=""674.194""","=""""","=""""","=""1.80e+04""",D,"=""400351.56""","=""415180""","=""2s.2p2.(4P).3d""","=""3P""","=""2""","=""2s2.2p.(2P*).6d""","=""3D*""","=""2""",,"=""T5376LS""","=""""",
O,3,"=""""","=""674.194""","=""""","=""""","=""2.00e+03""",D,"=""400351.56""","=""415180""","=""2s.2p2.(4P).3d""","=""3P""","=""2""","=""2s2.2p.(2P*).6d""","=""3D*""","=""1""",,"=""T5376LS""","=""""",
O,3,"=""""","=""676.112""","=""""","=""""","=""3.01e+05""",C+,"=""379293.03""","=""394079.4""","=""2s2.2p.(2P*).4d""","=""3D*""","=""2""","=""2s.2p2.(2D).3s""","=""3D""","=""1""",,"=""T5376LS""","=""""",
O,5,"=""""","=""676.472""","=""""","=""""","=""4.37e+06""",B,"=""689403.5""","=""704182.0""","=""1s2.2p.(2P*<1/2>).3p""","=""3P""","=""0""","=""1s2.2p.(2P*<1/2>).3d""","=""3D*""","=""1""",,"=""T3843n""","=""""",
O,3,"=""""","=""676.836""","=""""","=""""","=""1.87e+05""",C+,"=""379356.75""","=""394127.3""","=""2s2.2p.(2P*).4d""","=""3D*""","=""3""","=""2s.2p2.(2D).3s""","=""3D""","=""2""",,"=""T5376LS""","=""""",
O,2,"=""677.4973""","=""677.4984""","=""""","=""9""","=""1.75e+06""",D,"=""233430.53""","=""248186.64""","=""2s2.2p2.(3P).3d""","=""2P""","=""3/2""","=""2s2.2p2.(3P).4p""","=""2D*""","=""5/2""",,"=""T5723LS""","=""L10621""",
O,4,"=""""","=""677.641""","=""""","=""""","=""9.58e+05""",B,"=""577209""","=""591962""","=""2p2.(3P).3s""","=""4P""","=""5/2""","=""2s.2p.(3P*).4d""","=""4D*""","=""5/2""",,"=""T5109LS""","=""""",
O,5,"=""""","=""678.962""","=""""","=""""","=""5.79e+06""",B,"=""689517.7""","=""704242.0""","=""1s2.2p.(2P*<3/2>).3p""","=""3P""","=""1""","=""1s2.2p.(2P*<3/2>).3d""","=""3D*""","=""2""",,"=""T3843n""","=""""",
O,3,"=""""","=""679.206""","=""""","=""""","=""5.29e+04""",C,"=""400460.99""","=""415180""","=""2s.2p2.(4P).3d""","=""3P""","=""1""","=""2s2.2p.(2P*).6d""","=""3D*""","=""2""",,"=""T5376LS""","=""""",
O,3,"=""""","=""679.206""","=""""","=""""","=""2.94e+04""",D,"=""400460.99""","=""415180""","=""2s.2p2.(4P).3d""","=""3P""","=""1""","=""2s2.2p.(2P*).6d""","=""3D*""","=""1""",,"=""T5376LS""","=""""",
O,4,"=""""","=""680.547""","=""""","=""""","=""1.58e+05""",B,"=""577209""","=""591899""","=""2p2.(3P).3s""","=""4P""","=""5/2""","=""2s.2p.(3P*).4d""","=""4D*""","=""3/2""",,"=""T5109LS""","=""""",
O,2,"=""""","=""681.0477""","=""""","=""""","=""1.64e+05""",D,"=""231350.087""","=""246029.295""","=""2s2.2p2.(3P).3d""","=""4F""","=""5/2""","=""2s2.2p2.(3P).4p""","=""4D*""","=""7/2""",,"=""T5723LS""","=""L11267""",
O,3,"=""""","=""681.702""","=""""","=""""","=""3.87e+04""",D,"=""400514.89""","=""415180""","=""2s.2p2.(4P).3d""","=""3P""","=""0""","=""2s2.2p.(2P*).6d""","=""3D*""","=""1""",,"=""T5376LS""","=""""",
O,5,"=""""","=""681.740""","=""""","=""""","=""3.00e+06""",B,"=""689517.7""","=""704182.0""","=""1s2.2p.(2P*<3/2>).3p""","=""3P""","=""1""","=""1s2.2p.(2P*<1/2>).3d""","=""3D*""","=""1""",,"=""T3843n""","=""""",
O,4,"=""""","=""681.754""","=""""","=""""","=""7.34e+06""",B,"=""615431""","=""630095""","=""2p2.(3P).3p""","=""2D*""","=""5/2""","=""2p2.(3P).3d""","=""2F""","=""7/2""",,"=""T5109LS""","=""""",
O,4,"=""""","=""681.754""","=""""","=""""","=""4.90e+05""",B,"=""615431""","=""630095""","=""2p2.(3P).3p""","=""2D*""","=""5/2""","=""2p2.(3P).3d""","=""2F""","=""5/2""",,"=""T5109LS""","=""""",
O,5,"=""""","=""682.895""","=""""","=""""","=""7.35e+06""",B,"=""689708.5""","=""704348.0""","=""1s2.2p.(2P*<3/2>).3p""","=""3P""","=""2""","=""1s2.2p.(2P*<3/2>).3d""","=""3D*""","=""3""",,"=""T3843n""","=""""",
O,4,"=""""","=""683.105""","=""""","=""""","=""6.81e+06""",B,"=""615460""","=""630095""","=""2p2.(3P).3p""","=""2D*""","=""3/2""","=""2p2.(3P).3d""","=""2F""","=""5/2""",,"=""T5109LS""","=""""",
O,2,"=""""","=""684.4098""","=""""","=""""","=""2.97e+05""",D,"=""231296.126""","=""245903.224""","=""2s2.2p2.(3P).3d""","=""4F""","=""3/2""","=""2s2.2p2.(3P).4p""","=""4D*""","=""5/2""",,"=""T5723LS""","=""L11267""",
O,2,"=""684.6813""","=""684.6804""","=""""","=""11""","=""3.17e+06""",C,"=""231427.970""","=""246029.295""","=""2s2.2p2.(3P).3d""","=""4F""","=""7/2""","=""2s2.2p2.(3P).4p""","=""4D*""","=""7/2""",,"=""T5723LS""","=""L10621""",
O,2,"=""""","=""685.696""","=""""","=""""","=""2.82e+05""",D,"=""233430.53""","=""248010.23""","=""2s2.2p2.(3P).3d""","=""2P""","=""3/2""","=""2s2.2p2.(3P).4p""","=""2D*""","=""3/2""",,"=""T5723LS""","=""""",
O,2,"=""686.9485""","=""686.9475""","=""""","=""11""","=""5.35e+06""",C,"=""231350.087""","=""245903.224""","=""2s2.2p2.(3P).3d""","=""4F""","=""5/2""","=""2s2.2p2.(3P).4p""","=""4D*""","=""5/2""",,"=""T5723LS""","=""L10621""",
O,4,"=""""","=""687.649""","=""""","=""""","=""1.88e+06""",B,"=""452806.6""","=""467344.9""","=""2s.2p.(3P*).3s""","=""2P*""","=""1/2""","=""2s.2p.(3P*).3p""","=""2P""","=""3/2""",,"=""T5109LS""","=""""",
O,5,"=""""","=""687.876""","=""""","=""""","=""1.65e+06""",B,"=""689708.5""","=""704242.0""","=""1s2.2p.(2P*<3/2>).3p""","=""3P""","=""2""","=""1s2.2p.(2P*<3/2>).3d""","=""3D*""","=""2""",,"=""T3843n""","=""""",
O,2,"=""688.4911""","=""688.4881""","=""""","=""11""","=""6.12e+06""",C,"=""231296.126""","=""245816.70""","=""2s2.2p2.(3P).3d""","=""4F""","=""3/2""","=""2s2.2p2.(3P).4p""","=""4D*""","=""3/2""",,"=""T5723LS""","=""L10621""",
O,2,"=""689.5109""","=""689.5102""","=""""","=""22""","=""2.72e+07""",C,"=""231530.246""","=""246029.295""","=""2s2.2p2.(3P).3d""","=""4F""","=""9/2""","=""2s2.2p2.(3P).4p""","=""4D*""","=""7/2""",,"=""T5723LS""","=""L10621""",
O,2,"=""690.6443""","=""690.6436""","=""""","=""19""","=""2.48e+07""",C,"=""231427.970""","=""245903.224""","=""2s2.2p2.(3P).3d""","=""4F""","=""7/2""","=""2s2.2p2.(3P).4p""","=""4D*""","=""5/2""",,"=""T5723LS""","=""L10621""",
O,5,"=""""","=""690.727""","=""""","=""""","=""1.70e+05""",B,"=""689708.5""","=""704182.0""","=""1s2.2p.(2P*<3/2>).3p""","=""3P""","=""2""","=""1s2.2p.(2P*<1/2>).3d""","=""3D*""","=""1""",,"=""T3843n""","=""""",
O,2,"=""690.7872""","=""690.7873""","=""""","=""15""","=""3.03e+07""",C,"=""231296.126""","=""245768.37""","=""2s2.2p2.(3P).3d""","=""4F""","=""3/2""","=""2s2.2p2.(3P).4p""","=""4D*""","=""1/2""",,"=""T5723LS""","=""L10621""",
O,2,"=""691.0562""","=""691.0562""","=""""","=""19""","=""2.43e+07""",C,"=""231350.087""","=""245816.70""","=""2s2.2p2.(3P).3d""","=""4F""","=""5/2""","=""2s2.2p2.(3P).4p""","=""4D*""","=""3/2""",,"=""T5723LS""","=""L10621""",
O,2,"=""""","=""691.103""","=""""","=""""","=""1.37e+06""",D,"=""233544.59""","=""248010.23""","=""2s2.2p2.(3P).3d""","=""2P""","=""1/2""","=""2s2.2p2.(3P).4p""","=""2D*""","=""3/2""",,"=""T5723LS""","=""""",
O,2,"=""692.2355""","=""692.2353""","=""""","=""6""","=""""",,"=""253048.82""","=""267490.79""","=""2s2.2p2.(1D).3d""","=""2D""","=""5/2""","=""2s2.2p2.(1D).4p""","=""2P*""","=""3/2""",,"=""""","=""L10621""",
O,4,"=""""","=""693.160""","=""""","=""""","=""7.35e+06""",B,"=""452806.6""","=""467229.3""","=""2s.2p.(3P*).3s""","=""2P*""","=""1/2""","=""2s.2p.(3P*).3p""","=""2P""","=""1/2""",,"=""T5109LS""","=""""",
O,2,"=""693.6019""","=""693.6008""","=""""","=""5""","=""""",,"=""253046.74""","=""267460.28""","=""2s2.2p2.(1D).3d""","=""2D""","=""3/2""","=""2s2.2p2.(1D).4p""","=""2P*""","=""1/2""",,"=""""","=""L10621""",
O,1,"=""""","=""700.1899""","=""""","=""""","=""1.47e+06""",B,"=""88630.587""","=""102908.489""","=""2s2.2p3.(4S*).3p""","=""3P""","=""1""","=""2s2.2p3.(4S*).4d""","=""3D*""","=""1""",,"=""T5803,LS""","=""""",
O,1,"=""700.192""","=""700.1922""","=""""","=""360""","=""2.65e+06""",B,"=""88630.587""","=""102908.443""","=""2s2.2p3.(4S*).3p""","=""3P""","=""1""","=""2s2.2p3.(4S*).4d""","=""3D*""","=""2""",,"=""T5803,LS""","=""L3760""",
O,1,"=""""","=""700.2173""","=""""","=""""","=""9.83e+04""",B,"=""88631.146""","=""102908.489""","=""2s2.2p3.(4S*).3p""","=""3P""","=""2""","=""2s2.2p3.(4S*).4d""","=""3D*""","=""1""",,"=""T5803,LS""","=""""",
O,1,"=""""","=""700.2196""","=""""","=""""","=""8.83e+05""",B,"=""88631.146""","=""102908.443""","=""2s2.2p3.(4S*).3p""","=""3P""","=""2""","=""2s2.2p3.(4S*).4d""","=""3D*""","=""2""",,"=""T5803,LS""","=""""",
O,1,"=""700.223""","=""700.2230""","=""""","=""450""","=""3.53e+06""",B,"=""88631.146""","=""102908.374""","=""2s2.2p3.(4S*).3p""","=""3P""","=""2""","=""2s2.2p3.(4S*).4d""","=""3D*""","=""3""",,"=""T5803,LS""","=""L3760""",
O,1,"=""""","=""700.2250""","=""""","=""""","=""1.96e+06""",B,"=""88631.303""","=""102908.489""","=""2s2.2p3.(4S*).3p""","=""3P""","=""0""","=""2s2.2p3.(4S*).4d""","=""3D*""","=""1""",,"=""T5803,LS""","=""""",
O,4,"=""""","=""700.411""","=""""","=""""","=""8.90e+06""",B,"=""453071.5""","=""467344.9""","=""2s.2p.(3P*).3s""","=""2P*""","=""3/2""","=""2s.2p.(3P*).3p""","=""2P""","=""3/2""",,"=""T5109LS""","=""""",
O,3,"=""""","=""701.632""","=""""","=""""","=""6.55e+06""",C+,"=""366488.45""","=""380737.00""","=""2s2.2p.(2P*).4p""","=""3D""","=""1""","=""2s2.2p.(2P*).4d""","=""3P*""","=""0""",,"=""T5376LS""","=""""",
O,1,"=""""","=""701.7300""","=""""","=""""","=""3.22e+04""",C,"=""99680.968""","=""113927.534""","=""2s2.2p3.(4S*).4p""","=""3P""","=""1""","=""2s2.2p3.(2P*).3s""","=""3P*""","=""0""",,"=""T5713LS""","=""""",
O,1,"=""""","=""702.0327""","=""""","=""""","=""8.05e+03""",C,"=""99680.968""","=""113921.391""","=""2s2.2p3.(4S*).4p""","=""3P""","=""1""","=""2s2.2p3.(2P*).3s""","=""3P*""","=""1""",,"=""T5713LS""","=""""",
O,1,"=""""","=""702.0367""","=""""","=""""","=""1.34e+04""",C,"=""99681.049""","=""113921.391""","=""2s2.2p3.(4S*).4p""","=""3P""","=""2""","=""2s2.2p3.(2P*).3s""","=""3P*""","=""1""",,"=""T5713LS""","=""""",
O,1,"=""""","=""702.0495""","=""""","=""""","=""1.07e+04""",C,"=""99681.309""","=""113921.391""","=""2s2.2p3.(4S*).4p""","=""3P""","=""0""","=""2s2.2p3.(2P*).3s""","=""3P*""","=""1""",,"=""T5713LS""","=""""",
O,1,"=""""","=""702.5475""","=""""","=""""","=""8.03e+03""",C,"=""99680.968""","=""113910.957""","=""2s2.2p3.(4S*).4p""","=""3P""","=""1""","=""2s2.2p3.(2P*).3s""","=""3P*""","=""2""",,"=""T5713LS""","=""""",
O,1,"=""""","=""702.5515""","=""""","=""""","=""2.41e+04""",C,"=""99681.049""","=""113910.957""","=""2s2.2p3.(4S*).4p""","=""3P""","=""2""","=""2s2.2p3.(2P*).3s""","=""3P*""","=""2""",,"=""T5713LS""","=""""",
O,3,"=""""","=""702.573""","=""""","=""""","=""1.63e+06""",C+,"=""366488.45""","=""380717.92""","=""2s2.2p.(2P*).4p""","=""3D""","=""1""","=""2s2.2p.(2P*).4d""","=""3P*""","=""1""",,"=""T5376LS""","=""""",
O,3,"=""""","=""703.137""","=""""","=""""","=""6.51e+04""",C+,"=""366488.45""","=""380706.51""","=""2s2.2p.(2P*).4p""","=""3D""","=""1""","=""2s2.2p.(2P*).4d""","=""3P*""","=""2""",,"=""T5376LS""","=""""",
O,4,"=""""","=""703.234""","=""""","=""""","=""3.90e+07""",B,"=""485821.7""","=""500037.8""","=""2s2.4s""","=""2S""","=""1/2""","=""2s2.4p""","=""2P*""","=""3/2""",,"=""T5109LS""","=""""",
O,4,"=""""","=""705.362""","=""""","=""""","=""3.86e+07""",B,"=""485821.7""","=""499994.9""","=""2s2.4s""","=""2S""","=""1/2""","=""2s2.4p""","=""2P*""","=""1/2""",,"=""T5109LS""","=""""",
O,4,"=""""","=""706.130""","=""""","=""""","=""3.48e+06""",B,"=""453071.5""","=""467229.3""","=""2s.2p.(3P*).3s""","=""2P*""","=""3/2""","=""2s.2p.(3P*).3p""","=""2P""","=""1/2""",,"=""T5109LS""","=""""",
O,3,"=""""","=""707.912""","=""""","=""""","=""4.78e+06""",C+,"=""366595.76""","=""380717.92""","=""2s2.2p.(2P*).4p""","=""3D""","=""2""","=""2s2.2p.(2P*).4d""","=""3P*""","=""1""",,"=""T5376LS""","=""""",
O,2,"=""708.3975""","=""708.3962""","=""""","=""11""","=""2.28e+06""",D,"=""234402.797""","=""248515.30""","=""2s2.2p2.(3P).3d""","=""2D""","=""3/2""","=""2s2.2p2.(3P).4p""","=""2P*""","=""3/2""",,"=""T5723LS""","=""L10621""",
O,3,"=""""","=""708.484""","=""""","=""""","=""9.54e+05""",C+,"=""366595.76""","=""380706.51""","=""2s2.2p.(2P*).4p""","=""3D""","=""2""","=""2s2.2p.(2P*).4d""","=""3P*""","=""2""",,"=""T5376LS""","=""""",
O,2,"=""711.0083""","=""711.0078""","=""""","=""16""","=""2.03e+07""",D,"=""234454.634""","=""248515.30""","=""2s2.2p2.(3P).3d""","=""2D""","=""5/2""","=""2s2.2p2.(3P).4p""","=""2P*""","=""3/2""",,"=""T5723LS""","=""L10621""",
O,2,"=""712.8885""","=""712.8865""","=""""","=""13""","=""2.24e+07""",D,"=""234402.797""","=""248426.41""","=""2s2.2p2.(3P).3d""","=""2D""","=""3/2""","=""2s2.2p2.(3P).4p""","=""2P*""","=""1/2""",,"=""T5723LS""","=""L10621""",
O,2,"=""""","=""713.0400""","=""""","=""""","=""""",,"=""232462.724""","=""246483.317""","=""2s2.2p2.(3P).3d""","=""4P""","=""5/2""","=""2s2.2p2.(3P).4p""","=""4P*""","=""3/2""",,"=""""","=""L11267""",
O,2,"=""714.4478""","=""714.4509""","=""""","=""12""","=""""",,"=""232462.724""","=""246455.629""","=""2s2.2p2.(3P).3d""","=""4P""","=""5/2""","=""2s2.2p2.(3P).4p""","=""4P*""","=""5/2""",,"=""""","=""L10621""",
O,2,"=""715.1087""","=""715.1079""","=""""","=""12""","=""""",,"=""252608.28""","=""266588.33""","=""2s2.2p2.(1D).3d""","=""2G""","=""9/2""","=""2s2.2p2.(1D).4p""","=""2F*""","=""7/2""",,"=""""","=""L10621""",
O,2,"=""715.6090""","=""715.6085""","=""""","=""11""","=""""",,"=""252609.46""","=""266579.73""","=""2s2.2p2.(1D).3d""","=""2G""","=""7/2""","=""2s2.2p2.(1D).4p""","=""2F*""","=""5/2""",,"=""""","=""L10621""",
O,4,"=""""","=""715.622""","=""""","=""""","=""3.58e+04""",B,"=""570791""","=""584761""","=""2s.2p.(1P*).3d""","=""2F*""","=""5/2""","=""2s.2p.(3P*).4p""","=""2D""","=""5/2""",,"=""T5109LS""","=""""",
O,1,"=""715.670""","=""715.6701""","=""""","=""210""","=""5.05e+07""",B,"=""102662.026""","=""116631.094""","=""2s2.2p3.(2D*).3s""","=""1D*""","=""2""","=""2s2.2p3.(2D*).3p""","=""1D""","=""2""",,"=""T5713""","=""L3760""",
O,4,"=""""","=""715.9""","=""""","=""""","=""7.16e+05""",B,"=""570797""","=""584761""","=""2s.2p.(1P*).3d""","=""2F*""","=""7/2""","=""2s.2p.(3P*).4p""","=""2D""","=""5/2""",,"=""T5109LS""","=""""",
O,2,"=""716.7833""","=""716.7836""","=""""","=""7""","=""""",,"=""232535.949""","=""246483.317""","=""2s2.2p2.(3P).3d""","=""4P""","=""3/2""","=""2s2.2p2.(3P).4p""","=""4P*""","=""3/2""",,"=""""","=""L10621""",
O,2,"=""718.2091""","=""718.2094""","=""""","=""6""","=""""",,"=""232535.949""","=""246455.629""","=""2s2.2p2.(3P).3d""","=""4P""","=""3/2""","=""2s2.2p2.(3P).4p""","=""4P*""","=""5/2""",,"=""""","=""L10621""",
O,3,"=""""","=""719.025""","=""""","=""""","=""5.11e+06""",C+,"=""366802.62""","=""380706.51""","=""2s2.2p.(2P*).4p""","=""3D""","=""3""","=""2s2.2p.(2P*).4d""","=""3P*""","=""2""",,"=""T5376LS""","=""""",
O,2,"=""720.2206""","=""720.2198""","=""""","=""9""","=""""",,"=""232602.492""","=""246483.317""","=""2s2.2p2.(3P).3d""","=""4P""","=""1/2""","=""2s2.2p2.(3P).4p""","=""4P*""","=""3/2""",,"=""""","=""L10621""",
O,2,"=""722.9142""","=""722.9137""","=""""","=""16""","=""""",,"=""232462.724""","=""246291.822""","=""2s2.2p2.(3P).3d""","=""4P""","=""5/2""","=""2s2.2p2.(3P).4p""","=""4S*""","=""3/2""",,"=""""","=""L10621""",
O,2,"=""725.2717""","=""725.2717""","=""""","=""12""","=""""",,"=""232535.949""","=""246320.086""","=""2s2.2p2.(3P).3d""","=""4P""","=""3/2""","=""2s2.2p2.(3P).4p""","=""4P*""","=""1/2""",,"=""""","=""L10621""",
O,2,"=""""","=""725.287""","=""""","=""""","=""3.31e+05""",D,"=""234402.797""","=""248186.64""","=""2s2.2p2.(3P).3d""","=""2D""","=""3/2""","=""2s2.2p2.(3P).4p""","=""2D*""","=""5/2""",,"=""T5723LS""","=""""",
O,1,"=""725.415""","=""725.4154""","=""""","=""400""","=""2.24e+06""",C+,"=""88630.587""","=""102411.995""","=""2s2.2p3.(4S*).3p""","=""3P""","=""1""","=""2s2.2p3.(4S*).5s""","=""3S*""","=""1""",,"=""T5713LS""","=""L3760""",
O,1,"=""725.445""","=""725.4448""","=""""","=""450""","=""3.73e+06""",C+,"=""88631.146""","=""102411.995""","=""2s2.2p3.(4S*).3p""","=""3P""","=""2""","=""2s2.2p3.(4S*).5s""","=""3S*""","=""1""",,"=""T5713LS""","=""L3760""",
O,1,"=""725.453""","=""725.4531""","=""""","=""320""","=""7.45e+05""",C+,"=""88631.303""","=""102411.995""","=""2s2.2p3.(4S*).3p""","=""3P""","=""0""","=""2s2.2p3.(4S*).5s""","=""3S*""","=""1""",,"=""T5713LS""","=""L3760""",
O,2,"=""725.9282""","=""725.9280""","=""""","=""10""","=""""",,"=""232711.642""","=""246483.317""","=""2s2.2p2.(3P).3d""","=""4D""","=""1/2""","=""2s2.2p2.(3P).4p""","=""4P*""","=""3/2""",,"=""""","=""L10621""",
O,2,"=""726.7630""","=""726.7620""","=""""","=""9""","=""""",,"=""232535.949""","=""246291.822""","=""2s2.2p2.(3P).3d""","=""4P""","=""3/2""","=""2s2.2p2.(3P).4p""","=""4S*""","=""3/2""",,"=""""","=""L10621""",
O,4,"=""""","=""727.072""","=""""","=""""","=""7.17e+05""",B,"=""570791""","=""584541""","=""2s.2p.(1P*).3d""","=""2F*""","=""5/2""","=""2s.2p.(3P*).4p""","=""2D""","=""3/2""",,"=""T5109LS""","=""""",
O,2,"=""727.7438""","=""727.7426""","=""""","=""12""","=""""",,"=""232745.981""","=""246483.317""","=""2s2.2p2.(3P).3d""","=""4D""","=""3/2""","=""2s2.2p2.(3P).4p""","=""4P*""","=""3/2""",,"=""""","=""L10621""",
O,2,"=""727.8258""","=""727.8264""","=""""","=""10""","=""""",,"=""232747.562""","=""246483.317""","=""2s2.2p2.(3P).3d""","=""4D""","=""5/2""","=""2s2.2p2.(3P).4p""","=""4P*""","=""3/2""",,"=""""","=""L10621""",
O,2,"=""728.0257""","=""728.0251""","=""""","=""11""","=""4.59e+06""",D,"=""234454.634""","=""248186.64""","=""2s2.2p2.(3P).3d""","=""2D""","=""5/2""","=""2s2.2p2.(3P).4p""","=""2D*""","=""5/2""",,"=""T5723LS""","=""L10621""",
O,2,"=""728.7894""","=""728.7900""","=""""","=""10""","=""""",,"=""232602.492""","=""246320.086""","=""2s2.2p2.(3P).3d""","=""4P""","=""1/2""","=""2s2.2p2.(3P).4p""","=""4P*""","=""1/2""",,"=""""","=""L10621""",
O,2,"=""729.2129""","=""729.2124""","=""""","=""9""","=""""",,"=""232745.981""","=""246455.629""","=""2s2.2p2.(3P).3d""","=""4D""","=""3/2""","=""2s2.2p2.(3P).4p""","=""4P*""","=""5/2""",,"=""""","=""L10621""",
O,2,"=""729.2962""","=""729.2965""","=""""","=""11""","=""""",,"=""232747.562""","=""246455.629""","=""2s2.2p2.(3P).3d""","=""4D""","=""5/2""","=""2s2.2p2.(3P).4p""","=""4P*""","=""5/2""",,"=""""","=""L10621""",
O,2,"=""729.6310""","=""729.6294""","=""""","=""14""","=""""",,"=""232753.816""","=""246455.629""","=""2s2.2p2.(3P).3d""","=""4D""","=""7/2""","=""2s2.2p2.(3P).4p""","=""4P*""","=""5/2""",,"=""""","=""L10621""",
O,2,"=""729.8112""","=""729.8117""","=""""","=""5""","=""""",,"=""253792.40""","=""267490.79""","=""2s2.2p2.(1D).3d""","=""2P""","=""3/2""","=""2s2.2p2.(1D).4p""","=""2P*""","=""3/2""",,"=""""","=""L10621""",
O,2,"=""""","=""730.2947""","=""""","=""""","=""""",,"=""232602.492""","=""246291.822""","=""2s2.2p2.(3P).3d""","=""4P""","=""1/2""","=""2s2.2p2.(3P).4p""","=""4S*""","=""3/2""",,"=""""","=""L11267""",
O,2,"=""730.4170""","=""730.4180""","=""""","=""7""","=""""",,"=""232796.298""","=""246483.317""","=""2s2.2p2.(3P).3d""","=""2F""","=""5/2""","=""2s2.2p2.(3P).4p""","=""4P*""","=""3/2""",,"=""""","=""L10621""",
O,3,"=""""","=""730.685""","=""""","=""""","=""1.87e+07""",C+,"=""356736.30""","=""370418.32""","=""2s2.2p.(2P*).4s""","=""3P*""","=""0""","=""2s2.2p.(2P*).4p""","=""3P""","=""1""",,"=""T5376LS""","=""""",
O,3,"=""""","=""730.712""","=""""","=""""","=""1.41e+07""",C+,"=""356844.98""","=""370526.49""","=""2s2.2p.(2P*).4s""","=""3P*""","=""1""","=""2s2.2p.(2P*).4p""","=""3P""","=""2""",,"=""T5376LS""","=""""",
O,2,"=""731.3114""","=""731.3119""","=""""","=""1""","=""""",,"=""253789.99""","=""267460.28""","=""2s2.2p2.(1D).3d""","=""2P""","=""1/2""","=""2s2.2p2.(1D).4p""","=""2P*""","=""1/2""",,"=""""","=""L10621""",
O,2,"=""""","=""731.892""","=""""","=""""","=""5.19e-02""",B,"=""26810.55""","=""40470.00""","=""2s2.2p3""","=""2D*""","=""5/2""","=""2s2.2p3""","=""2P*""","=""1/2""",E2,"=""T5047,T4644""","=""L11267""",
O,2,"=""731.8987""","=""731.8986""","=""""","=""10""","=""""",,"=""232796.298""","=""246455.629""","=""2s2.2p2.(3P).3d""","=""2F""","=""5/2""","=""2s2.2p2.(3P).4p""","=""4P*""","=""5/2""",,"=""""","=""L10621""",
O,2,"=""731.992""","=""731.999""","=""""","=""""","=""9.07e-02""",B,"=""26810.55""","=""40468.01""","=""2s2.2p3""","=""2D*""","=""5/2""","=""2s2.2p3""","=""2P*""","=""3/2""",E2,"=""T5047,T4644""","=""L3452""",
O,2,"=""""","=""731.999""","=""""","=""""","=""8.37e-03""",B,"=""26810.55""","=""40468.01""","=""2s2.2p3""","=""2D*""","=""5/2""","=""2s2.2p3""","=""2P*""","=""3/2""",M1,"=""T5047,T4644""","=""""",
O,2,"=""""","=""732.967""","=""""","=""""","=""9.32e-03""",B,"=""26830.57""","=""40470.00""","=""2s2.2p3""","=""2D*""","=""3/2""","=""2s2.2p3""","=""2P*""","=""1/2""",M1,"=""T5047,T4644""","=""""",
O,2,"=""733.019""","=""732.967""","=""""","=""*""","=""7.74e-02""",B,"=""26830.57""","=""40470.00""","=""2s2.2p3""","=""2D*""","=""3/2""","=""2s2.2p3""","=""2P*""","=""1/2""",E2,"=""T5047,T4644""","=""L3452""",
O,2,"=""733.019""","=""733.073""","=""""","=""*""","=""3.85e-02""",B,"=""26830.57""","=""40468.01""","=""2s2.2p3""","=""2D*""","=""3/2""","=""2s2.2p3""","=""2P*""","=""3/2""",E2,"=""T5047,T4644""","=""L3452""",
O,2,"=""""","=""733.073""","=""""","=""""","=""1.49e-02""",B,"=""26830.57""","=""40468.01""","=""2s2.2p3""","=""2D*""","=""3/2""","=""2s2.2p3""","=""2P*""","=""3/2""",M1,"=""T5047,T4644""","=""""",
O,2,"=""734.6367""","=""734.6355""","=""""","=""7""","=""""",,"=""232711.642""","=""246320.086""","=""2s2.2p2.(3P).3d""","=""4D""","=""1/2""","=""2s2.2p2.(3P).4p""","=""4P*""","=""1/2""",,"=""""","=""L10621""",
O,2,"=""734.6895""","=""734.6901""","=""""","=""9""","=""4.30e+06""",D,"=""234402.797""","=""248010.23""","=""2s2.2p2.(3P).3d""","=""2D""","=""3/2""","=""2s2.2p2.(3P).4p""","=""2D*""","=""3/2""",,"=""T5723LS""","=""L10621""",
O,2,"=""735.5362""","=""735.5373""","=""""","=""4""","=""""",,"=""253048.82""","=""266640.58""","=""2s2.2p2.(1D).3d""","=""2D""","=""5/2""","=""2s2.2p2.(1D).4p""","=""2D*""","=""5/2""",,"=""""","=""L10621""",
O,2,"=""736.1647""","=""736.1645""","=""""","=""3""","=""""",,"=""232711.642""","=""246291.822""","=""2s2.2p2.(3P).3d""","=""4D""","=""1/2""","=""2s2.2p2.(3P).4p""","=""4S*""","=""3/2""",,"=""""","=""L10621""",
O,2,"=""736.3046""","=""736.3054""","=""""","=""2""","=""""",,"=""253046.74""","=""266624.32""","=""2s2.2p2.(1D).3d""","=""2D""","=""3/2""","=""2s2.2p2.(1D).4p""","=""2D*""","=""3/2""",,"=""""","=""L10621""",
O,2,"=""736.4935""","=""736.4939""","=""""","=""3""","=""""",,"=""232745.981""","=""246320.086""","=""2s2.2p2.(3P).3d""","=""4D""","=""3/2""","=""2s2.2p2.(3P).4p""","=""4P*""","=""1/2""",,"=""""","=""L10621""",
O,3,"=""""","=""736.535""","=""""","=""""","=""1.37e+07""",C+,"=""356844.98""","=""370418.32""","=""2s2.2p.(2P*).4s""","=""3P*""","=""1""","=""2s2.2p.(2P*).4p""","=""3P""","=""1""",,"=""T5376LS""","=""""",
O,2,"=""736.7694""","=""736.7678""","=""""","=""5""","=""""",,"=""245037.29""","=""258606.35""","=""2s2.2p2.(3P).4p""","=""2S*""","=""1/2""","=""2s2.2p2.(3P).5s""","=""2P""","=""3/2""",,"=""""","=""L10621""",
O,2,"=""736.9017""","=""736.9029""","=""""","=""1""","=""""",,"=""232462.724""","=""246029.295""","=""2s2.2p2.(3P).3d""","=""4P""","=""5/2""","=""2s2.2p2.(3P).4p""","=""4D*""","=""7/2""",,"=""""","=""L10621""",
O,2,"=""737.4986""","=""737.4996""","=""""","=""3""","=""4.73e+05""",D,"=""234454.634""","=""248010.23""","=""2s2.2p2.(3P).3d""","=""2D""","=""5/2""","=""2s2.2p2.(3P).4p""","=""2D*""","=""3/2""",,"=""T5723LS""","=""L10621""",
O,2,"=""""","=""738.0307""","=""""","=""""","=""""",,"=""232745.981""","=""246291.822""","=""2s2.2p2.(3P).3d""","=""4D""","=""3/2""","=""2s2.2p2.(3P).4p""","=""4S*""","=""3/2""",,"=""""","=""L11267""",
O,2,"=""738.1118""","=""738.1168""","=""""","=""1""","=""""",,"=""232747.562""","=""246291.822""","=""2s2.2p2.(3P).3d""","=""4D""","=""5/2""","=""2s2.2p2.(3P).4p""","=""4S*""","=""3/2""",,"=""""","=""L10621""",
O,2,"=""738.3744""","=""738.3758""","=""""","=""2""","=""""",,"=""253048.82""","=""266588.33""","=""2s2.2p2.(1D).3d""","=""2D""","=""5/2""","=""2s2.2p2.(1D).4p""","=""2F*""","=""7/2""",,"=""""","=""L10621""",
O,2,"=""738.7324""","=""738.7315""","=""""","=""3""","=""""",,"=""253046.74""","=""266579.73""","=""2s2.2p2.(1D).3d""","=""2D""","=""3/2""","=""2s2.2p2.(1D).4p""","=""2F*""","=""5/2""",,"=""""","=""L10621""",
O,2,"=""740.7341""","=""740.7333""","=""""","=""3""","=""""",,"=""232959.210""","=""246455.629""","=""2s2.2p2.(3P).3d""","=""2F""","=""7/2""","=""2s2.2p2.(3P).4p""","=""4P*""","=""5/2""",,"=""""","=""L10621""",
O,2,"=""740.7821""","=""740.7824""","=""""","=""2""","=""""",,"=""232796.298""","=""246291.822""","=""2s2.2p2.(3P).3d""","=""2F""","=""5/2""","=""2s2.2p2.(3P).4p""","=""4S*""","=""3/2""",,"=""""","=""L10621""",
O,3,"=""""","=""741.009""","=""""","=""""","=""6.69e+05""",C+,"=""380706.51""","=""394197.9""","=""2s2.2p.(2P*).4d""","=""3P*""","=""2""","=""2s.2p2.(2D).3s""","=""3D""","=""3""",,"=""T5376LS""","=""""",
O,3,"=""""","=""741.404""","=""""","=""""","=""5.38e+07""",C+,"=""356844.98""","=""370329.18""","=""2s2.2p.(2P*).4s""","=""3P*""","=""1""","=""2s2.2p.(2P*).4p""","=""3P""","=""0""",,"=""T5376LS""","=""""",
O,5,"=""""","=""742.236""","=""""","=""""","=""2.79e+07""",B,"=""722480.0""","=""735949.1""","=""1s2.2s.4s""","=""3S""","=""1""","=""1s2.2s.4p""","=""3P*""","=""2""",,"=""T5633LS""","=""""",
O,5,"=""""","=""743.732""","=""""","=""""","=""2.78e+07""",B,"=""722480.0""","=""735922.0""","=""1s2.2s.4s""","=""3S""","=""1""","=""1s2.2s.4p""","=""3P*""","=""1""",,"=""T5633LS""","=""""",
O,2,"=""743.8139""","=""743.8151""","=""""","=""2""","=""""",,"=""232462.724""","=""245903.224""","=""2s2.2p2.(3P).3d""","=""4P""","=""5/2""","=""2s2.2p2.(3P).4p""","=""4D*""","=""5/2""",,"=""""","=""L10621""",
O,5,"=""""","=""744.308""","=""""","=""""","=""2.77e+07""",B,"=""722480.0""","=""735911.6""","=""1s2.2s.4s""","=""3S""","=""1""","=""1s2.2s.4p""","=""3P*""","=""0""",,"=""T5633LS""","=""""",
O,3,"=""""","=""744.907""","=""""","=""""","=""1.65e+05""",C+,"=""380706.51""","=""394127.3""","=""2s2.2p.(2P*).4d""","=""3P*""","=""2""","=""2s.2p2.(2D).3s""","=""3D""","=""2""",,"=""T5376LS""","=""""",
O,3,"=""""","=""745.536""","=""""","=""""","=""3.97e+07""",C+,"=""357117.01""","=""370526.49""","=""2s2.2p.(2P*).4s""","=""3P*""","=""2""","=""2s2.2p.(2P*).4p""","=""3P""","=""2""",,"=""T5376LS""","=""""",
O,3,"=""""","=""745.541""","=""""","=""""","=""4.92e+05""",C+,"=""380717.92""","=""394127.3""","=""2s2.2p.(2P*).4d""","=""3P*""","=""1""","=""2s.2p2.(2D).3s""","=""3D""","=""2""",,"=""T5376LS""","=""""",
O,3,"=""""","=""747.576""","=""""","=""""","=""1.81e+04""",C,"=""380706.51""","=""394079.4""","=""2s2.2p.(2P*).4d""","=""3P*""","=""2""","=""2s.2p2.(2D).3s""","=""3D""","=""1""",,"=""T5376LS""","=""""",
O,1,"=""747.644""","=""747.6439+""","=""""","=""210""","=""""",,"=""113910.957""","=""127282.626""","=""2s2.2p3.(2P*).3s""","=""3P*""","=""2""","=""2s2.2p3.(2P*).3p""","=""3D""","=""3""",,"=""""","=""L3760""",
O,1,"=""747.724""","=""747.7234+""","=""""","=""100""","=""""",,"=""113921.391""","=""127291.638""","=""2s2.2p3.(2P*).3s""","=""3P*""","=""1""","=""2s2.2p3.(2P*).3p""","=""3D""","=""1""",,"=""""","=""L3760""",
O,2,"=""""","=""747.8897""","=""""","=""""","=""""",,"=""232535.949""","=""245903.224""","=""2s2.2p2.(3P).3d""","=""4P""","=""3/2""","=""2s2.2p2.(3P).4p""","=""4D*""","=""5/2""",,"=""""","=""L11267""",
O,1,"=""747.908""","=""747.9074+""","=""""","=""120""","=""""",,"=""113921.391""","=""127288.349""","=""2s2.2p3.(2P*).3s""","=""3P*""","=""1""","=""2s2.2p3.(2P*).3p""","=""3D""","=""2""",,"=""""","=""L3760""",
O,1,"=""748.067""","=""748.0671+""","=""""","=""120""","=""""",,"=""113927.534""","=""127291.638""","=""2s2.2p3.(2P*).3s""","=""3P*""","=""0""","=""2s2.2p3.(2P*).3p""","=""3D""","=""1""",,"=""""","=""L3760""",
O,3,"=""""","=""748.214""","=""""","=""""","=""2.71e+05""",C+,"=""380717.92""","=""394079.4""","=""2s2.2p.(2P*).4d""","=""3P*""","=""1""","=""2s.2p2.(2D).3s""","=""3D""","=""1""",,"=""T5376LS""","=""""",
O,2,"=""""","=""748.6345""","=""""","=""""","=""""",,"=""232462.724""","=""245816.70""","=""2s2.2p2.(3P).3d""","=""4P""","=""5/2""","=""2s2.2p2.(3P).4p""","=""4D*""","=""3/2""",,"=""""","=""L11267""",
O,3,"=""""","=""749.284""","=""""","=""""","=""3.59e+05""",C+,"=""380737.00""","=""394079.4""","=""2s2.2p.(2P*).4d""","=""3P*""","=""0""","=""2s.2p2.(2D).3s""","=""3D""","=""1""",,"=""T5376LS""","=""""",
O,4,"=""""","=""750.094""","=""""","=""""","=""3.73e+06""",B,"=""584541""","=""597869""","=""2s.2p.(3P*).4p""","=""2D""","=""3/2""","=""2s.2p.(3P*).4d""","=""2P*""","=""1/2""",,"=""T5109LS""","=""""",
O,3,"=""""","=""751.599""","=""""","=""""","=""2.15e+07""",C+,"=""357117.01""","=""370418.32""","=""2s2.2p.(2P*).4s""","=""3P*""","=""2""","=""2s2.2p.(2P*).4p""","=""3P""","=""1""",,"=""T5376LS""","=""""",
O,2,"=""752.7011""","=""752.7065""","=""""","=""4""","=""6.91e+05""",D,"=""232747.562""","=""246029.295""","=""2s2.2p2.(3P).3d""","=""4D""","=""5/2""","=""2s2.2p2.(3P).4p""","=""4D*""","=""7/2""",,"=""T5723LS""","=""L10621""",
O,2,"=""""","=""752.7622""","=""""","=""""","=""""",,"=""232535.949""","=""245816.70""","=""2s2.2p2.(3P).3d""","=""4P""","=""3/2""","=""2s2.2p2.(3P).4p""","=""4D*""","=""3/2""",,"=""""","=""L11267""",
O,2,"=""753.0620""","=""753.0611""","=""""","=""10""","=""4.15e+06""",D,"=""232753.816""","=""246029.295""","=""2s2.2p2.(3P).3d""","=""4D""","=""7/2""","=""2s2.2p2.(3P).4p""","=""4D*""","=""7/2""",,"=""T5723LS""","=""L10621""",
O,3,"=""""","=""755.142""","=""""","=""""","=""1.48e+06""",C+,"=""350024.49""","=""363263.38""","=""2s.2p2.(4P).3s""","=""3P""","=""0""","=""2s.2p2.(4P).3p""","=""3S*""","=""1""",,"=""T5376LS""","=""""",
O,2,"=""755.4772""","=""755.4787""","=""""","=""3""","=""""",,"=""232796.298""","=""246029.295""","=""2s2.2p2.(3P).3d""","=""2F""","=""5/2""","=""2s2.2p2.(3P).4p""","=""4D*""","=""7/2""",,"=""""","=""L10621""",
O,2,"=""""","=""755.5116""","=""""","=""""","=""""",,"=""232535.949""","=""245768.37""","=""2s2.2p2.(3P).3d""","=""4P""","=""3/2""","=""2s2.2p2.(3P).4p""","=""4D*""","=""1/2""",,"=""""","=""L11267""",
O,2,"=""756.5482""","=""756.5529""","=""""","=""3""","=""""",,"=""232602.492""","=""245816.70""","=""2s2.2p2.(3P).3d""","=""4P""","=""1/2""","=""2s2.2p2.(3P).4p""","=""4D*""","=""3/2""",,"=""""","=""L10621""",
O,4,"=""""","=""758.574""","=""""","=""""","=""3.61e+05""",B,"=""584541""","=""597720""","=""2s.2p.(3P*).4p""","=""2D""","=""3/2""","=""2s.2p.(3P*).4d""","=""2P*""","=""3/2""",,"=""T5109LS""","=""""",
O,2,"=""""","=""759.3301""","=""""","=""""","=""""",,"=""232602.492""","=""245768.37""","=""2s2.2p2.(3P).3d""","=""4P""","=""1/2""","=""2s2.2p2.(3P).4p""","=""4D*""","=""1/2""",,"=""""","=""L11267""",
O,2,"=""759.8254""","=""759.8285""","=""""","=""4""","=""1.10e+06""",D,"=""232745.981""","=""245903.224""","=""2s2.2p2.(3P).3d""","=""4D""","=""3/2""","=""2s2.2p2.(3P).4p""","=""4D*""","=""5/2""",,"=""T5723LS""","=""L10621""",
O,2,"=""759.9215""","=""759.9198""","=""""","=""4""","=""2.70e+06""",D,"=""232747.562""","=""245903.224""","=""2s2.2p2.(3P).3d""","=""4D""","=""5/2""","=""2s2.2p2.(3P).4p""","=""4D*""","=""5/2""",,"=""T5723LS""","=""L10621""",
O,2,"=""760.2810""","=""760.2812""","=""""","=""5""","=""8.94e+05""",D,"=""232753.816""","=""245903.224""","=""2s2.2p2.(3P).3d""","=""4D""","=""7/2""","=""2s2.2p2.(3P).4p""","=""4D*""","=""5/2""",,"=""T5723LS""","=""L10621""",
O,3,"=""""","=""760.888""","=""""","=""""","=""4.35e+06""",C+,"=""350124.45""","=""363263.38""","=""2s.2p2.(4P).3s""","=""3P""","=""1""","=""2s.2p2.(4P).3p""","=""3S*""","=""1""",,"=""T5376LS""","=""""",
O,2,"=""762.7460""","=""762.7454""","=""""","=""4""","=""""",,"=""232796.298""","=""245903.224""","=""2s2.2p2.(3P).3d""","=""2F""","=""5/2""","=""2s2.2p2.(3P).4p""","=""4D*""","=""5/2""",,"=""""","=""L10621""",
O,2,"=""762.8468""","=""762.8542""","=""""","=""4""","=""1.16e+06""",D,"=""232711.642""","=""245816.70""","=""2s2.2p2.(3P).3d""","=""4D""","=""1/2""","=""2s2.2p2.(3P).4p""","=""4D*""","=""3/2""",,"=""T5723LS""","=""L10621""",
O,2,"=""764.8605""","=""764.8583""","=""""","=""4""","=""1.85e+06""",D,"=""232745.981""","=""245816.70""","=""2s2.2p2.(3P).3d""","=""4D""","=""3/2""","=""2s2.2p2.(3P).4p""","=""4D*""","=""3/2""",,"=""T5723LS""","=""L10621""",
O,2,"=""764.9557""","=""764.9508""","=""""","=""4""","=""1.62e+06""",D,"=""232747.562""","=""245816.70""","=""2s2.2p2.(3P).3d""","=""4D""","=""5/2""","=""2s2.2p2.(3P).4p""","=""4D*""","=""3/2""",,"=""T5723LS""","=""L10621""",
O,2,"=""""","=""765.6779""","=""""","=""""","=""2.30e+06""",D,"=""232711.642""","=""245768.37""","=""2s2.2p2.(3P).3d""","=""4D""","=""1/2""","=""2s2.2p2.(3P).4p""","=""4D*""","=""1/2""",,"=""T5723LS""","=""L11267""",
O,2,"=""767.6944""","=""767.6970""","=""""","=""4""","=""2.29e+06""",D,"=""232745.981""","=""245768.37""","=""2s2.2p2.(3P).3d""","=""4D""","=""3/2""","=""2s2.2p2.(3P).4p""","=""4D*""","=""1/2""",,"=""T5723LS""","=""L10621""",
O,1,"=""770.675""","=""770.6743+""","=""""","=""100""","=""""",,"=""113294.816""","=""126266.896""","=""2s2.2p3.(2D*).3p""","=""3D""","=""3""","=""2s.2p5""","=""3P*""","=""2""",,"=""""","=""L3760""",
O,3,"=""""","=""771.095""","=""""","=""""","=""6.96e+06""",C+,"=""350298.38""","=""363263.38""","=""2s.2p2.(4P).3s""","=""3P""","=""2""","=""2s.2p2.(4P).3p""","=""3S*""","=""1""",,"=""T5376LS""","=""""",
O,4,"=""""","=""771.452""","=""""","=""""","=""3.08e+06""",B,"=""584761""","=""597720""","=""2s.2p.(3P*).4p""","=""2D""","=""5/2""","=""2s.2p.(3P*).4d""","=""2P*""","=""3/2""",,"=""T5109LS""","=""""",
O,1,"=""777.194""","=""777.1944""","=""""","=""870""","=""3.69e+07""",A,"=""73768.200""","=""86631.454""","=""2s2.2p3.(4S*).3s""","=""5S*""","=""2""","=""2s2.2p3.(4S*).3p""","=""5P""","=""3""",,"=""T5803,LS""","=""L3760""",
O,1,"=""777.417""","=""777.4166""","=""""","=""810""","=""3.69e+07""",A,"=""73768.200""","=""86627.778""","=""2s2.2p3.(4S*).3s""","=""5S*""","=""2""","=""2s2.2p3.(4S*).3p""","=""5P""","=""2""",,"=""T5803,LS""","=""L3760""",
O,1,"=""777.539""","=""777.5388""","=""""","=""750""","=""3.69e+07""",A,"=""73768.200""","=""86625.757""","=""2s2.2p3.(4S*).3s""","=""5S*""","=""2""","=""2s2.2p3.(4S*).3p""","=""5P""","=""1""",,"=""T5803,LS""","=""L3760""",
O,4,"=""""","=""779.999""","=""""","=""""","=""1.50e+04""",B,"=""581721""","=""594538""","=""2s.2p.(1P*).3d""","=""2P*""","=""1/2""","=""2p2.(3P).3s""","=""2P""","=""3/2""",,"=""T5109LS""","=""""",
O,3,"=""""","=""780.756""","=""""","=""""","=""2.30e+06""",C+,"=""366488.45""","=""379293.03""","=""2s2.2p.(2P*).4p""","=""3D""","=""1""","=""2s2.2p.(2P*).4d""","=""3D*""","=""2""",,"=""T5376LS""","=""""",
O,4,"=""""","=""781.340""","=""""","=""""","=""7.45e+04""",B,"=""581743""","=""594538""","=""2s.2p.(1P*).3d""","=""2P*""","=""3/2""","=""2p2.(3P).3s""","=""2P""","=""3/2""",,"=""T5109LS""","=""""",
O,3,"=""""","=""782.068""","=""""","=""""","=""3.10e+07""",C+,"=""367953.90""","=""380737.00""","=""2s2.2p.(2P*).4p""","=""3S""","=""1""","=""2s2.2p.(2P*).4d""","=""3P*""","=""0""",,"=""T5376LS""","=""""",
O,3,"=""""","=""783.237""","=""""","=""""","=""3.09e+07""",C+,"=""367953.90""","=""380717.92""","=""2s2.2p.(2P*).4p""","=""3S""","=""1""","=""2s2.2p.(2P*).4d""","=""3P*""","=""1""",,"=""T5376LS""","=""""",
O,3,"=""""","=""783.423""","=""""","=""""","=""1.69e+06""",C+,"=""366595.76""","=""379356.75""","=""2s2.2p.(2P*).4p""","=""3D""","=""2""","=""2s2.2p.(2P*).4d""","=""3D*""","=""3""",,"=""T5376LS""","=""""",
O,3,"=""""","=""783.938""","=""""","=""""","=""3.08e+07""",C+,"=""367953.90""","=""380706.51""","=""2s2.2p.(2P*).4p""","=""3S""","=""1""","=""2s2.2p.(2P*).4d""","=""3P*""","=""2""",,"=""T5376LS""","=""""",
O,3,"=""""","=""784.794""","=""""","=""""","=""1.13e+07""",C+,"=""366488.45""","=""379227.15""","=""2s2.2p.(2P*).4p""","=""3D""","=""1""","=""2s2.2p.(2P*).4d""","=""3D*""","=""1""",,"=""T5376LS""","=""""",
O,3,"=""""","=""787.354""","=""""","=""""","=""1.04e+07""",C+,"=""366595.76""","=""379293.03""","=""2s2.2p.(2P*).4p""","=""3D""","=""2""","=""2s2.2p.(2P*).4d""","=""3D*""","=""2""",,"=""T5376LS""","=""""",
O,1,"=""788.627""","=""788.6273+""","=""""","=""80""","=""""",,"=""115918.143""","=""128594.916""","=""2s2.2p3.(2P*).3s""","=""1P*""","=""1""","=""2s2.2p3.(2P*).3p""","=""1D""","=""2""",,"=""""","=""L3760""",
O,2,"=""789.4609""","=""789.4614""","=""""","=""5""","=""5.88e+05""",C,"=""240330.01""","=""252993.39""","=""2s2.2p2.(3P).4s""","=""2P""","=""1/2""","=""2s2.2p2.(1S).3p""","=""2P*""","=""3/2""",,"=""T5723LS""","=""L10621""",
O,2,"=""789.8452""","=""789.8456""","=""""","=""6""","=""2.35e+06""",C,"=""240330.01""","=""252987.23""","=""2s2.2p2.(3P).4s""","=""2P""","=""1/2""","=""2s2.2p2.(1S).3p""","=""2P*""","=""1/2""",,"=""T5723LS""","=""L10621""",
O,3,"=""""","=""791.461""","=""""","=""""","=""3.68e+06""",C+,"=""366595.76""","=""379227.15""","=""2s2.2p.(2P*).4p""","=""3D""","=""2""","=""2s2.2p.(2P*).4d""","=""3D*""","=""1""",,"=""T5376LS""","=""""",
O,4,"=""""","=""792.238""","=""""","=""""","=""5.71e+04""",B,"=""581721""","=""594340""","=""2s.2p.(1P*).3d""","=""2P*""","=""1/2""","=""2p2.(3P).3s""","=""2P""","=""1/2""",,"=""T5109LS""","=""""",
O,4,"=""""","=""793.622""","=""""","=""""","=""2.84e+04""",B,"=""581743""","=""594340""","=""2s.2p.(1P*).3d""","=""2P*""","=""3/2""","=""2p2.(3P).3s""","=""2P""","=""1/2""",,"=""T5109LS""","=""""",
O,1,"=""794.315""","=""794.3147+""","=""""","=""100""","=""""",,"=""101135.407""","=""113721.413""","=""2s2.2p3.(2D*).3s""","=""3D*""","=""3""","=""2s2.2p3.(2D*).3p""","=""3F""","=""3""",,"=""""","=""L3760""",
O,1,"=""794.717""","=""794.7168+""","=""""","=""100""","=""""",,"=""101147.526""","=""113727.165""","=""2s2.2p3.(2D*).3s""","=""3D*""","=""2""","=""2s2.2p3.(2D*).3p""","=""3F""","=""2""",,"=""""","=""L3760""",
O,1,"=""794.755""","=""794.7548+""","=""""","=""235""","=""""",,"=""101135.407""","=""113714.444""","=""2s2.2p3.(2D*).3s""","=""3D*""","=""3""","=""2s2.2p3.(2D*).3p""","=""3F""","=""4""",,"=""""","=""L3760""",
O,1,"=""795.080""","=""795.0803+""","=""""","=""210""","=""""",,"=""101147.526""","=""113721.413""","=""2s2.2p3.(2D*).3s""","=""3D*""","=""2""","=""2s2.2p3.(2D*).3p""","=""3F""","=""3""",,"=""""","=""L3760""",
O,1,"=""795.216""","=""795.2159+""","=""""","=""185""","=""""",,"=""101155.422""","=""113727.165""","=""2s2.2p3.(2D*).3s""","=""3D*""","=""1""","=""2s2.2p3.(2D*).3p""","=""3F""","=""2""",,"=""""","=""L3760""",
O,3,"=""""","=""796.332""","=""""","=""""","=""1.28e+07""",C+,"=""366802.62""","=""379356.75""","=""2s2.2p.(2P*).4p""","=""3D""","=""3""","=""2s2.2p.(2P*).4d""","=""3D*""","=""3""",,"=""T5376LS""","=""""",
O,1,"=""798.194""","=""798.1942""","=""""","=""110""","=""2.33e+04""",C,"=""88630.587""","=""101155.422""","=""2s2.2p3.(4S*).3p""","=""3P""","=""1""","=""2s2.2p3.(2D*).3s""","=""3D*""","=""1""",,"=""T5803,LS""","=""L3760""",
O,1,"=""""","=""798.2298""","=""""","=""""","=""1.80e+03""",C,"=""88631.146""","=""101155.422""","=""2s2.2p3.(4S*).3p""","=""3P""","=""2""","=""2s2.2p3.(2D*).3s""","=""3D*""","=""1""",,"=""T5803,LS""","=""""",
O,1,"=""798.240""","=""798.2398""","=""""","=""135""","=""3.09e+04""",C,"=""88631.303""","=""101155.422""","=""2s2.2p3.(4S*).3p""","=""3P""","=""0""","=""2s2.2p3.(2D*).3s""","=""3D*""","=""1""",,"=""T5803,LS""","=""L3760""",
O,1,"=""798.698""","=""798.6977""","=""""","=""190""","=""4.19e+04""",C,"=""88630.587""","=""101147.526""","=""2s2.2p3.(4S*).3p""","=""3P""","=""1""","=""2s2.2p3.(2D*).3s""","=""3D*""","=""2""",,"=""T5803,LS""","=""L3760""",
O,1,"=""798.733""","=""798.7334""","=""""","=""135""","=""1.41e+04""",C,"=""88631.146""","=""101147.526""","=""2s2.2p3.(4S*).3p""","=""3P""","=""2""","=""2s2.2p3.(2D*).3s""","=""3D*""","=""2""",,"=""T5803,LS""","=""L3760""",
O,1,"=""799.507""","=""799.5075""","=""""","=""250""","=""5.63e+04""",C,"=""88631.146""","=""101135.407""","=""2s2.2p3.(4S*).3p""","=""3P""","=""2""","=""2s2.2p3.(2D*).3s""","=""3D*""","=""3""",,"=""T5803,LS""","=""L3760""",
O,3,"=""""","=""800.394""","=""""","=""""","=""2.22e+06""",C+,"=""366802.62""","=""379293.03""","=""2s2.2p.(2P*).4p""","=""3D""","=""3""","=""2s2.2p.(2P*).4d""","=""3D*""","=""2""",,"=""T5376LS""","=""""",
O,2,"=""801.3157""","=""801.3160""","=""""","=""8""","=""2.81e+06""",C,"=""240517.35""","=""252993.39""","=""2s2.2p2.(3P).4s""","=""2P""","=""3/2""","=""2s2.2p2.(1S).3p""","=""2P*""","=""3/2""",,"=""T5723LS""","=""L10621""",
O,2,"=""""","=""801.712""","=""""","=""""","=""1.12e+06""",C,"=""240517.35""","=""252987.23""","=""2s2.2p2.(3P).4s""","=""2P""","=""3/2""","=""2s2.2p2.(1S).3p""","=""2P*""","=""1/2""",,"=""T5723LS""","=""""",
O,3,"=""""","=""817.215""","=""""","=""""","=""4.25e+07""",B,"=""358668.90""","=""370902.22""","=""2s2.2p.(2P*).4s""","=""1P*""","=""1""","=""2s2.2p.(2P*).4p""","=""1D""","=""2""",,"=""T5376""","=""""",
O,1,"=""""","=""822.1798""","=""""","=""""","=""5.08e+06""",C+,"=""101135.407""","=""113294.854""","=""2s2.2p3.(2D*).3s""","=""3D*""","=""3""","=""2s2.2p3.(2D*).3p""","=""3D""","=""2""",,"=""T5713LS""","=""""",
O,1,"=""822.182""","=""822.1824""","=""""","=""400""","=""2.89e+07""",C+,"=""101135.407""","=""113294.816""","=""2s2.2p3.(2D*).3s""","=""3D*""","=""3""","=""2s2.2p3.(2D*).3p""","=""3D""","=""3""",,"=""T5713LS""","=""L3760""",
O,1,"=""822.765""","=""822.7653""","=""""","=""265""","=""8.13e+06""",C+,"=""101147.526""","=""113298.320""","=""2s2.2p3.(2D*).3s""","=""3D*""","=""2""","=""2s2.2p3.(2D*).3p""","=""3D""","=""1""",,"=""T5713LS""","=""L3760""",
O,2,"=""""","=""822.927""","=""""","=""""","=""7.79e+05""",C,"=""245816.70""","=""257965.11""","=""2s2.2p2.(3P).4p""","=""4D*""","=""3/2""","=""2s2.2p2.(3P).5s""","=""4P""","=""5/2""",,"=""T5723LS""","=""""",
O,1,"=""""","=""823.0001""","=""""","=""""","=""2.26e+07""",C+,"=""101147.526""","=""113294.854""","=""2s2.2p3.(2D*).3s""","=""3D*""","=""2""","=""2s2.2p3.(2D*).3p""","=""3D""","=""2""",,"=""T5713LS""","=""""",
O,1,"=""823.002""","=""823.0026""","=""""","=""265""","=""3.62e+06""",C+,"=""101147.526""","=""113294.816""","=""2s2.2p3.(2D*).3s""","=""3D*""","=""2""","=""2s2.2p3.(2D*).3p""","=""3D""","=""3""",,"=""T5713LS""","=""L3760""",
O,1,"=""823.300""","=""823.3003""","=""""","=""325""","=""2.43e+07""",C+,"=""101155.422""","=""113298.320""","=""2s2.2p3.(2D*).3s""","=""3D*""","=""1""","=""2s2.2p3.(2D*).3p""","=""3D""","=""1""",,"=""T5713LS""","=""L3760""",
O,1,"=""823.535""","=""823.5354""","=""""","=""120""","=""4.86e+06""",C+,"=""101155.422""","=""113294.854""","=""2s2.2p3.(2D*).3s""","=""3D*""","=""1""","=""2s2.2p3.(2D*).3p""","=""3D""","=""2""",,"=""T5713LS""","=""L3760""",
O,7,"=""""","=""843.6""","=""0.6""","=""""","=""3.864e+06""",AA,"=""(5356368.7)""","=""(5368219.4)""","=""1s.3s""","=""1S""","=""0""","=""1s.3p""","=""1P*""","=""1""",,"=""T5997""","=""""",
O,2,"=""""","=""828.830""","=""""","=""""","=""6.86e+06""",C,"=""245903.224""","=""257965.11""","=""2s2.2p2.(3P).4p""","=""4D*""","=""5/2""","=""2s2.2p2.(3P).5s""","=""4P""","=""5/2""",,"=""T5723LS""","=""""",
O,2,"=""""","=""830.919""","=""""","=""""","=""1.89e+06""",C,"=""245768.37""","=""257799.93""","=""2s2.2p2.(3P).4p""","=""4D*""","=""1/2""","=""2s2.2p2.(3P).5s""","=""4P""","=""3/2""",,"=""T5723LS""","=""""",
O,2,"=""""","=""834.270""","=""""","=""""","=""1.20e+07""",C,"=""245816.70""","=""257799.93""","=""2s2.2p2.(3P).4p""","=""4D*""","=""3/2""","=""2s2.2p2.(3P).5s""","=""4P""","=""3/2""",,"=""T5723LS""","=""""",
O,3,"=""""","=""835.886""","=""""","=""""","=""3.93e+07""",B,"=""365726.76""","=""377686.83""","=""2s2.2p.(2P*).4p""","=""1P""","=""1""","=""2s2.2p.(2P*).4d""","=""1D*""","=""2""",,"=""T5376""","=""""",
O,3,"=""""","=""836.821""","=""""","=""""","=""5.21e+04""",D,"=""366488.45""","=""378435.16""","=""2s2.2p.(2P*).4p""","=""3D""","=""1""","=""2s.2p2.(4P).3p""","=""3P*""","=""0""",,"=""T5376LS""","=""""",
O,2,"=""837.5841""","=""837.5844""","=""""","=""8""","=""2.96e+07""",C,"=""246029.295""","=""257965.11""","=""2s2.2p2.(3P).4p""","=""4D*""","=""7/2""","=""2s2.2p2.(3P).5s""","=""4P""","=""5/2""",,"=""T5723LS""","=""L10621""",
O,3,"=""""","=""838.036""","=""""","=""""","=""1.30e+04""",D,"=""366488.45""","=""378417.84""","=""2s2.2p.(2P*).4p""","=""3D""","=""1""","=""2s.2p2.(4P).3p""","=""3P*""","=""1""",,"=""T5376LS""","=""""",
O,2,"=""""","=""838.177""","=""""","=""""","=""1.84e+07""",C,"=""245768.37""","=""257695.74""","=""2s2.2p2.(3P).4p""","=""4D*""","=""1/2""","=""2s2.2p2.(3P).5s""","=""4P""","=""1/2""",,"=""T5723LS""","=""""",
O,3,"=""""","=""838.891""","=""""","=""""","=""5.17e+02""",D,"=""366488.45""","=""378405.68""","=""2s2.2p.(2P*).4p""","=""3D""","=""1""","=""2s.2p2.(4P).3p""","=""3P*""","=""2""",,"=""T5376LS""","=""""",
O,2,"=""840.3370""","=""840.3379""","=""""","=""7""","=""2.30e+07""",C,"=""245903.224""","=""257799.93""","=""2s2.2p2.(3P).4p""","=""4D*""","=""5/2""","=""2s2.2p2.(3P).5s""","=""4P""","=""3/2""",,"=""T5723LS""","=""L10621""",
O,2,"=""""","=""841.588""","=""""","=""""","=""1.82e+07""",C,"=""245816.70""","=""257695.74""","=""2s2.2p2.(3P).4p""","=""4D*""","=""3/2""","=""2s2.2p2.(3P).5s""","=""4P""","=""1/2""",,"=""T5723LS""","=""""",
O,1,"=""842.616""","=""842.6164+""","=""""","=""120""","=""""",,"=""113910.957""","=""125775.493""","=""2s2.2p3.(2P*).3s""","=""3P*""","=""2""","=""2s2.2p3.(2D*).4p""","=""3D""","=""3""",,"=""""","=""L3760""",
O,1,"=""844.625""","=""844.6247""","=""""","=""810""","=""3.22e+07""",B,"=""76794.978""","=""88631.303""","=""2s2.2p3.(4S*).3s""","=""3S*""","=""1""","=""2s2.2p3.(4S*).3p""","=""3P""","=""0""",,"=""T5803,LS""","=""L3760""",
O,1,"=""844.636""","=""844.6359""","=""""","=""1000""","=""3.22e+07""",B,"=""76794.978""","=""88631.146""","=""2s2.2p3.(4S*).3s""","=""3S*""","=""1""","=""2s2.2p3.(4S*).3p""","=""3P""","=""2""",,"=""T5803,LS""","=""L3760""",
O,1,"=""844.676""","=""844.6758""","=""""","=""935""","=""3.22e+07""",B,"=""76794.978""","=""88630.587""","=""2s2.2p3.(4S*).3s""","=""3S*""","=""1""","=""2s2.2p3.(4S*).3p""","=""3P""","=""1""",,"=""T5803,LS""","=""L3760""",
O,3,"=""""","=""845.642""","=""""","=""""","=""3.78e+04""",C,"=""366595.76""","=""378417.84""","=""2s2.2p.(2P*).4p""","=""3D""","=""2""","=""2s.2p2.(4P).3p""","=""3P*""","=""1""",,"=""T5376LS""","=""""",
O,3,"=""""","=""846.513""","=""""","=""""","=""7.54e+03""",D,"=""366595.76""","=""378405.68""","=""2s2.2p.(2P*).4p""","=""3D""","=""2""","=""2s.2p2.(4P).3p""","=""3P*""","=""2""",,"=""T5376LS""","=""""",
O,4,"=""""","=""850.541""","=""""","=""""","=""1.78e+07""",B,"=""584541""","=""596295""","=""2s.2p.(3P*).4p""","=""2D""","=""3/2""","=""2s.2p.(3P*).4d""","=""2F*""","=""5/2""",,"=""T5109LS""","=""""",
O,4,"=""""","=""853.445""","=""""","=""""","=""1.89e+07""",B,"=""584761""","=""596475""","=""2s.2p.(3P*).4p""","=""2D""","=""5/2""","=""2s.2p.(3P*).4d""","=""2F*""","=""7/2""",,"=""T5109LS""","=""""",
O,2,"=""861.3319""","=""861.3303""","=""""","=""7""","=""""",,"=""233430.53""","=""245037.29""","=""2s2.2p2.(3P).3d""","=""2P""","=""3/2""","=""2s2.2p2.(3P).4p""","=""2S*""","=""1/2""",,"=""""","=""L10621""",
O,3,"=""""","=""861.605""","=""""","=""""","=""4.01e+04""",C,"=""366802.62""","=""378405.68""","=""2s2.2p.(2P*).4p""","=""3D""","=""3""","=""2s.2p2.(4P).3p""","=""3P*""","=""2""",,"=""T5376LS""","=""""",
O,4,"=""""","=""866.764""","=""""","=""""","=""1.20e+06""",B,"=""584761""","=""596295""","=""2s.2p.(3P*).4p""","=""2D""","=""5/2""","=""2s.2p.(3P*).4d""","=""2F*""","=""5/2""",,"=""T5109LS""","=""""",
O,2,"=""868.6088""","=""868.6103""","=""""","=""8""","=""""",,"=""246455.629""","=""257965.11""","=""2s2.2p2.(3P).4p""","=""4P*""","=""5/2""","=""2s2.2p2.(3P).5s""","=""4P""","=""5/2""",,"=""""","=""L10621""",
O,2,"=""868.7153""","=""868.7140""","=""""","=""6""","=""""",,"=""246291.822""","=""257799.93""","=""2s2.2p2.(3P).4p""","=""4S*""","=""3/2""","=""2s2.2p2.(3P).5s""","=""4P""","=""3/2""",,"=""""","=""L10621""",
O,2,"=""869.8786""","=""869.8786""","=""""","=""5""","=""""",,"=""233544.59""","=""245037.29""","=""2s2.2p2.(3P).3d""","=""2P""","=""1/2""","=""2s2.2p2.(3P).4p""","=""2S*""","=""1/2""",,"=""""","=""L10621""",
O,2,"=""870.7048""","=""870.7050""","=""""","=""7""","=""""",,"=""246483.317""","=""257965.11""","=""2s2.2p2.(3P).4p""","=""4P*""","=""3/2""","=""2s2.2p2.(3P).5s""","=""4P""","=""5/2""",,"=""""","=""L10621""",
O,2,"=""870.8513""","=""870.8528""","=""""","=""5""","=""""",,"=""246320.086""","=""257799.93""","=""2s2.2p2.(3P).4p""","=""4P*""","=""1/2""","=""2s2.2p2.(3P).5s""","=""4P""","=""3/2""",,"=""""","=""L10621""",
O,2,"=""876.2028""","=""876.2028""","=""""","=""6""","=""""",,"=""254590.00""","=""265999.75""","=""2s2.2p2.(3P).4d""","=""4F""","=""9/2""","=""2s2.2p2.(3P).5f F""","=""2[4]*""","=""9/2""",,"=""""","=""L10621""",
O,2,"=""876.6509""","=""876.6509""","=""""","=""5""","=""""",,"=""246291.822""","=""257695.74""","=""2s2.2p2.(3P).4p""","=""4S*""","=""3/2""","=""2s2.2p2.(3P).5s""","=""4P""","=""1/2""",,"=""""","=""L10621""",
O,2,"=""878.4288""","=""878.4262""","=""""","=""5""","=""""",,"=""254337.61""","=""265718.48""","=""2s2.2p2.(3P).4d""","=""4F""","=""3/2""","=""2s2.2p2.(3P).5f G""","=""2[3]*""","=""5/2""",,"=""""","=""L10621""",
O,2,"=""878.8827""","=""878.8842""","=""""","=""5""","=""""",,"=""254388.42""","=""265763.36""","=""2s2.2p2.(3P).4d""","=""4F""","=""5/2""","=""2s2.2p2.(3P).5f G""","=""2[4]*""","=""7/2""",,"=""""","=""L10621""",
O,2,"=""""","=""881.966""","=""""","=""m?""","=""""",,"=""254590.00""","=""265925.19""","=""2s2.2p2.(3P).4d""","=""4F""","=""9/2""","=""2s2.2p2.(3P).5f G""","=""2[5]*""","=""11/2""",,"=""""","=""L11267""",
O,1,"=""882.043""","=""882.0423""","=""""","=""325""","=""2.93e+07""",B,"=""102662.026""","=""113996.239""","=""2s2.2p3.(2D*).3s""","=""1D*""","=""2""","=""2s2.2p3.(2D*).3p""","=""1F""","=""3""",,"=""T5713""","=""L3760""",
O,2,"=""884.7509""","=""884.7528""","=""""","=""5""","=""""",,"=""254337.61""","=""265637.10""","=""2s2.2p2.(3P).4d""","=""4F""","=""3/2""","=""2s2.2p2.(3P).5f D""","=""2[3]*""","=""5/2""",,"=""""","=""L10621""",
O,2,"=""885.7046""","=""885.7043""","=""""","=""4""","=""""",,"=""254480.20""","=""265767.55""","=""2s2.2p2.(3P).4d""","=""4F""","=""7/2""","=""2s2.2p2.(3P).5f D""","=""2[2]*""","=""5/2""",,"=""""","=""L10621""",
O,2,"=""886.1867""","=""886.1958""","=""""","=""5""","=""""",,"=""254480.20""","=""265761.29""","=""2s2.2p2.(3P).4d""","=""4F""","=""7/2""","=""2s2.2p2.(3P).5f G""","=""2[4]*""","=""9/2""",,"=""""","=""L10621""",
O,2,"=""""","=""886.451""","=""""","=""""","=""7.58e+05""",C,"=""248010.23""","=""259288.07""","=""2s2.2p2.(3P).4p""","=""2D*""","=""3/2""","=""2s2.2p2.(1D).4s""","=""2D""","=""3/2""",,"=""T5723LS""","=""""",
O,2,"=""""","=""886.487""","=""""","=""""","=""5.62e+04""",C,"=""248010.23""","=""259287.61""","=""2s2.2p2.(3P).4p""","=""2D*""","=""3/2""","=""2s2.2p2.(1D).4s""","=""2D""","=""5/2""",,"=""T5723LS""","=""""",
O,2,"=""888.6313""","=""888.6315""","=""""","=""5""","=""""",,"=""254388.42""","=""265638.59""","=""2s2.2p2.(3P).4d""","=""4F""","=""5/2""","=""2s2.2p2.(3P).5f D""","=""2[3]*""","=""7/2""",,"=""""","=""L10621""",
O,3,"=""""","=""891.212""","=""""","=""""","=""3.16e+06""",C+,"=""356736.30""","=""367953.90""","=""2s2.2p.(2P*).4s""","=""3P*""","=""0""","=""2s2.2p.(2P*).4p""","=""3S""","=""1""",,"=""T5376LS""","=""""",
O,2,"=""899.7624""","=""899.7620""","=""""","=""5""","=""""",,"=""254881.37""","=""265992.37""","=""2s2.2p2.(3P).4d""","=""4D""","=""3/2""","=""2s2.2p2.(3P).5f F""","=""2[3]*""","=""5/2""",,"=""""","=""L10621""",
O,2,"=""899.7880""","=""899.7871""","=""""","=""4""","=""""",,"=""254846.68""","=""265957.37""","=""2s2.2p2.(3P).4d""","=""4D""","=""1/2""","=""2s2.2p2.(3P).5f F""","=""2[2]*""","=""3/2""",,"=""""","=""L10621""",
O,3,"=""""","=""899.930""","=""""","=""""","=""9.19e+06""",C+,"=""356844.98""","=""367953.90""","=""2s2.2p.(2P*).4s""","=""3P*""","=""1""","=""2s2.2p.(2P*).4p""","=""3S""","=""1""",,"=""T5376LS""","=""""",
O,2,"=""""","=""900.538""","=""""","=""""","=""8.03e+04""",C,"=""248186.64""","=""259288.07""","=""2s2.2p2.(3P).4p""","=""2D*""","=""5/2""","=""2s2.2p2.(1D).4s""","=""2D""","=""3/2""",,"=""T5723LS""","=""""",
O,2,"=""""","=""900.575""","=""""","=""""","=""7.50e+05""",C,"=""248186.64""","=""259287.61""","=""2s2.2p2.(3P).4p""","=""2D*""","=""5/2""","=""2s2.2p2.(1D).4s""","=""2D""","=""5/2""",,"=""T5723LS""","=""""",
O,2,"=""905.025""","=""905.026""","=""""","=""4""","=""""",,"=""254846.68""","=""265893.06""","=""2s2.2p2.(3P).4d""","=""4D""","=""1/2""","=""2s2.2p2.(3P).5f D""","=""2[1]*""","=""1/2""",,"=""""","=""L10621""",
O,1,"=""905.701""","=""905.7019+""","=""""","=""160bl""","=""""",,"=""113204.445""","=""124242.576""","=""2s2.2p3.(2D*).3p""","=""1P""","=""1""","=""2s2.2p3.(2D*<5/2>).3d""","=""1S*""","=""0""",,"=""""","=""L3760""",
O,3,"=""""","=""907.659""","=""""","=""""","=""5.47e+06""",C+,"=""439290.6""","=""450304.93""","=""2s.2p2.(4P).4p""","=""5P*""","=""1""","=""2s.2p2.(4P).4d""","=""5P""","=""1""",,"=""T5376LS""","=""""",
O,2,"=""907.831""","=""907.830""","=""""","=""5""","=""""",,"=""254881.37""","=""265893.62""","=""2s2.2p2.(3P).4d""","=""4D""","=""3/2""","=""2s2.2p2.(3P).5f D""","=""2[1]*""","=""3/2""",,"=""""","=""L10621""",
O,2,"=""910.495""","=""910.495""","=""""","=""12""","=""""",,"=""255019.73""","=""265999.75""","=""2s2.2p2.(3P).4d""","=""4D""","=""7/2""","=""2s2.2p2.(3P).5f F""","=""2[4]*""","=""9/2""",,"=""""","=""L10621""",
O,2,"=""911.113""","=""911.108""","=""""","=""5*""","=""""",,"=""255019.73""","=""265992.37""","=""2s2.2p2.(3P).4d""","=""4D""","=""7/2""","=""2s2.2p2.(3P).5f F""","=""2[3]*""","=""5/2""",,"=""""","=""L10621""",
O,2,"=""911.113""","=""911.113""","=""""","=""5*""","=""""",,"=""255019.73""","=""265992.31""","=""2s2.2p2.(3P).4d""","=""4D""","=""7/2""","=""2s2.2p2.(3P).5f F""","=""2[3]*""","=""7/2""",,"=""""","=""L10621""",
O,3,"=""""","=""911.614""","=""""","=""""","=""3.64e+07""",C+,"=""366595.76""","=""377562.31""","=""2s2.2p.(2P*).4p""","=""3D""","=""2""","=""2s2.2p.(2P*).4d""","=""3F*""","=""3""",,"=""T5376LS""","=""""",
O,1,"=""911.829""","=""911.8286+""","=""""","=""120""","=""""",,"=""113294.816""","=""124258.780""","=""2s2.2p3.(2D*).3p""","=""3D""","=""3""","=""2s2.2p3.(2D*<3/2>).3d""","=""1G*""","=""4""",,"=""""","=""L3760""",
O,3,"=""""","=""911.940""","=""""","=""""","=""1.62e+07""",C+,"=""439342.3""","=""450304.93""","=""2s.2p2.(4P).4p""","=""5P*""","=""2""","=""2s.2p2.(4P).4d""","=""5P""","=""1""",,"=""T5376LS""","=""""",
O,3,"=""""","=""912.138""","=""""","=""""","=""9.69e+06""",C+,"=""439290.6""","=""450250.84""","=""2s.2p2.(4P).4p""","=""5P*""","=""1""","=""2s.2p2.(4P).4d""","=""5P""","=""2""",,"=""T5376LS""","=""""",
O,3,"=""""","=""913.329""","=""""","=""""","=""4.08e+07""",C+,"=""366802.62""","=""377748.57""","=""2s2.2p.(2P*).4p""","=""3D""","=""3""","=""2s2.2p.(2P*).4d""","=""3F*""","=""4""",,"=""T5376LS""","=""""",
O,1,"=""913.471""","=""913.4706+""","=""""","=""80""","=""""",,"=""113298.320""","=""124242.576""","=""2s2.2p3.(2D*).3p""","=""3D""","=""1""","=""2s2.2p3.(2D*<5/2>).3d""","=""1S*""","=""0""",,"=""""","=""L3760""",
O,1,"=""915.014""","=""915.0138+""","=""""","=""80""","=""""",,"=""113298.320""","=""124224.118""","=""2s2.2p3.(2D*).3p""","=""3D""","=""1""","=""2s2.2p3.(2D*<5/2>).3d""","=""3F*""","=""2""",,"=""""","=""L3760""",
O,1,"=""915.148""","=""915.1469+""","=""""","=""80""","=""""",,"=""113294.816""","=""124219.025""","=""2s2.2p3.(2D*).3p""","=""3D""","=""3""","=""2s2.2p3.(2D*<5/2>).3d""","=""3F*""","=""3""",,"=""""","=""L3760""",
O,1,"=""915.601""","=""915.6010+""","=""""","=""235""","=""""",,"=""113294.816""","=""124213.607""","=""2s2.2p3.(2D*).3p""","=""3D""","=""3""","=""2s2.2p3.(2D*<5/2>).3d""","=""3F*""","=""4""",,"=""""","=""L3760""",
O,3,"=""""","=""916.461""","=""""","=""""","=""1.77e+06""",C+,"=""439342.3""","=""450250.84""","=""2s.2p2.(4P).4p""","=""5P*""","=""2""","=""2s.2p2.(4P).4d""","=""5P""","=""2""",,"=""T5376LS""","=""""",
O,3,"=""""","=""917.421""","=""""","=""""","=""3.38e+07""",C+,"=""366488.45""","=""377385.58""","=""2s2.2p.(2P*).4p""","=""3D""","=""1""","=""2s2.2p.(2P*).4d""","=""3F*""","=""2""",,"=""T5376LS""","=""""",
O,2,"=""919.970""","=""919.970""","=""""","=""5""","=""""",,"=""254896.42""","=""265763.36""","=""2s2.2p2.(3P).4d""","=""4D""","=""5/2""","=""2s2.2p2.(3P).5f G""","=""2[4]*""","=""7/2""",,"=""""","=""L10621""",
O,2,"=""""","=""920.417""","=""""","=""""","=""1.77e+05""",D,"=""248426.41""","=""259288.07""","=""2s2.2p2.(3P).4p""","=""2P*""","=""1/2""","=""2s2.2p2.(1D).4s""","=""2D""","=""3/2""",,"=""T5723LS""","=""""",
O,1,"=""""","=""920.4933""","=""""","=""""","=""1.66e+03""",C,"=""86627.778""","=""97488.538""","=""2s2.2p3.(4S*).3p""","=""5P""","=""2""","=""2s2.2p3.(4S*).3d""","=""3D*""","=""3""",,"=""T5803""","=""""",
O,4,"=""""","=""920.558""","=""""","=""""","=""1.05e+07""",B,"=""573901""","=""584761""","=""2s.2p.(3P*).4s""","=""2P*""","=""3/2""","=""2s.2p.(3P*).4p""","=""2D""","=""5/2""",,"=""T5109LS""","=""""",
O,4,"=""""","=""921.831""","=""""","=""""","=""8.75e+06""",B,"=""573696""","=""584541""","=""2s.2p.(3P*).4s""","=""2P*""","=""1/2""","=""2s.2p.(3P*).4p""","=""2D""","=""3/2""",,"=""T5109LS""","=""""",
O,3,"=""""","=""922.134""","=""""","=""""","=""1.25e+07""",C+,"=""428500.87""","=""439342.3""","=""2s.2p2.(4P).4s""","=""5P""","=""1""","=""2s.2p2.(4P).4p""","=""5P*""","=""2""",,"=""T5376LS""","=""""",
O,3,"=""""","=""922.521""","=""""","=""""","=""1.42e+07""",C+,"=""357117.01""","=""367953.90""","=""2s2.2p.(2P*).4s""","=""3P*""","=""2""","=""2s2.2p.(2P*).4p""","=""3S""","=""1""",,"=""T5376LS""","=""""",
O,3,"=""""","=""922.647""","=""""","=""""","=""6.94e+06""",C+,"=""439342.3""","=""450177.71""","=""2s.2p2.(4P).4p""","=""5P*""","=""2""","=""2s.2p2.(4P).4d""","=""5P""","=""3""",,"=""T5376LS""","=""""",
O,2,"=""923.623""","=""923.623""","=""""","=""8""","=""""",,"=""254896.42""","=""265720.38""","=""2s2.2p2.(3P).4d""","=""4D""","=""5/2""","=""2s2.2p2.(3P).5f G""","=""2[3]*""","=""7/2""",,"=""""","=""L10621""",
O,2,"=""923.864""","=""923.864""","=""""","=""5""","=""""",,"=""255142.41""","=""265963.54""","=""2s2.2p2.(3P).4d""","=""4P""","=""3/2""","=""2s2.2p2.(3P).5f F""","=""2[2]*""","=""5/2""",,"=""""","=""L10621""",
O,3,"=""""","=""924.508""","=""""","=""""","=""9.16e+06""",C+,"=""428627.20""","=""439440.8""","=""2s.2p2.(4P).4s""","=""5P""","=""2""","=""2s.2p2.(4P).4p""","=""5P*""","=""3""",,"=""T5376LS""","=""""",
O,3,"=""""","=""924.812""","=""""","=""""","=""9.65e+06""",C+,"=""439440.8""","=""450250.84""","=""2s.2p2.(4P).4p""","=""5P*""","=""3""","=""2s.2p2.(4P).4d""","=""5P""","=""2""",,"=""T5376LS""","=""""",
O,1,"=""926.081""","=""926.0806""","=""""","=""450""","=""4.46e+07""",A,"=""86625.757""","=""97420.991""","=""2s2.2p3.(4S*).3p""","=""5P""","=""1""","=""2s2.2p3.(4S*).3d""","=""5D*""","=""0""",,"=""T5803,LS""","=""L3760""",
O,1,"=""926.084""","=""926.0848""","=""""","=""490""","=""3.34e+07""",A,"=""86625.757""","=""97420.942""","=""2s2.2p3.(4S*).3p""","=""5P""","=""1""","=""2s2.2p3.(4S*).3d""","=""5D*""","=""1""",,"=""T5803,LS""","=""L3760""",
O,1,"=""926.094""","=""926.0936""","=""""","=""450""","=""1.56e+07""",A,"=""86625.757""","=""97420.839""","=""2s2.2p3.(4S*).3p""","=""5P""","=""1""","=""2s2.2p3.(4S*).3d""","=""5D*""","=""2""",,"=""T5803,LS""","=""L3760""",
O,1,"=""926.258""","=""926.2582""","=""""","=""400""","=""1.11e+07""",A,"=""86627.778""","=""97420.942""","=""2s2.2p3.(4S*).3p""","=""5P""","=""2""","=""2s2.2p3.(4S*).3d""","=""5D*""","=""1""",,"=""T5803,LS""","=""L3760""",
O,1,"=""926.267""","=""926.2670""","=""""","=""540""","=""2.60e+07""",A,"=""86627.778""","=""97420.839""","=""2s2.2p3.(4S*).3p""","=""5P""","=""2""","=""2s2.2p3.(4S*).3d""","=""5D*""","=""2""",,"=""T5803,LS""","=""L3760""",
O,1,"=""926.277""","=""926.2776""","=""""","=""590""","=""2.97e+07""",A,"=""86627.778""","=""97420.716""","=""2s2.2p3.(4S*).3p""","=""5P""","=""2""","=""2s2.2p3.(4S*).3d""","=""5D*""","=""3""",,"=""T5803,LS""","=""L3760""",
O,3,"=""""","=""926.545""","=""""","=""""","=""6.09e+06""",C+,"=""366595.76""","=""377385.58""","=""2s2.2p.(2P*).4p""","=""3D""","=""2""","=""2s2.2p.(2P*).4d""","=""3F*""","=""2""",,"=""T5376LS""","=""""",
O,3,"=""""","=""926.553""","=""""","=""""","=""6.82e+06""",C+,"=""428500.87""","=""439290.6""","=""2s.2p2.(4P).4s""","=""5P""","=""1""","=""2s.2p2.(4P).4p""","=""5P*""","=""1""",,"=""T5376LS""","=""""",
O,1,"=""""","=""926.5826""","=""""","=""""","=""2.97e+06""",A,"=""86631.454""","=""97420.839""","=""2s2.2p3.(4S*).3p""","=""5P""","=""3""","=""2s2.2p3.(4S*).3d""","=""5D*""","=""2""",,"=""T5803,LS""","=""""",
O,1,"=""926.594""","=""926.5932""","=""""","=""490""","=""1.48e+07""",A,"=""86631.454""","=""97420.716""","=""2s2.2p3.(4S*).3p""","=""5P""","=""3""","=""2s2.2p3.(4S*).3d""","=""5D*""","=""3""",,"=""T5803,LS""","=""L3760""",
O,1,"=""926.601""","=""926.6006""","=""""","=""640""","=""4.45e+07""",A,"=""86631.454""","=""97420.630""","=""2s2.2p3.(4S*).3p""","=""5P""","=""3""","=""2s2.2p3.(4S*).3d""","=""5D*""","=""4""",,"=""T5803,LS""","=""L3760""",
O,2,"=""""","=""928.012""","=""""","=""""","=""3.46e+04""",D,"=""248515.30""","=""259288.07""","=""2s2.2p2.(3P).4p""","=""2P*""","=""3/2""","=""2s2.2p2.(1D).4s""","=""2D""","=""3/2""",,"=""T5723LS""","=""""",
O,2,"=""""","=""928.051""","=""""","=""""","=""2.07e+05""",D,"=""248515.30""","=""259287.61""","=""2s2.2p2.(3P).4p""","=""2P*""","=""3/2""","=""2s2.2p2.(1D).4s""","=""2D""","=""5/2""",,"=""T5723LS""","=""""",
O,3,"=""""","=""929.140""","=""""","=""""","=""4.32e+06""",C+,"=""366802.62""","=""377562.31""","=""2s2.2p.(2P*).4p""","=""3D""","=""3""","=""2s2.2p.(2P*).4d""","=""3F*""","=""3""",,"=""T5376LS""","=""""",
O,2,"=""930.655""","=""930.655""","=""""","=""4""","=""""",,"=""254896.42""","=""265638.59""","=""2s2.2p2.(3P).4d""","=""4D""","=""5/2""","=""2s2.2p2.(3P).5f D""","=""2[3]*""","=""7/2""",,"=""""","=""L10621""",
O,3,"=""""","=""931.111""","=""""","=""""","=""1.35e+07""",C+,"=""439440.8""","=""450177.71""","=""2s.2p2.(4P).4p""","=""5P*""","=""3""","=""2s.2p2.(4P).4d""","=""5P""","=""3""",,"=""T5376LS""","=""""",
O,2,"=""931.712""","=""931.713""","=""""","=""6""","=""""",,"=""255163.08""","=""265893.06""","=""2s2.2p2.(3P).4d""","=""4P""","=""1/2""","=""2s2.2p2.(3P).5f D""","=""2[1]*""","=""1/2""",,"=""""","=""L10621""",
O,3,"=""""","=""933.006""","=""""","=""""","=""2.23e+06""",C+,"=""428627.20""","=""439342.3""","=""2s.2p2.(4P).4s""","=""5P""","=""2""","=""2s.2p2.(4P).4p""","=""5P*""","=""2""",,"=""T5376LS""","=""""",
O,6,"=""""","=""934.175""","=""""","=""""","=""1.18e+07""",A,"=""852696""","=""863397.7""","=""1s2.4s""","=""2S""","=""1/2""","=""1s2.4p""","=""2P*""","=""3/2""",,"=""T5118LS""","=""""",
O,3,"=""""","=""937.530""","=""""","=""""","=""1.98e+07""",C+,"=""428627.20""","=""439290.6""","=""2s.2p2.(4P).4s""","=""5P""","=""2""","=""2s.2p2.(4P).4p""","=""5P*""","=""1""",,"=""T5376LS""","=""""",
O,3,"=""""","=""938.806""","=""""","=""""","=""1.75e+07""",C+,"=""428791.89""","=""439440.8""","=""2s.2p2.(4P).4s""","=""5P""","=""3""","=""2s.2p2.(4P).4p""","=""5P*""","=""3""",,"=""T5376LS""","=""""",
O,2,"=""""","=""938.908""","=""""","=""""","=""2.58e+06""",D,"=""251222.19""","=""261869.94""","=""2s2.2p2.(1D).3d""","=""2F""","=""7/2""","=""2s2.2p2.(3P).5p""","=""2D*""","=""5/2""",,"=""T5723LS""","=""""",
O,2,"=""""","=""939.137""","=""""","=""""","=""2.86e+05""",D,"=""251224.79""","=""261869.94""","=""2s2.2p2.(1D).3d""","=""2F""","=""5/2""","=""2s2.2p2.(3P).5p""","=""2D*""","=""5/2""",,"=""T5723LS""","=""""",
O,4,"=""""","=""939.592""","=""""","=""""","=""1.65e+06""",B,"=""573901""","=""584541""","=""2s.2p.(3P*).4s""","=""2P*""","=""3/2""","=""2s.2p.(3P*).4p""","=""2D""","=""3/2""",,"=""T5109LS""","=""""",
O,6,"=""""","=""939.786""","=""""","=""""","=""1.16e+07""",A,"=""852696""","=""863333.8""","=""1s2.4s""","=""2S""","=""1/2""","=""1s2.4p""","=""2P*""","=""1/2""",,"=""T5118LS""","=""""",
O,1,"=""939.919""","=""939.9192+""","=""""","=""185""","=""""",,"=""102662.026""","=""113298.320""","=""2s2.2p3.(2D*).3s""","=""1D*""","=""2""","=""2s2.2p3.(2D*).3p""","=""3D""","=""1""",,"=""""","=""L3760""",
O,2,"=""941.772""","=""941.772""","=""""","=""4""","=""""",,"=""255105.01""","=""265720.38""","=""2s2.2p2.(3P).4d""","=""4P""","=""5/2""","=""2s2.2p2.(3P).5f G""","=""2[3]*""","=""7/2""",,"=""""","=""L10621""",
O,2,"=""942.149""","=""942.148""","=""""","=""6""","=""""",,"=""255281.93""","=""265893.06""","=""2s2.2p2.(3P).4d""","=""2P""","=""1/2""","=""2s2.2p2.(3P).5f D""","=""2[1]*""","=""1/2""",,"=""""","=""L10621""",
O,2,"=""""","=""943.483""","=""""","=""""","=""3.52e+06""",C,"=""248010.23""","=""258606.35""","=""2s2.2p2.(3P).4p""","=""2D*""","=""3/2""","=""2s2.2p2.(3P).5s""","=""2P""","=""3/2""",,"=""T5723LS""","=""""",
O,3,"=""""","=""944.656""","=""""","=""""","=""1.62e+05""",C+,"=""366802.62""","=""377385.58""","=""2s2.2p.(2P*).4p""","=""3D""","=""3""","=""2s2.2p.(2P*).4d""","=""3F*""","=""2""",,"=""T5376LS""","=""""",
O,4,"=""""","=""945.385""","=""""","=""""","=""1.87e+07""",B,"=""499994.9""","=""510569.7""","=""2s2.4p""","=""2P*""","=""1/2""","=""2s2.4d""","=""2D""","=""3/2""",,"=""T5109LS""","=""""",
O,2,"=""945.791""","=""945.789""","=""""","=""9""","=""3.77e+06""",C+,"=""229947.07""","=""240517.35""","=""2s2.2p2.(1D).3p""","=""2D*""","=""5/2""","=""2s2.2p2.(3P).4s""","=""2P""","=""3/2""",,"=""T5723LS""","=""L10621""",
O,3,"=""""","=""947.571""","=""""","=""""","=""1.19e+07""",C+,"=""428791.89""","=""439342.3""","=""2s.2p2.(4P).4s""","=""5P""","=""3""","=""2s.2p2.(4P).4p""","=""5P*""","=""2""",,"=""T5376LS""","=""""",
O,2,"=""""","=""947.705""","=""""","=""""","=""4.16e+05""",C+,"=""229968.44""","=""240517.35""","=""2s2.2p2.(1D).3p""","=""2D*""","=""3/2""","=""2s2.2p2.(3P).4s""","=""2P""","=""3/2""",,"=""T5723LS""","=""L11267""",
O,1,"=""948.116""","=""948.1164+""","=""""","=""120""","=""""",,"=""113714.444""","=""124258.780""","=""2s2.2p3.(2D*).3p""","=""3F""","=""4""","=""2s2.2p3.(2D*<3/2>).3d""","=""1G*""","=""4""",,"=""""","=""L3760""",
O,1,"=""948.288""","=""948.2888""","=""""","=""120bl""","=""2.34e+07""",B,"=""102662.026""","=""113204.445""","=""2s2.2p3.(2D*).3s""","=""1D*""","=""2""","=""2s2.2p3.(2D*).3p""","=""1P""","=""1""",,"=""T5713""","=""L3760""",
O,1,"=""948.743""","=""948.7434+""","=""""","=""235""","=""""",,"=""113721.413""","=""124258.780""","=""2s2.2p3.(2D*).3p""","=""3F""","=""3""","=""2s2.2p3.(2D*<3/2>).3d""","=""1G*""","=""4""",,"=""""","=""L3760""",
O,4,"=""""","=""948.839""","=""""","=""""","=""2.22e+07""",B,"=""500037.8""","=""510574.1""","=""2s2.4p""","=""2P*""","=""3/2""","=""2s2.4d""","=""2D""","=""5/2""",,"=""T5109LS""","=""""",
O,2,"=""949.079""","=""949.078""","=""""","=""5""","=""""",,"=""255466.10""","=""265999.75""","=""2s2.2p2.(3P).4d""","=""2F""","=""7/2""","=""2s2.2p2.(3P).5f F""","=""2[4]*""","=""9/2""",,"=""""","=""L10621""",
O,4,"=""""","=""949.236""","=""""","=""""","=""3.70e+06""",B,"=""500037.8""","=""510569.7""","=""2s2.4p""","=""2P*""","=""3/2""","=""2s2.4d""","=""2D""","=""3/2""",,"=""T5109LS""","=""""",
O,1,"=""949.271""","=""949.2708+""","=""""","=""140""","=""""",,"=""113721.413""","=""124252.926""","=""2s2.2p3.(2D*).3p""","=""3F""","=""3""","=""2s2.2p3.(2D*).3d""","=""3G*""","=""3""",,"=""""","=""L3760""",
O,1,"=""949.797""","=""949.7974+""","=""""","=""265""","=""""",,"=""113714.444""","=""124240.118""","=""2s2.2p3.(2D*).3p""","=""3F""","=""4""","=""2s2.2p3.(2D*).3d""","=""3G*""","=""5""",,"=""""","=""L3760""",
O,1,"=""949.930""","=""949.9299+""","=""""","=""160""","=""""",,"=""113714.444""","=""124238.650""","=""2s2.2p3.(2D*).3p""","=""3F""","=""4""","=""2s2.2p3.(2D*).3d""","=""3G*""","=""4""",,"=""""","=""L3760""",
O,1,"=""950.559""","=""950.5593+""","=""""","=""235""","=""""",,"=""113721.413""","=""124238.650""","=""2s2.2p3.(2D*).3p""","=""3F""","=""3""","=""2s2.2p3.(2D*).3d""","=""3G*""","=""4""",,"=""""","=""L3760""",
O,1,"=""952.196""","=""952.1957+""","=""""","=""210""","=""""",,"=""113714.444""","=""124213.607""","=""2s2.2p3.(2D*).3p""","=""3F""","=""4""","=""2s2.2p3.(2D*<5/2>).3d""","=""3F*""","=""4""",,"=""""","=""L3760""",
O,1,"=""952.336""","=""952.3364+""","=""""","=""120""","=""""",,"=""113721.413""","=""124219.025""","=""2s2.2p3.(2D*).3p""","=""3F""","=""3""","=""2s2.2p3.(2D*<5/2>).3d""","=""3F*""","=""3""",,"=""""","=""L3760""",
O,1,"=""952.396""","=""952.3962+""","=""""","=""120""","=""""",,"=""113727.165""","=""124224.118""","=""2s2.2p3.(2D*).3p""","=""3F""","=""2""","=""2s2.2p3.(2D*<5/2>).3d""","=""3F*""","=""2""",,"=""""","=""L3760""",
O,1,"=""952.828""","=""952.8281+""","=""""","=""100""","=""""",,"=""113721.413""","=""124213.607""","=""2s2.2p3.(2D*).3p""","=""3F""","=""3""","=""2s2.2p3.(2D*<5/2>).3d""","=""3F*""","=""4""",,"=""""","=""L3760""",
O,3,"=""""","=""953.822""","=""""","=""""","=""5.41e+06""",C+,"=""367953.90""","=""378435.16""","=""2s2.2p.(2P*).4p""","=""3S""","=""1""","=""2s.2p2.(4P).3p""","=""3P*""","=""0""",,"=""T5376LS""","=""""",
O,2,"=""""","=""954.487""","=""""","=""""","=""2.05e+06""",D,"=""251224.79""","=""261698.75""","=""2s2.2p2.(1D).3d""","=""2F""","=""5/2""","=""2s2.2p2.(3P).5p""","=""2D*""","=""3/2""",,"=""T5723LS""","=""""",
O,2,"=""955.375""","=""955.376""","=""""","=""9*""","=""""",,"=""255466.10""","=""265930.31""","=""2s2.2p2.(3P).4d""","=""2F""","=""7/2""","=""2s2.2p2.(3P).5f G""","=""2[5]*""","=""9/2""",,"=""""","=""L10621""",
O,2,"=""955.375""","=""955.380""","=""""","=""9*""","=""""",,"=""255302.11""","=""265766.28""","=""2s2.2p2.(3P).4d""","=""2F""","=""5/2""","=""2s2.2p2.(3P).5f D""","=""2[2]*""","=""3/2""",,"=""""","=""L10621""",
O,3,"=""""","=""955.401""","=""""","=""""","=""5.38e+06""",C+,"=""367953.90""","=""378417.84""","=""2s2.2p.(2P*).4p""","=""3S""","=""1""","=""2s.2p2.(4P).3p""","=""3P*""","=""1""",,"=""T5376LS""","=""""",
O,2,"=""955.646""","=""955.647""","=""""","=""7""","=""""",,"=""255302.11""","=""265763.36""","=""2s2.2p2.(3P).4d""","=""2F""","=""5/2""","=""2s2.2p2.(3P).5f G""","=""2[4]*""","=""7/2""",,"=""""","=""L10621""",
O,3,"=""""","=""956.512""","=""""","=""""","=""5.36e+06""",C+,"=""367953.90""","=""378405.68""","=""2s2.2p.(2P*).4p""","=""3S""","=""1""","=""2s.2p2.(4P).3p""","=""3P*""","=""2""",,"=""T5376LS""","=""""",
O,2,"=""959.454""","=""959.456""","=""""","=""10""","=""3.01e+07""",C,"=""248186.64""","=""258606.35""","=""2s2.2p2.(3P).4p""","=""2D*""","=""5/2""","=""2s2.2p2.(3P).5s""","=""2P""","=""3/2""",,"=""T5723LS""","=""L10621""",
O,2,"=""961.180""","=""961.180""","=""""","=""9""","=""3.33e+07""",C,"=""248010.23""","=""258411.26""","=""2s2.2p2.(3P).4p""","=""2D*""","=""3/2""","=""2s2.2p2.(3P).5s""","=""2P""","=""1/2""",,"=""T5723LS""","=""L10621""",
O,1,"=""962.213""","=""962.2114""","=""""","=""100""","=""5.22e+04""",C+,"=""102908.443""","=""113298.320""","=""2s2.2p3.(4S*).4d""","=""3D*""","=""2""","=""2s2.2p3.(2D*).3p""","=""3D""","=""1""",,"=""T5713LS""","=""L3760""",
O,1,"=""""","=""962.2156""","=""""","=""""","=""1.57e+05""",C+,"=""102908.489""","=""113298.320""","=""2s2.2p3.(4S*).4d""","=""3D*""","=""1""","=""2s2.2p3.(2D*).3p""","=""3D""","=""1""",,"=""T5713LS""","=""""",
O,3,"=""""","=""962.317""","=""""","=""""","=""1.74e+06""",C+,"=""370329.18""","=""380717.92""","=""2s2.2p.(2P*).4p""","=""3P""","=""0""","=""2s2.2p.(2P*).4d""","=""3P*""","=""1""",,"=""T5376LS""","=""""",
O,1,"=""""","=""962.5261""","=""""","=""""","=""3.25e+04""",C+,"=""102908.374""","=""113294.854""","=""2s2.2p3.(4S*).4d""","=""3D*""","=""3""","=""2s2.2p3.(2D*).3p""","=""3D""","=""2""",,"=""T5713LS""","=""""",
O,1,"=""962.529""","=""962.5296""","=""""","=""120""","=""1.85e+05""",C+,"=""102908.374""","=""113294.816""","=""2s2.2p3.(4S*).4d""","=""3D*""","=""3""","=""2s2.2p3.(2D*).3p""","=""3D""","=""3""",,"=""T5713LS""","=""L3760""",
O,1,"=""""","=""962.5325""","=""""","=""""","=""1.45e+05""",C+,"=""102908.443""","=""113294.854""","=""2s2.2p3.(4S*).4d""","=""3D*""","=""2""","=""2s2.2p3.(2D*).3p""","=""3D""","=""2""",,"=""T5713LS""","=""""",
O,1,"=""""","=""962.5360""","=""""","=""""","=""2.32e+04""",C+,"=""102908.443""","=""113294.816""","=""2s2.2p3.(4S*).4d""","=""3D*""","=""2""","=""2s2.2p3.(2D*).3p""","=""3D""","=""3""",,"=""T5713LS""","=""""",
O,1,"=""""","=""962.5367""","=""""","=""""","=""3.13e+04""",C+,"=""102908.489""","=""113294.854""","=""2s2.2p3.(4S*).4d""","=""3D*""","=""1""","=""2s2.2p3.(2D*).3p""","=""3D""","=""2""",,"=""T5713LS""","=""""",
O,4,"=""""","=""964.707""","=""""","=""""","=""3.61e+05""",C+,"=""596331""","=""606694""","=""2s.2p.(3P*).4f""","=""4D""","=""7/2""","=""2p2.(3P).3p""","=""4P*""","=""5/2""",,"=""T5109LS""","=""""",
O,2,"=""964.840""","=""964.840""","=""""","=""7""","=""3.94e+06""",C+,"=""229968.44""","=""240330.01""","=""2s2.2p2.(1D).3p""","=""2D*""","=""3/2""","=""2s2.2p2.(3P).4s""","=""2P""","=""1/2""",,"=""T5723LS""","=""L10621""",
O,1,"=""967.738""","=""967.7382+""","=""""","=""160""","=""""",,"=""113996.239""","=""124326.779""","=""2s2.2p3.(2D*).3p""","=""1F""","=""3""","=""2s2.2p3.(2D*<3/2>).3d""","=""1F*""","=""3""",,"=""""","=""L3760""",
O,3,"=""""","=""968.850""","=""""","=""""","=""5.13e+06""",C+,"=""370418.32""","=""380737.00""","=""2s2.2p.(2P*).4p""","=""3P""","=""1""","=""2s2.2p.(2P*).4d""","=""3P*""","=""0""",,"=""T5376LS""","=""""",
O,1,"=""969.466""","=""969.4661""","=""""","=""80""","=""4.54e+04""",C+,"=""95476.728""","=""105788.856""","=""2s2.2p3.(4S*).4s""","=""5S*""","=""2""","=""2s2.2p3.(4S*).6p""","=""5P""","=""3""",,"=""T5713LS""","=""L3760""",
O,1,"=""969.491""","=""969.4906""","=""""","=""65""","=""4.54e+04""",C+,"=""95476.728""","=""105788.595""","=""2s2.2p3.(4S*).4s""","=""5S*""","=""2""","=""2s2.2p3.(4S*).6p""","=""5P""","=""2""",,"=""T5713LS""","=""L3760""",
O,1,"=""""","=""969.5060""","=""""","=""""","=""4.54e+04""",C+,"=""95476.728""","=""105788.431""","=""2s2.2p3.(4S*).4s""","=""5S*""","=""2""","=""2s2.2p3.(4S*).6p""","=""5P""","=""1""",,"=""T5713LS""","=""""",
O,3,"=""""","=""970.645""","=""""","=""""","=""1.27e+06""",C+,"=""370418.32""","=""380717.92""","=""2s2.2p.(2P*).4p""","=""3P""","=""1""","=""2s2.2p.(2P*).4d""","=""3P*""","=""1""",,"=""T5376LS""","=""""",
O,3,"=""""","=""971.722""","=""""","=""""","=""1.27e+06""",C+,"=""370418.32""","=""380706.51""","=""2s2.2p.(2P*).4p""","=""3P""","=""1""","=""2s2.2p.(2P*).4d""","=""3P*""","=""2""",,"=""T5376LS""","=""""",
O,1,"=""974.150""","=""974.1504+""","=""""","=""235""","=""""",,"=""113996.239""","=""124258.780""","=""2s2.2p3.(2D*).3p""","=""1F""","=""3""","=""2s2.2p3.(2D*<3/2>).3d""","=""1G*""","=""4""",,"=""""","=""L3760""",
O,4,"=""""","=""975.342""","=""""","=""""","=""7.86e+04""",C+,"=""596444""","=""606694""","=""2s.2p.(3P*).4f""","=""4D""","=""5/2""","=""2p2.(3P).3p""","=""4P*""","=""5/2""",,"=""T5109LS""","=""""",
O,2,"=""975.853""","=""975.853""","=""""","=""9""","=""""",,"=""245037.29""","=""255281.93""","=""2s2.2p2.(3P).4p""","=""2S*""","=""1/2""","=""2s2.2p2.(3P).4d""","=""2P""","=""1/2""",,"=""""","=""L10621""",
O,1,"=""976.065""","=""976.0650+""","=""""","=""235""","=""""",,"=""113996.239""","=""124238.650""","=""2s2.2p3.(2D*).3p""","=""1F""","=""3""","=""2s2.2p3.(2D*).3d""","=""3G*""","=""4""",,"=""""","=""L3760""",
O,2,"=""980.461""","=""980.460""","=""""","=""7""","=""""",,"=""255827.657""","=""266024.16""","=""2s2.2p2.(3P).4f G""","=""2[4]*""","=""9/2""","=""2s2.2p2.(3P<2>).5g""","=""2[5]""","=""11/2""",,"=""""","=""L6336""",
O,2,"=""980.636""","=""980.644""","=""""","=""6""","=""""",,"=""255829.58""","=""266024.16""","=""2s2.2p2.(3P).4f G""","=""2[4]*""","=""7/2""","=""2s2.2p2.(3P<2>).5g""","=""2[5]""","=""9/2""",,"=""""","=""L6336""",
O,2,"=""980.673""","=""980.676""","=""""","=""6""","=""""",,"=""255813.472""","=""266007.72""","=""2s2.2p2.(3P).4f D""","=""2[2]*""","=""5/2""","=""2s2.2p2.(3P<2>).5g""","=""2[3]""","=""7/2""",,"=""""","=""L6336""",
O,3,"=""""","=""980.948""","=""""","=""""","=""2.06e+06""",C+,"=""370526.49""","=""380717.92""","=""2s2.2p.(2P*).4p""","=""3P""","=""2""","=""2s2.2p.(2P*).4d""","=""3P*""","=""1""",,"=""T5376LS""","=""""",
O,3,"=""""","=""981.369""","=""""","=""""","=""2.30e+06""",B,"=""370902.22""","=""381089.27""","=""2s2.2p.(2P*).4p""","=""1D""","=""2""","=""2s2.2p.(2P*).4d""","=""1P*""","=""1""",,"=""T5376""","=""""",
O,4,"=""""","=""981.895""","=""""","=""""","=""8.56e+03""",C,"=""596512.4""","=""606694""","=""2s.2p.(3P*).4f""","=""4D""","=""3/2""","=""2p2.(3P).3p""","=""4P*""","=""5/2""",,"=""T5109LS""","=""""",
O,3,"=""""","=""982.047""","=""""","=""""","=""3.69e+06""",C+,"=""370526.49""","=""380706.51""","=""2s2.2p.(2P*).4p""","=""3P""","=""2""","=""2s2.2p.(2P*).4d""","=""3P*""","=""2""",,"=""T5376LS""","=""""",
O,2,"=""""","=""982.055""","=""""","=""""","=""2.17e+06""",C,"=""248426.41""","=""258606.35""","=""2s2.2p2.(3P).4p""","=""2P*""","=""1/2""","=""2s2.2p2.(3P).5s""","=""2P""","=""3/2""",,"=""T5723LS""","=""""",
O,1,"=""""","=""982.5789""","=""""","=""""","=""1.34e+06""",C+,"=""97420.630""","=""107595.140""","=""2s2.2p3.(4S*).3d""","=""5D*""","=""4""","=""2s2.2p3.(4S*).7f""","=""5F""","=""5""",,"=""T5713LS""","=""""",
O,1,"=""""","=""982.5789""","=""""","=""""","=""2.24e+05""",C+,"=""97420.630""","=""107595.140""","=""2s2.2p3.(4S*).3d""","=""5D*""","=""4""","=""2s2.2p3.(4S*).7f""","=""5F""","=""4""",,"=""T5713LS""","=""""",
O,1,"=""""","=""982.5789""","=""""","=""""","=""1.92e+04""",C+,"=""97420.630""","=""107595.140""","=""2s2.2p3.(4S*).3d""","=""5D*""","=""4""","=""2s2.2p3.(4S*).7f""","=""5F""","=""3""",,"=""T5713LS""","=""""",
O,1,"=""""","=""982.5872""","=""""","=""""","=""1.12e+06""",C+,"=""97420.716""","=""107595.140""","=""2s2.2p3.(4S*).3d""","=""5D*""","=""3""","=""2s2.2p3.(4S*).7f""","=""5F""","=""4""",,"=""T5713LS""","=""""",
O,1,"=""""","=""982.5872""","=""""","=""""","=""4.03e+05""",C+,"=""97420.716""","=""107595.140""","=""2s2.2p3.(4S*).3d""","=""5D*""","=""3""","=""2s2.2p3.(4S*).7f""","=""5F""","=""3""",,"=""T5713LS""","=""""",
O,1,"=""""","=""982.5872""","=""""","=""""","=""5.37e+04""",C+,"=""97420.716""","=""107595.140""","=""2s2.2p3.(4S*).3d""","=""5D*""","=""3""","=""2s2.2p3.(4S*).7f""","=""5F""","=""2""",,"=""T5713LS""","=""""",
O,1,"=""""","=""982.5991""","=""""","=""""","=""9.21e+05""",C+,"=""97420.839""","=""107595.140""","=""2s2.2p3.(4S*).3d""","=""5D*""","=""2""","=""2s2.2p3.(4S*).7f""","=""5F""","=""3""",,"=""T5713LS""","=""""",
O,1,"=""""","=""982.5991""","=""""","=""""","=""5.37e+05""",C+,"=""97420.839""","=""107595.140""","=""2s2.2p3.(4S*).3d""","=""5D*""","=""2""","=""2s2.2p3.(4S*).7f""","=""5F""","=""2""",,"=""T5713LS""","=""""",
O,1,"=""""","=""982.5991""","=""""","=""""","=""8.95e+04""",C+,"=""97420.839""","=""107595.140""","=""2s2.2p3.(4S*).3d""","=""5D*""","=""2""","=""2s2.2p3.(4S*).7f""","=""5F""","=""1""",,"=""T5713LS""","=""""",
O,1,"=""""","=""982.6090""","=""""","=""""","=""7.52e+05""",C+,"=""97420.942""","=""107595.140""","=""2s2.2p3.(4S*).3d""","=""5D*""","=""1""","=""2s2.2p3.(4S*).7f""","=""5F""","=""2""",,"=""T5713LS""","=""""",
O,1,"=""""","=""982.6090""","=""""","=""""","=""6.27e+05""",C+,"=""97420.942""","=""107595.140""","=""2s2.2p3.(4S*).3d""","=""5D*""","=""1""","=""2s2.2p3.(4S*).7f""","=""5F""","=""1""",,"=""T5713LS""","=""""",
O,1,"=""""","=""982.6137""","=""""","=""""","=""6.27e+05""",C+,"=""97420.991""","=""107595.140""","=""2s2.2p3.(4S*).3d""","=""5D*""","=""0""","=""2s2.2p3.(4S*).7f""","=""5F""","=""1""",,"=""T5713LS""","=""""",
O,2,"=""""","=""985.004""","=""""","=""""","=""""",,"=""255842.91""","=""265992.37""","=""2s2.2p2.(3P).4d""","=""2D""","=""3/2""","=""2s2.2p2.(3P).5f F""","=""2[3]*""","=""5/2""",,"=""""","=""L11267""",
O,4,"=""""","=""986.507""","=""""","=""""","=""2.66e+05""",C+,"=""596444""","=""606578""","=""2s.2p.(3P*).4f""","=""4D""","=""5/2""","=""2p2.(3P).3p""","=""4P*""","=""3/2""",,"=""T5109LS""","=""""",
O,2,"=""989.112""","=""989.112""","=""""","=""7""","=""""",,"=""255897.59""","=""266004.90""","=""2s2.2p2.(3P).4d""","=""2D""","=""5/2""","=""2s2.2p2.(3P).5f F""","=""2[4]*""","=""7/2""",,"=""""","=""L10621""",
O,1,"=""""","=""989.1647""","=""""","=""""","=""1.08e+06""",C+,"=""97488.378""","=""107595.147""","=""2s2.2p3.(4S*).3d""","=""3D*""","=""1""","=""2s2.2p3.(4S*).7f""","=""3F""","=""2""",,"=""T5713LS""","=""""",
O,1,"=""""","=""989.1715""","=""""","=""""","=""1.14e+06""",C+,"=""97488.448""","=""107595.147""","=""2s2.2p3.(4S*).3d""","=""3D*""","=""2""","=""2s2.2p3.(4S*).7f""","=""3F""","=""3""",,"=""T5713LS""","=""""",
O,1,"=""""","=""989.1715""","=""""","=""""","=""2.00e+05""",C+,"=""97488.448""","=""107595.147""","=""2s2.2p3.(4S*).3d""","=""3D*""","=""2""","=""2s2.2p3.(4S*).7f""","=""3F""","=""2""",,"=""T5713LS""","=""""",
O,1,"=""""","=""989.1803""","=""""","=""""","=""1.28e+06""",C+,"=""97488.538""","=""107595.147""","=""2s2.2p3.(4S*).3d""","=""3D*""","=""3""","=""2s2.2p3.(4S*).7f""","=""3F""","=""4""",,"=""T5713LS""","=""""",
O,1,"=""""","=""989.1803""","=""""","=""""","=""1.43e+05""",C+,"=""97488.538""","=""107595.147""","=""2s2.2p3.(4S*).3d""","=""3D*""","=""3""","=""2s2.2p3.(4S*).7f""","=""3F""","=""3""",,"=""T5713LS""","=""""",
O,1,"=""""","=""989.1803""","=""""","=""""","=""5.63e+03""",C,"=""97488.538""","=""107595.147""","=""2s2.2p3.(4S*).3d""","=""3D*""","=""3""","=""2s2.2p3.(4S*).7f""","=""3F""","=""2""",,"=""T5713LS""","=""""",
O,2,"=""989.416""","=""989.422""","=""""","=""4""","=""""",,"=""255689.939""","=""265794.08""","=""2s2.2p2.(3P).4f D""","=""2[3]*""","=""5/2""","=""2s2.2p2.(3P<1>).5g""","=""2[4]""","=""7/2""",,"=""""","=""L6336""",
O,2,"=""989.559""","=""989.554""","=""""","=""4""","=""""",,"=""255691.346""","=""265794.14""","=""2s2.2p2.(3P).4f D""","=""2[3]*""","=""7/2""","=""2s2.2p2.(3P<1>).5g""","=""2[4]""","=""9/2""",,"=""""","=""L6336""",
O,2,"=""990.130""","=""990.131""","=""""","=""8*""","=""""",,"=""275842.14""","=""285939.05""","=""2s2.2p2.(1D).4f G""","=""2[4]*""","=""9/2""","=""2s2.2p2.(1D<2>).5g""","=""2[5]""","=""11/2""",,"=""""","=""L6336""",
O,2,"=""990.130""","=""990.131""","=""""","=""8*""","=""""",,"=""275842.14""","=""285939.05""","=""2s2.2p2.(1D).4f G""","=""2[4]*""","=""9/2""","=""2s2.2p2.(1D<2>).5g""","=""2[5]""","=""9/2""",,"=""""","=""L6336""",
O,2,"=""990.130""","=""990.131""","=""""","=""8*""","=""""",,"=""275842.14""","=""285939.05""","=""2s2.2p2.(1D).4f G""","=""2[4]*""","=""7/2""","=""2s2.2p2.(1D<2>).5g""","=""2[5]""","=""9/2""",,"=""""","=""L6336""",
O,2,"=""""","=""990.339""","=""""","=""""","=""""",,"=""255897.59""","=""265992.37""","=""2s2.2p2.(3P).4d""","=""2D""","=""5/2""","=""2s2.2p2.(3P).5f F""","=""2[3]*""","=""5/2""",,"=""""","=""L11267""",
O,2,"=""990.346""","=""990.345""","=""""","=""10""","=""""",,"=""255897.59""","=""265992.31""","=""2s2.2p2.(3P).4d""","=""2D""","=""5/2""","=""2s2.2p2.(3P).5f F""","=""2[3]*""","=""7/2""",,"=""""","=""L10621""",
O,2,"=""""","=""990.706""","=""""","=""""","=""1.06e+07""",C,"=""248515.30""","=""258606.35""","=""2s2.2p2.(3P).4p""","=""2P*""","=""3/2""","=""2s2.2p2.(3P).5s""","=""2P""","=""3/2""",,"=""T5723LS""","=""""",
O,1,"=""990.905""","=""990.9050+""","=""""","=""120""","=""""",,"=""113298.320""","=""123387.339""","=""2s2.2p3.(2D*).3p""","=""3D""","=""1""","=""2s2.2p3.(2D*<3/2>).3d""","=""3P*""","=""0""",,"=""""","=""L3760""",
O,2,"=""992.995""","=""992.994""","=""""","=""12*""","=""""",,"=""255912.32""","=""265980.11""","=""2s2.2p2.(3P).4f D""","=""2[1]*""","=""3/2""","=""2s2.2p2.(3P<2>).5g""","=""2[2]""","=""5/2""",,"=""""","=""L6336""",
O,2,"=""992.995""","=""992.999""","=""""","=""12*""","=""""",,"=""255912.37""","=""265980.11""","=""2s2.2p2.(3P).4f D""","=""2[1]*""","=""1/2""","=""2s2.2p2.(3P<2>).5g""","=""2[2]""","=""3/2""",,"=""""","=""L6336""",
O,4,"=""""","=""993.210""","=""""","=""""","=""1.32e+05""",C+,"=""596512.4""","=""606578""","=""2s.2p.(3P*).4f""","=""4D""","=""3/2""","=""2p2.(3P).3p""","=""4P*""","=""3/2""",,"=""T5109LS""","=""""",
O,2,"=""993.349""","=""993.355""","=""""","=""4""","=""""",,"=""255756.131""","=""265820.27""","=""2s2.2p2.(3P).4f G""","=""2[3]*""","=""5/2""","=""2s2.2p2.(3P<1>).5g""","=""2[3]""","=""5/2""",,"=""""","=""L6336""",
O,2,"=""""","=""993.627""","=""""","=""""","=""""",,"=""265820.27""","=""275881.65""","=""2s2.2p2.(3P<1>).5g""","=""2[3]""","=""5/2""","=""2s2.2p2.(1D).4f F""","=""2[3]*""","=""7/2""",,"=""""","=""L11267""",
O,2,"=""993.646""","=""993.646""","=""""","=""4""","=""""",,"=""265820.46""","=""275881.65""","=""2s2.2p2.(3P<1>).5g""","=""2[3]""","=""7/2""","=""2s2.2p2.(1D).4f F""","=""2[3]*""","=""7/2""",,"=""""","=""L6336""",
O,1,"=""993.698""","=""993.6983+""","=""""","=""140""","=""""",,"=""113294.854""","=""123355.512""","=""2s2.2p3.(2D*).3p""","=""3D""","=""2""","=""2s2.2p3.(2D*<3/2>).3d""","=""3P*""","=""1""",,"=""""","=""L3760""",
O,2,"=""993.794""","=""993.794""","=""""","=""6*""","=""""",,"=""275881.65""","=""285941.34""","=""2s2.2p2.(1D).4f F""","=""2[3]*""","=""7/2""","=""2s2.2p2.(1D<2>).5g""","=""2[4]""","=""9/2""",,"=""""","=""L6336""",
O,2,"=""993.794""","=""993.794""","=""""","=""6*""","=""""",,"=""275881.65""","=""285941.34""","=""2s2.2p2.(1D).4f F""","=""2[3]*""","=""7/2""","=""2s2.2p2.(1D<2>).5g""","=""2[4]""","=""7/2""",,"=""""","=""L6336""",
O,2,"=""993.794""","=""993.794""","=""""","=""6*""","=""""",,"=""275881.65""","=""285941.34""","=""2s2.2p2.(1D).4f F""","=""2[3]*""","=""5/2""","=""2s2.2p2.(1D<2>).5g""","=""2[4]""","=""7/2""",,"=""""","=""L6336""",
O,1,"=""994.041""","=""994.0408+""","=""""","=""120""","=""""",,"=""113298.320""","=""123355.512""","=""2s2.2p3.(2D*).3p""","=""3D""","=""1""","=""2s2.2p3.(2D*<3/2>).3d""","=""3P*""","=""1""",,"=""""","=""L3760""",
O,2,"=""995.076""","=""995.081""","=""""","=""5""","=""""",,"=""255977.481""","=""266024.16""","=""2s2.2p2.(3P).4f G""","=""2[5]*""","=""11/2""","=""2s2.2p2.(3P<2>).5g""","=""2[5]""","=""11/2""",,"=""""","=""L6336""",
O,2,"=""995.673""","=""995.686""","=""""","=""5""","=""""",,"=""255983.584""","=""266024.16""","=""2s2.2p2.(3P).4f G""","=""2[5]*""","=""9/2""","=""2s2.2p2.(3P<2>).5g""","=""2[5]""","=""9/2""",,"=""""","=""L6336""",
O,2,"=""995.947""","=""995.946""","=""""","=""11""","=""""",,"=""255756.131""","=""265794.08""","=""2s2.2p2.(3P).4f G""","=""2[3]*""","=""5/2""","=""2s2.2p2.(3P<1>).5g""","=""2[4]""","=""7/2""",,"=""""","=""L6336""",
O,2,"=""996.262""","=""996.263""","=""""","=""12""","=""""",,"=""255759.384""","=""265794.14""","=""2s2.2p2.(3P).4f G""","=""2[3]*""","=""7/2""","=""2s2.2p2.(3P<1>).5g""","=""2[4]""","=""9/2""",,"=""""","=""L6336""",
O,4,"=""""","=""997.969""","=""""","=""""","=""2.04e+05""",C+,"=""596512.4""","=""606530""","=""2s.2p.(3P*).4f""","=""4D""","=""3/2""","=""2p2.(3P).3p""","=""4P*""","=""1/2""",,"=""T5109LS""","=""""",
O,2,"=""998.243""","=""998.243""","=""""","=""14""","=""""",,"=""255977.481""","=""265992.34""","=""2s2.2p2.(3P).4f G""","=""2[5]*""","=""11/2""","=""2s2.2p2.(3P<2>).5g""","=""2[6]""","=""13/2""",,"=""""","=""L6336""",
O,2,"=""""","=""998.246""","=""""","=""""","=""""",,"=""255977.481""","=""265992.31""","=""2s2.2p2.(3P).4f G""","=""2[5]*""","=""11/2""","=""2s2.2p2.(3P<2>).5g""","=""2[6]""","=""11/2""",,"=""""","=""L11267""",
O,4,"=""""","=""998.548""","=""""","=""""","=""2.03e+04""",C+,"=""596566.2""","=""606578""","=""2s.2p.(3P*).4f""","=""4D""","=""1/2""","=""2p2.(3P).3p""","=""4P*""","=""3/2""",,"=""T5109LS""","=""""",
O,2,"=""998.854""","=""998.854""","=""""","=""13""","=""""",,"=""255983.584""","=""265992.31""","=""2s2.2p2.(3P).4f G""","=""2[5]*""","=""9/2""","=""2s2.2p2.(3P<2>).5g""","=""2[6]""","=""11/2""",,"=""""","=""L6336""",
O,2,"=""998.974""","=""998.972""","=""""","=""10""","=""""",,"=""255812.728""","=""265820.27""","=""2s2.2p2.(3P).4f D""","=""2[2]*""","=""3/2""","=""2s2.2p2.(3P<1>).5g""","=""2[3]""","=""5/2""",,"=""""","=""L6336""",
O,2,"=""999.027""","=""999.008""","=""""","=""13bl*""","=""""",,"=""255689.939""","=""265697.13""","=""2s2.2p2.(3P).4f D""","=""2[3]*""","=""5/2""","=""2s2.2p2.(3P<0>).5g""","=""2[4]""","=""7/2""",,"=""""","=""L6336""",
O,2,"=""999.027""","=""999.028""","=""""","=""13bl*""","=""""",,"=""255813.472""","=""265820.46""","=""2s2.2p2.(3P).4f D""","=""2[2]*""","=""5/2""","=""2s2.2p2.(3P<1>).5g""","=""2[3]""","=""7/2""",,"=""""","=""L6336""",
O,2,"=""""","=""999.047""","=""""","=""""","=""""",,"=""255813.472""","=""265820.27""","=""2s2.2p2.(3P).4f D""","=""2[2]*""","=""5/2""","=""2s2.2p2.(3P<1>).5g""","=""2[3]""","=""5/2""",,"=""""","=""L11267""",
O,2,"=""999.144""","=""999.148""","=""""","=""12""","=""""",,"=""255691.346""","=""265697.13""","=""2s2.2p2.(3P).4f D""","=""2[3]*""","=""7/2""","=""2s2.2p2.(3P<0>).5g""","=""2[4]""","=""9/2""",,"=""""","=""L6336""",
O,1,"=""999.531""","=""999.5299+""","=""""","=""160""","=""""",,"=""113294.816""","=""123296.777""","=""2s2.2p3.(2D*).3p""","=""3D""","=""3""","=""2s2.2p3.(2D*<3/2>).3d""","=""3P*""","=""2""",,"=""""","=""L3760""",
O,2,"=""1000.889""","=""1000.887""","=""""","=""14""","=""""",,"=""255827.657""","=""265816.06""","=""2s2.2p2.(3P).4f G""","=""2[4]*""","=""9/2""","=""2s2.2p2.(3P<1>).5g""","=""2[5]""","=""11/2""",,"=""""","=""L6336""",
O,2,"=""1001.087""","=""1001.087""","=""""","=""13""","=""""",,"=""255829.58""","=""265815.98""","=""2s2.2p2.(3P).4f G""","=""2[4]*""","=""7/2""","=""2s2.2p2.(3P<1>).5g""","=""2[5]""","=""9/2""",,"=""""","=""L6336""",
O,2,"=""""","=""1001.243""","=""""","=""""","=""8.19e+06""",C,"=""248426.41""","=""258411.26""","=""2s2.2p2.(3P).4p""","=""2P*""","=""1/2""","=""2s2.2p2.(3P).5s""","=""2P""","=""1/2""",,"=""T5723LS""","=""""",
O,2,"=""1003.289""","=""1003.288""","=""""","=""4""","=""""",,"=""255829.58""","=""265794.08""","=""2s2.2p2.(3P).4f G""","=""2[4]*""","=""7/2""","=""2s2.2p2.(3P<1>).5g""","=""2[4]""","=""7/2""",,"=""""","=""L6336""",
O,4,"=""""","=""1003.36""","=""""","=""""","=""2.00e+05""",C+,"=""596566.2""","=""606530""","=""2s.2p.(3P*).4f""","=""4D""","=""1/2""","=""2p2.(3P).3p""","=""4P*""","=""1/2""",,"=""T5109LS""","=""""",
O,2,"=""1005.654""","=""1005.659""","=""""","=""4""","=""""",,"=""255756.131""","=""265697.13""","=""2s2.2p2.(3P).4f G""","=""2[3]*""","=""5/2""","=""2s2.2p2.(3P<0>).5g""","=""2[4]""","=""7/2""",,"=""""","=""L6336""",
O,2,"=""1006.008""","=""1005.989""","=""""","=""4""","=""""",,"=""255759.384""","=""265697.13""","=""2s2.2p2.(3P).4f G""","=""2[3]*""","=""7/2""","=""2s2.2p2.(3P<0>).5g""","=""2[4]""","=""9/2""",,"=""""","=""L6336""",
O,2,"=""1007.380""","=""1007.382""","=""""","=""10""","=""""",,"=""256083.604""","=""266007.60""","=""2s2.2p2.(3P).4f F""","=""2[2]*""","=""3/2""","=""2s2.2p2.(3P<2>).5g""","=""2[3]""","=""5/2""",,"=""""","=""L6336""",
O,2,"=""1007.795""","=""1007.791""","=""""","=""11""","=""""",,"=""256087.746""","=""266007.72""","=""2s2.2p2.(3P).4f F""","=""2[2]*""","=""5/2""","=""2s2.2p2.(3P<2>).5g""","=""2[3]""","=""7/2""",,"=""""","=""L6336""",
O,2,"=""""","=""1007.803""","=""""","=""""","=""""",,"=""256087.746""","=""266007.60""","=""2s2.2p2.(3P).4f F""","=""2[2]*""","=""5/2""","=""2s2.2p2.(3P<2>).5g""","=""2[3]""","=""5/2""",,"=""""","=""L11267""",
O,2,"=""1009.748""","=""1009.729""","=""""","=""4""","=""""",,"=""256123.231""","=""266024.16""","=""2s2.2p2.(3P).4f F""","=""2[3]*""","=""7/2""","=""2s2.2p2.(3P<2>).5g""","=""2[5]""","=""9/2""",,"=""""","=""L6336""",
O,2,"=""1009.858""","=""1009.858""","=""""","=""11""","=""""",,"=""256123.231""","=""266022.90""","=""2s2.2p2.(3P).4f F""","=""2[3]*""","=""7/2""","=""2s2.2p2.(3P<2>).5g""","=""2[4]""","=""9/2""",,"=""""","=""L6336""",
O,2,"=""1010.119""","=""1010.119""","=""""","=""11""","=""""",,"=""256125.785""","=""266022.90""","=""2s2.2p2.(3P).4f F""","=""2[3]*""","=""5/2""","=""2s2.2p2.(3P<2>).5g""","=""2[4]""","=""7/2""",,"=""""","=""L6336""",
O,2,"=""1010.172""","=""1010.181""","=""""","=""3""","=""""",,"=""256083.604""","=""265980.11""","=""2s2.2p2.(3P).4f F""","=""2[2]*""","=""3/2""","=""2s2.2p2.(3P<2>).5g""","=""2[2]""","=""5/2""",,"=""""","=""L6336""",
O,2,"=""""","=""1010.236""","=""""","=""""","=""3.99e+06""",C,"=""248515.30""","=""258411.26""","=""2s2.2p2.(3P).4p""","=""2P*""","=""3/2""","=""2s2.2p2.(3P).5s""","=""2P""","=""1/2""",,"=""T5723LS""","=""""",
O,2,"=""1010.610""","=""1010.604""","=""""","=""4""","=""""",,"=""256087.746""","=""265980.11""","=""2s2.2p2.(3P).4f F""","=""2[2]*""","=""5/2""","=""2s2.2p2.(3P<2>).5g""","=""2[2]""","=""5/2""",,"=""""","=""L6336""",
O,2,"=""1010.763""","=""1010.758""","=""""","=""10*""","=""""",,"=""276109.46""","=""286000.31""","=""2s2.2p2.(1D).4f H""","=""2[5]*""","=""9/2""","=""2s2.2p2.(1D<2>).5g""","=""2[6]""","=""11/2""",,"=""""","=""L6336""",
O,2,"=""1010.763""","=""1010.767""","=""""","=""10*""","=""""",,"=""276109.54""","=""286000.31""","=""2s2.2p2.(1D).4f H""","=""2[5]*""","=""11/2""","=""2s2.2p2.(1D<2>).5g""","=""2[6]""","=""13/2""",,"=""""","=""L6336""",
O,2,"=""1010.763""","=""1010.767""","=""""","=""10*""","=""""",,"=""276109.54""","=""286000.31""","=""2s2.2p2.(1D).4f H""","=""2[5]*""","=""11/2""","=""2s2.2p2.(1D<2>).5g""","=""2[6]""","=""11/2""",,"=""""","=""L6336""",
O,2,"=""1011.037""","=""1011.037""","=""""","=""13""","=""""",,"=""256136.036""","=""266024.16""","=""2s2.2p2.(3P).4f F""","=""2[4]*""","=""9/2""","=""2s2.2p2.(3P<2>).5g""","=""2[5]""","=""11/2""",,"=""""","=""L6336""",
O,2,"=""1011.399""","=""1011.409""","=""""","=""4""","=""""",,"=""256123.231""","=""266007.72""","=""2s2.2p2.(3P).4f F""","=""2[3]*""","=""7/2""","=""2s2.2p2.(3P<2>).5g""","=""2[3]""","=""7/2""",,"=""""","=""L6336""",
O,2,"=""1011.690""","=""1011.683""","=""""","=""4""","=""""",,"=""256125.785""","=""266007.60""","=""2s2.2p2.(3P).4f F""","=""2[3]*""","=""5/2""","=""2s2.2p2.(3P<2>).5g""","=""2[3]""","=""5/2""",,"=""""","=""L6336""",
O,2,"=""1011.770""","=""1011.769""","=""""","=""11""","=""""",,"=""256143.187""","=""266024.16""","=""2s2.2p2.(3P).4f F""","=""2[4]*""","=""7/2""","=""2s2.2p2.(3P<2>).5g""","=""2[5]""","=""9/2""",,"=""""","=""L6336""",
O,3,"=""""","=""1011.874""","=""""","=""""","=""3.37e+07""",B,"=""370902.22""","=""380782.17""","=""2s2.2p.(2P*).4p""","=""1D""","=""2""","=""2s2.2p.(2P*).4d""","=""1F*""","=""3""",,"=""T5376""","=""""",
O,2,"=""1011.895""","=""1011.898""","=""""","=""4""","=""""",,"=""256143.187""","=""266022.90""","=""2s2.2p2.(3P).4f F""","=""2[4]*""","=""7/2""","=""2s2.2p2.(3P<2>).5g""","=""2[4]""","=""7/2""",,"=""""","=""L6336""",
O,1,"=""""","=""1016.7256""","=""""","=""""","=""3.61e+02""",C,"=""76794.978""","=""86627.778""","=""2s2.2p3.(4S*).3s""","=""3S*""","=""1""","=""2s2.2p3.(4S*).3p""","=""5P""","=""2""",,"=""T5986""","=""""",
O,2,"=""1016.756""","=""1016.759""","=""""","=""4""","=""""",,"=""255983.584""","=""265816.06""","=""2s2.2p2.(3P).4f G""","=""2[5]*""","=""9/2""","=""2s2.2p2.(3P<1>).5g""","=""2[5]""","=""11/2""",,"=""""","=""L6336""",
O,1,"=""""","=""1016.9346""","=""""","=""""","=""1.97e+02""",C,"=""76794.978""","=""86625.757""","=""2s2.2p3.(4S*).3s""","=""3S*""","=""1""","=""2s2.2p3.(4S*).3p""","=""5P""","=""1""",,"=""T5986""","=""""",
O,3,"=""""","=""1025.134""","=""""","=""""","=""1.15e+07""",C+,"=""356736.30""","=""366488.45""","=""2s2.2p.(2P*).4s""","=""3P*""","=""0""","=""2s2.2p.(2P*).4p""","=""3D""","=""1""",,"=""T5376LS""","=""""",
O,3,"=""""","=""1025.278""","=""""","=""""","=""1.55e+07""",C+,"=""356844.98""","=""366595.76""","=""2s2.2p.(2P*).4s""","=""3P*""","=""1""","=""2s2.2p.(2P*).4p""","=""3D""","=""2""",,"=""T5376LS""","=""""",
O,2,"=""1026.760""","=""1026.764""","=""""","=""4""","=""""",,"=""256083.604""","=""265820.27""","=""2s2.2p2.(3P).4f F""","=""2[2]*""","=""3/2""","=""2s2.2p2.(3P<1>).5g""","=""2[3]""","=""5/2""",,"=""""","=""L6336""",
O,2,"=""1027.185""","=""1027.181""","=""""","=""5""","=""""",,"=""256087.746""","=""265820.46""","=""2s2.2p2.(3P).4f F""","=""2[2]*""","=""5/2""","=""2s2.2p2.(3P<1>).5g""","=""2[3]""","=""7/2""",,"=""""","=""L6336""",
O,3,"=""""","=""1032.177""","=""""","=""""","=""2.03e+07""",C+,"=""357117.01""","=""366802.62""","=""2s2.2p.(2P*).4s""","=""3P*""","=""2""","=""2s2.2p.(2P*).4p""","=""3D""","=""3""",,"=""T5376LS""","=""""",
O,2,"=""1032.766""","=""1032.772""","=""""","=""3""","=""""",,"=""256136.036""","=""265816.06""","=""2s2.2p2.(3P).4f F""","=""2[4]*""","=""9/2""","=""2s2.2p2.(3P<1>).5g""","=""2[5]""","=""11/2""",,"=""""","=""L6336""",
O,3,"=""""","=""1036.687""","=""""","=""""","=""8.34e+06""",C+,"=""356844.98""","=""366488.45""","=""2s2.2p.(2P*).4s""","=""3P*""","=""1""","=""2s2.2p.(2P*).4p""","=""3D""","=""1""",,"=""T5376LS""","=""""",
O,1,"=""1042.118""","=""1042.1177+""","=""""","=""120bl""","=""""",,"=""113204.445""","=""122797.661""","=""2s2.2p3.(2D*).3p""","=""1P""","=""1""","=""2s2.2p3.(2D*<3/2>).4s""","=""1D*""","=""2""",,"=""""","=""L3760""",
O,2,"=""1044.222""","=""1044.220""","=""""","=""3""","=""""",,"=""256123.231""","=""265697.13""","=""2s2.2p2.(3P).4f F""","=""2[3]*""","=""7/2""","=""2s2.2p2.(3P<0>).5g""","=""2[4]""","=""9/2""",,"=""""","=""L6336""",
O,2,"=""1044.507""","=""1044.499""","=""""","=""3""","=""""",,"=""256125.785""","=""265697.13""","=""2s2.2p2.(3P).4f F""","=""2[3]*""","=""5/2""","=""2s2.2p2.(3P<0>).5g""","=""2[4]""","=""7/2""",,"=""""","=""L6336""",
O,3,"=""""","=""1054.702""","=""""","=""""","=""4.75e+06""",C+,"=""357117.01""","=""366595.76""","=""2s2.2p.(2P*).4s""","=""3P*""","=""2""","=""2s2.2p.(2P*).4p""","=""3D""","=""2""",,"=""T5376LS""","=""""",
O,2,"=""""","=""1064.137""","=""""","=""""","=""1.91e+05""",D,"=""245768.37""","=""255163.08""","=""2s2.2p2.(3P).4p""","=""4D*""","=""1/2""","=""2s2.2p2.(3P).4d""","=""4P""","=""1/2""",,"=""T5723LS""","=""""",
O,2,"=""""","=""1066.484""","=""""","=""""","=""1.89e+04""",D,"=""245768.37""","=""255142.41""","=""2s2.2p2.(3P).4p""","=""4D*""","=""1/2""","=""2s2.2p2.(3P).4d""","=""4P""","=""3/2""",,"=""T5723LS""","=""""",
O,3,"=""""","=""1066.780""","=""""","=""""","=""5.10e+05""",C+,"=""357117.01""","=""366488.45""","=""2s2.2p.(2P*).4s""","=""3P*""","=""2""","=""2s2.2p.(2P*).4p""","=""3D""","=""1""",,"=""T5376LS""","=""""",
O,1,"=""""","=""1067.5668""","=""""","=""""","=""2.37e+06""",C+,"=""97420.630""","=""106785.160""","=""2s2.2p3.(4S*).3d""","=""5D*""","=""4""","=""2s2.2p3.(4S*).6f""","=""5F""","=""5""",,"=""T5713LS""","=""""",
O,1,"=""""","=""1067.5668""","=""""","=""""","=""3.95e+05""",C+,"=""97420.630""","=""106785.160""","=""2s2.2p3.(4S*).3d""","=""5D*""","=""4""","=""2s2.2p3.(4S*).6f""","=""5F""","=""4""",,"=""T5713LS""","=""""",
O,1,"=""""","=""1067.5668""","=""""","=""""","=""3.39e+04""",C+,"=""97420.630""","=""106785.160""","=""2s2.2p3.(4S*).3d""","=""5D*""","=""4""","=""2s2.2p3.(4S*).6f""","=""5F""","=""3""",,"=""T5713LS""","=""""",
O,1,"=""""","=""1067.5766""","=""""","=""""","=""1.98e+06""",C+,"=""97420.716""","=""106785.160""","=""2s2.2p3.(4S*).3d""","=""5D*""","=""3""","=""2s2.2p3.(4S*).6f""","=""5F""","=""4""",,"=""T5713LS""","=""""",
O,1,"=""""","=""1067.5766""","=""""","=""""","=""7.12e+05""",C+,"=""97420.716""","=""106785.160""","=""2s2.2p3.(4S*).3d""","=""5D*""","=""3""","=""2s2.2p3.(4S*).6f""","=""5F""","=""3""",,"=""T5713LS""","=""""",
O,1,"=""""","=""1067.5766""","=""""","=""""","=""9.49e+04""",C+,"=""97420.716""","=""106785.160""","=""2s2.2p3.(4S*).3d""","=""5D*""","=""3""","=""2s2.2p3.(4S*).6f""","=""5F""","=""2""",,"=""T5713LS""","=""""",
O,1,"=""""","=""1067.5906""","=""""","=""""","=""1.63e+06""",C+,"=""97420.839""","=""106785.160""","=""2s2.2p3.(4S*).3d""","=""5D*""","=""2""","=""2s2.2p3.(4S*).6f""","=""5F""","=""3""",,"=""T5713LS""","=""""",
O,1,"=""""","=""1067.5906""","=""""","=""""","=""9.49e+05""",C+,"=""97420.839""","=""106785.160""","=""2s2.2p3.(4S*).3d""","=""5D*""","=""2""","=""2s2.2p3.(4S*).6f""","=""5F""","=""2""",,"=""T5713LS""","=""""",
O,1,"=""""","=""1067.5906""","=""""","=""""","=""1.58e+05""",C+,"=""97420.839""","=""106785.160""","=""2s2.2p3.(4S*).3d""","=""5D*""","=""2""","=""2s2.2p3.(4S*).6f""","=""5F""","=""1""",,"=""T5713LS""","=""""",
O,1,"=""""","=""1067.6023""","=""""","=""""","=""1.33e+06""",C+,"=""97420.942""","=""106785.160""","=""2s2.2p3.(4S*).3d""","=""5D*""","=""1""","=""2s2.2p3.(4S*).6f""","=""5F""","=""2""",,"=""T5713LS""","=""""",
O,1,"=""""","=""1067.6023""","=""""","=""""","=""1.11e+06""",C+,"=""97420.942""","=""106785.160""","=""2s2.2p3.(4S*).3d""","=""5D*""","=""1""","=""2s2.2p3.(4S*).6f""","=""5F""","=""1""",,"=""T5713LS""","=""""",
O,1,"=""""","=""1067.6079""","=""""","=""""","=""1.11e+06""",C+,"=""97420.991""","=""106785.160""","=""2s2.2p3.(4S*).3d""","=""5D*""","=""0""","=""2s2.2p3.(4S*).6f""","=""5F""","=""1""",,"=""T5713LS""","=""""",
O,2,"=""""","=""1069.640""","=""""","=""""","=""1.88e+05""",D,"=""245816.70""","=""255163.08""","=""2s2.2p2.(3P).4p""","=""4D*""","=""3/2""","=""2s2.2p2.(3P).4d""","=""4P""","=""1/2""",,"=""T5723LS""","=""""",
O,2,"=""""","=""1072.011""","=""""","=""""","=""1.19e+05""",D,"=""245816.70""","=""255142.41""","=""2s2.2p2.(3P).4p""","=""4D*""","=""3/2""","=""2s2.2p2.(3P).4d""","=""4P""","=""3/2""",,"=""T5723LS""","=""""",
O,1,"=""""","=""1075.3417""","=""""","=""""","=""1.91e+06""",C+,"=""97488.378""","=""106785.201""","=""2s2.2p3.(4S*).3d""","=""3D*""","=""1""","=""2s2.2p3.(4S*).6f""","=""3F""","=""2""",,"=""T5713LS""","=""""",
O,1,"=""""","=""1075.3498""","=""""","=""""","=""2.02e+06""",C+,"=""97488.448""","=""106785.201""","=""2s2.2p3.(4S*).3d""","=""3D*""","=""2""","=""2s2.2p3.(4S*).6f""","=""3F""","=""3""",,"=""T5713LS""","=""""",
O,1,"=""""","=""1075.3498""","=""""","=""""","=""3.55e+05""",C+,"=""97488.448""","=""106785.201""","=""2s2.2p3.(4S*).3d""","=""3D*""","=""2""","=""2s2.2p3.(4S*).6f""","=""3F""","=""2""",,"=""T5713LS""","=""""",
O,1,"=""""","=""1075.3602""","=""""","=""""","=""2.28e+06""",C+,"=""97488.538""","=""106785.201""","=""2s2.2p3.(4S*).3d""","=""3D*""","=""3""","=""2s2.2p3.(4S*).6f""","=""3F""","=""4""",,"=""T5713LS""","=""""",
O,1,"=""""","=""1075.3602""","=""""","=""""","=""2.54e+05""",C+,"=""97488.538""","=""106785.201""","=""2s2.2p3.(4S*).3d""","=""3D*""","=""3""","=""2s2.2p3.(4S*).6f""","=""3F""","=""3""",,"=""T5713LS""","=""""",
O,1,"=""""","=""1075.3602""","=""""","=""""","=""1.00e+04""",C+,"=""97488.538""","=""106785.201""","=""2s2.2p3.(4S*).3d""","=""3D*""","=""3""","=""2s2.2p3.(4S*).6f""","=""3F""","=""2""",,"=""T5713LS""","=""""",
O,2,"=""""","=""1076.327""","=""""","=""""","=""7.37e+03""",D,"=""245816.70""","=""255105.01""","=""2s2.2p2.(3P).4p""","=""4D*""","=""3/2""","=""2s2.2p2.(3P).4d""","=""4P""","=""5/2""",,"=""T5723LS""","=""""",
O,2,"=""""","=""1082.050""","=""""","=""""","=""2.29e+05""",D,"=""245903.224""","=""255142.41""","=""2s2.2p2.(3P).4p""","=""4D*""","=""5/2""","=""2s2.2p2.(3P).4d""","=""4P""","=""3/2""",,"=""T5723LS""","=""""",
O,2,"=""""","=""1086.448""","=""""","=""""","=""6.45e+04""",D,"=""245903.224""","=""255105.01""","=""2s2.2p2.(3P).4p""","=""4D*""","=""5/2""","=""2s2.2p2.(3P).4d""","=""4P""","=""5/2""",,"=""T5723LS""","=""""",
O,4,"=""""","=""1090.57""","=""""","=""""","=""1.92e+05""",B,"=""584541""","=""593708""","=""2s.2p.(3P*).4p""","=""2D""","=""3/2""","=""2s.2p.(3P*).4d""","=""2D*""","=""5/2""",,"=""T5109LS""","=""""",
O,4,"=""""","=""1100.29""","=""""","=""""","=""2.53e+06""",B,"=""584541""","=""593627""","=""2s.2p.(3P*).4p""","=""2D""","=""3/2""","=""2s.2p.(3P*).4d""","=""2D*""","=""3/2""",,"=""T5109LS""","=""""",
O,2,"=""""","=""1101.540""","=""""","=""""","=""2.75e+05""",D,"=""246029.295""","=""255105.01""","=""2s2.2p2.(3P).4p""","=""4D*""","=""7/2""","=""2s2.2p2.(3P).4d""","=""4P""","=""5/2""",,"=""T5723LS""","=""""",
O,1,"=""""","=""1109.1892""","=""""","=""""","=""2.87e+05""",C+,"=""99092.968""","=""108106.094""","=""2s2.2p3.(4S*).4p""","=""5P""","=""1""","=""2s2.2p3.(4S*).8d""","=""5D*""","=""0""",,"=""T5713LS""","=""""",
O,1,"=""""","=""1109.1896""","=""""","=""""","=""2.15e+05""",C+,"=""99092.968""","=""108106.091""","=""2s2.2p3.(4S*).4p""","=""5P""","=""1""","=""2s2.2p3.(4S*).8d""","=""5D*""","=""1""",,"=""T5713LS""","=""""",
O,1,"=""""","=""1109.1903""","=""""","=""""","=""1.00e+05""",C+,"=""99092.968""","=""108106.085""","=""2s2.2p3.(4S*).4p""","=""5P""","=""1""","=""2s2.2p3.(4S*).8d""","=""5D*""","=""2""",,"=""T5713LS""","=""""",
O,1,"=""""","=""1109.2724""","=""""","=""""","=""7.17e+04""",C+,"=""99093.641""","=""108106.091""","=""2s2.2p3.(4S*).4p""","=""5P""","=""2""","=""2s2.2p3.(4S*).8d""","=""5D*""","=""1""",,"=""T5713LS""","=""""",
O,1,"=""""","=""1109.2732""","=""""","=""""","=""1.67e+05""",C+,"=""99093.641""","=""108106.085""","=""2s2.2p3.(4S*).4p""","=""5P""","=""2""","=""2s2.2p3.(4S*).8d""","=""5D*""","=""2""",,"=""T5713LS""","=""""",
O,1,"=""""","=""1109.2741""","=""""","=""""","=""1.91e+05""",C+,"=""99093.641""","=""108106.077""","=""2s2.2p3.(4S*).4p""","=""5P""","=""2""","=""2s2.2p3.(4S*).8d""","=""5D*""","=""3""",,"=""T5713LS""","=""""",
O,1,"=""""","=""1109.4204""","=""""","=""""","=""1.91e+04""",C+,"=""99094.837""","=""108106.085""","=""2s2.2p3.(4S*).4p""","=""5P""","=""3""","=""2s2.2p3.(4S*).8d""","=""5D*""","=""2""",,"=""T5713LS""","=""""",
O,1,"=""""","=""1109.4214""","=""""","=""""","=""9.55e+04""",C+,"=""99094.837""","=""108106.077""","=""2s2.2p3.(4S*).4p""","=""5P""","=""3""","=""2s2.2p3.(4S*).8d""","=""5D*""","=""3""",,"=""T5713LS""","=""""",
O,1,"=""""","=""1109.4220""","=""""","=""""","=""2.87e+05""",C+,"=""99094.837""","=""108106.072""","=""2s2.2p3.(4S*).4p""","=""5P""","=""3""","=""2s2.2p3.(4S*).8d""","=""5D*""","=""4""",,"=""T5713LS""","=""""",
